,0,1,2,3,4,5,6,7,8,9,10,11,12,13,14,15,16,17,18,19,20,21,22,23,24,25,26,27,28,29,30,31,32,33,34,35,36,37,38,39,40,41,42,43,44,45,46,47,48,49,50,51,52,53,54,55,56,57,58,59,60,61,62,63,64,65,66,67,68,69,70,71,72,73,74,75,76,77,78,79,80,81,82,83,84,85,86,87,88,89,90,91,92,93,94,95,96,97,98,99,100,101,102,103,104,105,106,107,108,109,110,111,112,113,114,115,116,117,118,119,120,121,122,123,124,125,126,127,128,129,130,131,132,133,134,135,136,137,138,139,140,141,142,143,144,145,146,147,148,149,150,151,152,153,154,155,156,157,158,159,160,161,162,163,164,165,166,167,168,169,170,171,172,173,174,175,176,177,178,179,180,181,182,183,184,185,186,187,188,189,190,191,192,193,194,195,196,197,198,199
Er,0.06504517048597336,0.6547910571098328,0.34041982889175415,0.4351712465286255,-0.3626730442047119,-0.12568826973438263,0.9085426330566406,-0.4610190987586975,-0.443717360496521,0.5176309943199158,0.1752641499042511,-0.3412776589393616,0.2650458514690399,-0.06089610233902931,-0.44971194863319397,0.040485747158527374,0.0571560263633728,-0.2784564793109894,0.05322343111038208,0.14459487795829773,-0.09188836067914963,0.23078711330890656,-0.9069175720214844,0.6718072295188904,0.17025215923786163,-0.33565109968185425,0.05047047883272171,0.023079581558704376,0.07366696000099182,0.5025606155395508,0.42495647072792053,-0.3147408366203308,-0.06984108686447144,0.0022206094581633806,0.06692240387201309,-0.17504456639289856,0.3792911469936371,0.45855912566185,-0.26363465189933777,0.045127589255571365,0.6404435038566589,-0.5045711994171143,0.10995495319366455,0.40872275829315186,-0.21146966516971588,0.23083540797233582,-0.2962738275527954,0.48442530632019043,-0.7608510255813599,0.10109777748584747,0.29195037484169006,-0.2327699512243271,0.22736826539039612,0.168991357088089,-0.147361159324646,-0.2922631800174713,0.1458386778831482,-0.6193690896034241,0.12241239845752716,-0.24993494153022766,-0.18873603641986847,-0.0078095304779708385,-0.008336666971445084,-0.16603977978229523,-0.411444753408432,-0.06493261456489563,-0.40532147884368896,-0.14252790808677673,-0.2857130765914917,0.742185115814209,0.09769356995820999,0.44482797384262085,-0.6768763661384583,0.03240777924656868,0.6786312460899353,-0.043707285076379776,-0.21908201277256012,-0.5136749148368835,0.42293599247932434,-0.020782142877578735,0.2950868308544159,0.30170938372612,0.12662041187286377,0.18290206789970398,-0.06946587562561035,0.05253046751022339,-0.12228518724441528,0.15484130382537842,0.7265685200691223,0.04938650131225586,0.21468576788902283,0.09351056814193726,-0.07487891614437103,0.04153158888220787,-0.2200598418712616,0.37250491976737976,-0.26651978492736816,0.19600898027420044,-0.03546503931283951,-0.16029340028762817,-0.5159375071525574,0.35907211899757385,0.14757543802261353,0.5004920959472656,0.020514169707894325,-0.1785377413034439,-0.5430833697319031,0.5638746619224548,-0.13620929419994354,0.19445490837097168,0.03784695267677307,-0.3134143650531769,-0.5659366846084595,0.7687628269195557,0.14588762819766998,-0.14982347190380096,-0.3139539361000061,0.21202103793621063,-0.14036841690540314,-0.5236648917198181,-0.05016382411122322,-0.5579309463500977,-0.5902343392372131,-0.46557295322418213,-0.10721041262149811,-0.054816488176584244,0.24785417318344116,-0.27001965045928955,0.3154858946800232,-0.04248373210430145,0.5856327414512634,0.07533258199691772,0.323416143655777,0.46656087040901184,0.20133227109909058,-0.22719956934452057,0.18285603821277618,0.21429330110549927,0.30221039056777954,0.014337006025016308,-0.4783719480037689,-0.26740431785583496,0.28166818618774414,-0.25011497735977173,-0.38279491662979126,-0.016492705792188644,-0.2511439919471741,0.07875365763902664,0.016388757154345512,0.6659482717514038,-0.014995993115007877,0.15654124319553375,0.1335563063621521,0.2408912181854248,0.33087265491485596,-0.0901537835597992,0.047918085008859634,0.01335216499865055,0.12345203757286072,0.15788082778453827,-0.46487972140312195,-0.26244568824768066,0.2351352870464325,0.22660371661186218,0.5870679616928101,0.08199669420719147,-0.18113747239112854,0.2603220045566559,-0.012058036401867867,-0.0014422086533159018,-0.20494842529296875,-0.08798582851886749,-0.016759658232331276,-0.11080487072467804,-0.002711407607421279,-0.15514199435710907,0.47655320167541504,0.5209431648254395,-0.06326180696487427,-0.28026360273361206,0.21220903098583221,-0.20207200944423676,0.4310636520385742,-0.26811909675598145,0.14821340143680573,-0.06596917659044266,-0.3714699149131775,-0.38709381222724915,-0.04699590429663658,-0.25503385066986084,-0.1913832575082779,-0.7193549871444702,0.3135257065296173,-0.2660997807979584,-0.004073943477123976,-0.14454805850982666,0.28659436106681824,-0.1716947853565216,0.138748437166214,0.16690593957901
Fe,0.08111172914505005,0.2964322865009308,-0.11630307883024216,0.11158166825771332,-0.3889037072658539,-0.06568679958581924,0.11938533931970596,-0.2015032321214676,-0.2665131986141205,0.12933827936649323,0.6096286773681641,-0.16945138573646545,0.29708364605903625,-0.3333847224712372,-0.05606847256422043,0.2584626376628876,-0.04710572585463524,-0.033552221953868866,0.006551824044436216,0.14703179895877838,0.02956356666982174,0.15055987238883972,-0.5631608963012695,0.0977330282330513,-0.021609965711832047,0.10501956194639206,-0.20123355090618134,0.015158805064857006,-0.005839393008500338,0.06899209320545197,0.14561326801776886,-0.1384320706129074,0.2593325078487396,0.12870997190475464,0.2138950377702713,0.0616142675280571,-0.07653621584177017,-0.23186945915222168,0.20356419682502747,-0.44114768505096436,0.3142646551132202,-0.35307633876800537,-0.11532175540924072,0.05493750050663948,-0.30913007259368896,0.04310781881213188,0.24829670786857605,0.1563788503408432,-0.46368709206581116,0.1665164828300476,0.18144491314888,-0.24811668694019318,0.42749664187431335,-0.13276179134845734,0.1630542278289795,0.013128580525517464,0.28475886583328247,-0.02874542586505413,0.19621896743774414,-0.19610129296779633,0.11301760375499725,-0.055336844176054,0.1841025948524475,-0.1431516408920288,0.0034107130486518145,0.022372467443346977,0.084177665412426,-0.3386419713497162,-0.4761834740638733,0.256833553314209,0.5663310289382935,0.0750444307923317,-0.04736730083823204,0.04029013589024544,-0.31870144605636597,0.12301278859376907,-0.5237889885902405,-0.2111416608095169,-0.36962059140205383,0.12805931270122528,0.28820931911468506,0.2215459793806076,0.2688531279563904,0.1421155482530594,0.11146718263626099,-0.05713589861989021,-0.08734550327062607,0.3257087767124176,0.4363144636154175,0.003642257070168853,-0.04238427057862282,-0.1719960868358612,0.1227235496044159,0.15481433272361755,-0.3459315598011017,0.2830567955970764,-0.5132973790168762,0.5835224986076355,0.11435181647539139,0.514629065990448,-0.1921459585428238,0.10332407802343369,0.24224033951759338,0.3309348523616791,-0.417664110660553,0.06016227602958679,-0.21568891406059265,0.23336942493915558,0.10397548228502274,-0.1336398720741272,-0.058866750448942184,0.12589730322360992,-0.2457401156425476,0.2542438805103302,-0.17503857612609863,0.22443178296089172,0.33769306540489197,0.2121787965297699,0.34061914682388306,-0.3668818175792694,-0.09828180074691772,-0.5443203449249268,-0.08735497295856476,-0.528721034526825,0.22014863789081573,0.11997190117835999,0.21244578063488007,-0.45401108264923096,0.06585127115249634,0.39541009068489075,0.03427039831876755,-0.08977637439966202,-0.2555523216724396,0.15528854727745056,0.03072059154510498,-0.20724643766880035,0.38588130474090576,-0.009139659814536572,0.37914320826530457,0.22810450196266174,-0.1814267635345459,0.048463914543390274,-0.19568638503551483,0.02109200321137905,-0.09561285376548767,0.03515588119626045,0.16591359674930573,-0.22158271074295044,0.2612554728984833,-0.014125805348157883,-0.207070991396904,-0.07248599827289581,-0.13203389942646027,0.1618313491344452,0.11868184804916382,-0.36861422657966614,0.12095469981431961,-0.08694591373205185,0.2378264218568802,0.30667197704315186,-0.3053337633609772,0.25174853205680847,-0.0504276379942894,0.036025647073984146,-0.13014186918735504,0.1965487003326416,0.20536193251609802,0.26720795035362244,0.07474606484174728,0.03907070681452751,-0.09304202347993851,-0.18651431798934937,0.060910824686288834,-0.28377410769462585,0.2116604447364807,0.14291627705097198,0.21119502186775208,0.17014816403388977,-0.37052178382873535,-0.4704148769378662,-0.04724981635808945,0.12561720609664917,-0.12933360040187836,-0.24647675454616547,0.09876783192157745,0.08830255270004272,0.40410035848617554,-0.02535390481352806,0.0002803087409120053,-0.07496540248394012,0.21903854608535767,-0.3681034743785858,0.24847793579101562,0.04710742086172104,0.09036624431610107,0.04272858053445816,0.020120956003665924,0.1460845172405243,0.07673630118370056,-0.09447795152664185
Al,-0.06178643926978111,0.01656583696603775,-0.014509382657706738,0.12404704093933105,-0.40839099884033203,-0.07158655673265457,0.18137413263320923,-0.20528995990753174,-0.4218972325325012,0.11362220346927643,0.475859135389328,-0.3922122120857239,0.054149776697158813,-0.10178982466459274,0.15337809920310974,0.00977072212845087,-0.1895248144865036,0.006014096550643444,-0.14724278450012207,0.3975360691547394,0.16034142673015594,-0.1478610783815384,-0.35394230484962463,-0.1896529644727707,0.2680326998233795,-0.1408730000257492,-0.4804401099681854,0.26640668511390686,-0.21455545723438263,0.05720153823494911,0.19784697890281677,0.2669841945171356,0.017972787842154503,0.17460045218467712,0.028583578765392303,-0.03077486902475357,-0.07797663658857346,-0.005902154371142387,0.16417106986045837,-0.30663618445396423,-0.019979417324066162,-0.1298362761735916,-0.009248967282474041,-0.03834972158074379,0.03518648445606232,0.3160453736782074,-0.03208383917808533,0.2703257203102112,-0.9013928771018982,0.25979238748550415,-0.015539218671619892,0.022239919751882553,0.2935592532157898,-0.07381810992956161,0.27924489974975586,0.28665125370025635,0.17757992446422577,-0.4199889004230499,-0.1313139796257019,-0.15811140835285187,0.13586321473121643,0.152686208486557,-0.38636326789855957,-0.10742486268281937,-0.3743695318698883,-0.05896458402276039,0.06169071048498154,-0.011169744655489922,-0.4227764904499054,0.4892916977405548,0.2625500559806824,0.08107445389032364,-0.1005299985408783,-0.04380947723984718,-0.1889481246471405,-0.1804271638393402,-0.331366628408432,-0.22468186914920807,-0.03426910936832428,0.25655660033226013,0.22490693628787994,0.07231814414262772,0.02891847863793373,0.5432719588279724,0.08842512220144272,0.02491013891994953,-0.03259337693452835,0.13324964046478271,0.3855936527252197,0.12567442655563354,-0.09497388452291489,-0.22932906448841095,0.2883162498474121,0.03882425278425217,-0.20368559658527374,0.416788786649704,-0.18744710087776184,0.12747879326343536,-0.07731766998767853,0.26589348912239075,-0.21240928769111633,0.32001128792762756,-0.0763736367225647,0.28196680545806885,-0.6145639419555664,0.23144416511058807,-0.40561312437057495,0.3988128900527954,-0.10799641162157059,-0.22304099798202515,0.11538396775722504,0.005223678424954414,-0.41977885365486145,0.09827731549739838,-0.16129659116268158,0.0416979156434536,0.04025362432003021,0.21175864338874817,-0.06935791671276093,-0.3974061906337738,0.21449966728687286,-0.4267967641353607,0.1462167203426361,-0.6040434837341309,-0.11139131337404251,0.3890012204647064,0.22870077192783356,-0.21040333807468414,0.24042241275310516,0.41439157724380493,-0.08663181215524673,-0.18455517292022705,-0.08524183183908463,0.12038492411375046,0.2678582966327667,0.18398715555667877,-0.008291168138384819,0.02239092066884041,0.46173158288002014,0.3143368661403656,-0.09771624952554703,-0.3324309289455414,-0.20726798474788666,-0.020325228571891785,-0.22998493909835815,-0.06564328819513321,0.09551570564508438,0.08090294152498245,0.4329133927822113,0.08117429912090302,-0.19796594977378845,-0.18957513570785522,0.10185033828020096,0.23379717767238617,0.23892003297805786,-0.23584817349910736,0.20522698760032654,0.06333296746015549,0.07740077376365662,0.3934239149093628,-0.059419646859169006,-0.06029330566525459,0.49750807881355286,0.17102985084056854,0.45556914806365967,0.14473645389080048,-0.14354436099529266,0.37828707695007324,0.019655048847198486,-0.07105275243520737,0.08374170958995819,-0.033791977912187576,0.40531471371650696,-0.1543155312538147,0.28343284130096436,-0.18726253509521484,0.2883284091949463,0.24349643290042877,-0.39920106530189514,-0.3833705186843872,0.16319575905799866,0.1874666064977646,-0.152720645070076,-0.24319377541542053,0.12529367208480835,-0.21182039380073547,0.4119974374771118,-0.22683946788311005,-0.13139568269252777,-0.31135982275009155,0.0062339589931070805,-0.10367994010448456,0.44654470682144165,-0.10123508423566818,-0.04220600053668022,-0.06303159892559052,0.030593980103731155,0.2414204180240631,0.18116064369678497,0.07293592393398285
Ir,-0.12145178765058517,0.5152842402458191,-0.12821289896965027,-0.15795396268367767,-0.4058260917663574,0.32355397939682007,0.27399885654449463,-0.5982677340507507,0.19486957788467407,0.051843877881765366,0.24606017768383026,-0.1275426745414734,0.09558254480361938,-0.27143576741218567,0.5417723059654236,0.2408832311630249,-0.027277618646621704,-0.08609188348054886,-0.20845547318458557,0.5395306944847107,0.005038405302911997,-0.625962495803833,-0.3653600513935089,0.3677050769329071,0.3040850758552551,0.09467890858650208,0.6435626149177551,0.3234189450740814,-0.37323513627052307,0.3384281098842621,-0.05718739330768585,-0.7386298179626465,-0.0698239877820015,-0.07903511822223663,0.106381855905056,-0.2663280963897705,0.14208984375,-0.37244877219200134,-0.18668852746486664,-0.008245919831097126,0.46890580654144287,-0.047872692346572876,0.07558764517307281,0.33547547459602356,-0.24086755514144897,0.17594417929649353,0.07993440330028534,0.5011799931526184,-0.655208170413971,0.20966875553131104,0.4111902713775635,-0.17628838121891022,0.33758068084716797,0.20637714862823486,-0.042350899428129196,-0.16472625732421875,0.037072982639074326,-0.09166283905506134,0.2561541497707367,-0.2727847099304199,-0.38973844051361084,-0.027130063623189926,0.3196243643760681,-0.15939266979694366,-0.3258083164691925,0.262231707572937,-0.19393128156661987,-0.31993892788887024,-0.12550121545791626,-0.06312687695026398,0.19814418256282806,0.7522796392440796,0.11515601724386215,0.0653771236538887,-0.3921203911304474,-0.28890037536621094,-0.21395184099674225,0.1510569453239441,0.03938717022538185,-0.09311230480670929,0.0655645802617073,0.7141790986061096,-0.06196684017777443,0.2418498992919922,-0.3053247928619385,0.09252846240997314,-0.006413206923753023,0.2796397805213928,0.04891860857605934,-0.05578630417585373,0.17746438086032867,-0.23789747059345245,-0.13222216069698334,0.11400700360536575,-0.5231931805610657,0.3419796824455261,-0.04592365399003029,0.12972816824913025,0.33787277340888977,0.5546162128448486,-0.23018264770507812,0.20776866376399994,0.2128591239452362,0.6992595195770264,-0.8523386120796204,-0.08186821639537811,-0.6766506433486938,0.5052694082260132,-0.1786075234413147,-0.2436705082654953,0.14267878234386444,0.164328470826149,-0.3189060389995575,0.13962875306606293,0.2146766483783722,0.1976969838142395,-0.33963948488235474,-0.007688160985708237,0.016372472047805786,-0.26655080914497375,0.005522417835891247,-0.20886236429214478,-0.2814617455005646,-0.3577041029930115,-0.10232702642679214,0.07748475670814514,-0.044296685606241226,-0.7546172142028809,0.20072318613529205,0.2601794898509979,0.01708182878792286,-0.44106563925743103,0.13740389049053192,0.323018342256546,0.06804218143224716,-0.3236198127269745,0.11927209049463272,-0.12314838171005249,0.644764244556427,0.7884900569915771,-0.7361938953399658,-0.31396302580833435,0.20324645936489105,-0.00742646399885416,-0.2532767653465271,-0.2443711757659912,0.324809730052948,0.05392344295978546,-0.2500423491001129,0.057851243764162064,-0.38924261927604675,-0.3605022132396698,0.26723581552505493,0.7448855042457581,0.062356188893318176,-0.23197385668754578,0.11133143305778503,-0.34355148673057556,0.11946184188127518,-0.13353322446346283,-0.16849301755428314,0.5258536338806152,0.29085472226142883,0.32060450315475464,0.1240263506770134,0.04807890206575394,0.1698383390903473,-0.35601577162742615,0.0645739957690239,-0.006463378202170134,-0.22789891064167023,-0.5042526721954346,-0.17639876902103424,0.09119584411382675,0.3519393503665924,-0.10671835392713547,0.3143269419670105,0.4670681059360504,-0.5325804352760315,0.02973799966275692,-0.6496219635009766,0.0978025272488594,0.060662198811769485,0.13632284104824066,-0.30159640312194824,-0.4261392056941986,-0.0895409882068634,-0.2485581934452057,-0.3508435785770416,0.01696169748902321,0.39564570784568787,0.008833251893520355,0.37107086181640625,0.11656176298856735,0.3576579988002777,0.3702363967895508,-0.07981018722057343,0.37798869609832764,0.15566881000995636,0.4238346815109253
Pr,-0.06230037659406662,0.6087222695350647,0.2057824730873108,0.162307471036911,-0.31744182109832764,-0.36009183526039124,0.5781325697898865,-0.3992863595485687,-0.22559033334255219,0.4883955717086792,0.05969288572669029,-0.05693080648779869,0.3444465398788452,-0.005628615617752075,-0.5165571570396423,0.38894420862197876,-0.19076022505760193,-0.2795924246311188,0.059492919594049454,0.18889185786247253,-0.4999358355998993,-0.022995106875896454,-1.0627121925354004,0.6710943579673767,0.6249841451644897,0.1003897413611412,-0.29744356870651245,0.13497720658779144,0.07230473309755325,0.39269447326660156,0.5022478103637695,-0.4492553174495697,0.32971879839897156,0.27786585688591003,0.37634754180908203,-0.060711655765771866,0.16373775899410248,-0.17008660733699799,0.3039642870426178,-0.2070319652557373,0.6858307123184204,-0.4941166639328003,0.04942817613482475,0.12180568277835846,-0.2879834473133087,0.07586131989955902,0.12099836766719818,0.5922472476959229,-0.6796426773071289,0.21459592878818512,0.4909740686416626,-0.3740200102329254,-0.024186450988054276,-0.2561621069908142,-0.16594144701957703,-0.2765321135520935,0.2564711272716522,-0.44834139943122864,0.020511940121650696,-0.053282562643289566,-0.2212616354227066,-0.03820040449500084,0.33704283833503723,-0.4080314040184021,-0.2709093391895294,0.00360943004488945,-0.13551869988441467,-0.2948361337184906,-0.22396114468574524,0.784152090549469,0.3843383491039276,0.4369809329509735,-0.47894883155822754,0.23315660655498505,0.5445146560668945,-0.2791823148727417,-0.7039712071418762,-0.09143905341625214,0.17513027787208557,-0.038320399820804596,0.1549828052520752,0.6699942350387573,-0.08624808490276337,0.34167933464050293,-0.027599310502409935,0.24857760965824127,0.05214855447411537,0.33216115832328796,0.5761258602142334,0.024768153205513954,-0.028149480000138283,0.13998261094093323,0.5701494216918945,-0.017539380118250847,-0.35998186469078064,0.13879327476024628,-0.24277260899543762,-0.04665914177894592,-0.10203531384468079,0.49967238306999207,-0.48017191886901855,0.01886841095983982,0.44195064902305603,0.36563432216644287,-0.1589326411485672,-0.3113979399204254,-0.42142927646636963,0.2502099871635437,-0.04498988017439842,-0.14805839955806732,0.005807786248624325,-0.050934866070747375,-0.2682967483997345,0.20621563494205475,0.08129814267158508,-0.0052266414277255535,-0.07790897786617279,0.0805104672908783,-0.11628653109073639,-0.43249815702438354,0.22699235379695892,-0.8160834908485413,-0.3582862913608551,-0.046424418687820435,0.012262648902833462,-0.0160154327750206,0.6224488615989685,-0.17606353759765625,0.18680758774280548,0.06270197778940201,0.27475622296333313,0.28389325737953186,0.023230822756886482,0.3890671730041504,-0.6031864881515503,-0.4153161942958832,0.2533690333366394,0.0944894552230835,0.30047690868377686,-0.04884649068117142,-0.6020112633705139,-0.24200941622257233,-0.06084669008851051,-0.017021900042891502,-0.10313668102025986,-0.24349968135356903,0.030284496024250984,0.3814835846424103,0.07040809094905853,0.3680585026741028,0.25926390290260315,0.4904840886592865,0.4069366157054901,0.3483167588710785,-0.09163793176412582,-0.010928421281278133,-0.5988451242446899,-0.14405538141727448,-0.07226044684648514,0.3622249960899353,-0.4565596282482147,0.00619236147031188,-0.06111917644739151,0.19080966711044312,0.4646100103855133,0.19191645085811615,-0.33031603693962097,0.09728926420211792,0.19289074838161469,-0.005552610382437706,-0.2945362329483032,-0.09466001391410828,0.07808172702789307,0.06474214047193527,-0.061651989817619324,0.22257038950920105,0.39040127396583557,0.5292291641235352,0.04783520847558975,-0.21058182418346405,-0.16107934713363647,-0.030612319707870483,0.1016223207116127,-0.0854741558432579,0.054960329085588455,-0.1536046266555786,-0.22853073477745056,-0.5579553246498108,-0.2055651992559433,-0.2201596051454544,0.4033701419830322,-0.816921591758728,0.34707996249198914,-0.05432894825935364,-0.33830177783966064,0.008381718769669533,-0.03711022064089775,0.36758843064308167,0.5666735172271729,0.06972617655992508
Pb,-0.12951453030109406,0.423191100358963,-0.2929764986038208,0.1641935408115387,-0.07300267368555069,0.24565489590168,0.33199813961982727,-0.24727916717529297,-0.29818999767303467,0.04970027878880501,0.34449589252471924,0.02738047018647194,0.19156740605831146,0.0822671428322792,-0.08940102905035019,0.5291992425918579,-0.26888808608055115,0.14699815213680267,0.12569458782672882,-0.11987263709306717,0.060883499681949615,-0.0052214800380170345,-0.37252122163772583,0.3673884868621826,0.2988291382789612,0.19966226816177368,-0.25763142108917236,0.05493069067597389,0.10446717590093613,0.20863665640354156,-0.002864898182451725,0.19367577135562897,0.041371554136276245,-0.06035040318965912,0.199028879404068,-0.012132973410189152,-0.02765965275466442,0.0952157974243164,-0.07704803347587585,-0.14723536372184753,0.10707858204841614,-0.09914339333772659,-0.5707736611366272,-0.16451621055603027,-0.3017731010913849,0.2505113184452057,-0.06190523877739906,0.3921124339103699,-0.5533549189567566,0.25348249077796936,0.19132430851459503,0.029607228934764862,0.16900493204593658,0.21497470140457153,0.20594032108783722,-0.19212476909160614,-0.06390120089054108,0.015946142375469208,0.02237582765519619,-0.26627832651138306,-0.1544245034456253,0.20928291976451874,0.2656024992465973,-0.5758327841758728,-0.2179289013147354,-0.14891251921653748,0.18510717153549194,0.25049248337745667,0.007109790574759245,0.3686601519584656,0.7065048813819885,0.1507469266653061,-0.1352892816066742,0.06896878778934479,-0.09403764456510544,-0.02567443624138832,-0.14389418065547943,-0.28230565786361694,-0.12834636867046356,0.040400050580501556,-0.05563841015100479,0.3212262690067291,0.030532492324709892,0.15071047842502594,0.15358754992485046,0.13134045898914337,-0.37927037477493286,0.27146583795547485,0.2626695930957794,0.03905105218291283,0.041157014667987823,0.11949542909860611,0.32953208684921265,0.014277896843850613,-0.3998342752456665,-0.00472288066521287,-0.05467970296740532,0.013699939474463463,-0.11374854296445847,0.17257054150104523,-0.03246734291315079,0.19655168056488037,-0.1550806313753128,-0.018781837075948715,-0.22385555505752563,-0.10067450255155563,-0.22769679129123688,0.08840841799974442,0.02249535731971264,-0.0474558025598526,-0.054871972650289536,-0.046594999730587006,-0.5223864316940308,0.009513403289020061,-0.15031181275844574,0.4834168553352356,-0.32904404401779175,0.10402041673660278,0.24803146719932556,-0.35231077671051025,-0.0019067759858444333,-0.5447551012039185,0.03265021741390228,-0.37906336784362793,0.140460804104805,0.019016705453395844,0.17140206694602966,-0.23743286728858948,0.03992938622832298,-0.2909831404685974,-0.05806552618741989,0.16082295775413513,-0.014825485646724701,0.05932510271668434,0.13276654481887817,-0.20750901103019714,0.08313603699207306,0.1274367868900299,0.11804458498954773,0.06606079638004303,-0.04264684394001961,-0.02639048360288143,-0.13967779278755188,0.08129008859395981,0.015031455084681511,0.1480918824672699,0.425810843706131,-0.19812540709972382,0.16204874217510223,-0.39737850427627563,0.1312427967786789,0.1037609651684761,0.1813766360282898,0.030593594536185265,-0.24136745929718018,-0.01954135298728943,-0.1551375538110733,-0.28327125310897827,0.14345018565654755,0.28328585624694824,0.16541524231433868,-0.033560000360012054,-0.3205467164516449,0.209528386592865,-0.15994775295257568,0.19712671637535095,-0.17446281015872955,0.4417649507522583,-0.29353365302085876,0.03553355112671852,-0.11756481230258942,-0.06573718786239624,-0.01933623105287552,0.2422366887331009,0.6111689209938049,-0.12333643436431885,-0.10746819525957108,0.4746572971343994,-0.08529780060052872,-0.5693569779396057,-0.09434248507022858,0.02313835918903351,0.25554749369621277,-0.3251217007637024,0.19871535897254944,0.15189501643180847,0.20013201236724854,0.0073165553621947765,-0.4521786570549011,0.08398214727640152,0.10818798094987869,-0.3349262475967407,0.21461740136146545,0.16906024515628815,-0.2875279486179352,0.2505648136138916,-0.4366316497325897,0.34052467346191406,-0.09028586000204086,0.011998811736702919
Eu,-0.1886131465435028,0.6612823605537415,0.28742069005966187,0.7202312350273132,-0.4448440372943878,-0.006872356403619051,0.5037480592727661,-0.46490538120269775,0.011852852068841457,0.3333558142185211,0.08894097059965134,0.01074259728193283,0.12497135251760483,-0.14737485349178314,-0.3388146758079529,0.07755784690380096,-0.28490370512008667,0.1079748198390007,0.04966980591416359,0.33577269315719604,0.06539749354124069,-0.12106265127658844,-0.4533901810646057,0.5920072793960571,0.6177780628204346,0.5284383296966553,-0.09309621900320053,0.08072298765182495,0.0847310945391655,0.016073744744062424,0.2716478705406189,0.15013474225997925,0.2101028859615326,0.21961435675621033,0.4555138647556305,-0.324083149433136,0.24852120876312256,-0.02138686738908291,-0.19381624460220337,0.045826610177755356,0.24828125536441803,-0.6194462776184082,-0.17861174046993256,0.3915763199329376,-0.32277533411979675,0.12011638283729553,-0.09308642894029617,0.590103268623352,-1.097417950630188,0.1719498336315155,0.5495527982711792,-0.48213300108909607,0.02525859698653221,0.09433403611183167,-0.02202772907912731,-0.3541613221168518,0.14742054045200348,-0.27286648750305176,0.39113157987594604,0.06096433103084564,-0.039536263793706894,-0.0068808868527412415,0.36218929290771484,-0.21537432074546814,-0.1626669317483902,0.07730118185281754,0.18607382476329803,-0.4893304705619812,-0.054030194878578186,0.5737637281417847,0.0941132977604866,0.296365886926651,-0.5672162771224976,0.3179613947868347,-0.14019598066806793,-0.3440965712070465,-0.6265019774436951,-0.03394179046154022,0.1514955759048462,0.09845618903636932,0.0841546356678009,0.44374021887779236,0.2122185081243515,-0.10314719378948212,0.218144953250885,0.274797648191452,-0.1365334689617157,0.5289508700370789,0.618141233921051,0.20560193061828613,0.1587332785129547,0.04218214750289917,0.10514239221811295,0.14152982831001282,-0.1555548906326294,0.22234909236431122,-0.22476665675640106,0.22374211251735687,-0.083200603723526,0.3357706367969513,-0.08729331940412521,-0.06032082065939903,0.1791728287935257,0.8587301969528198,-0.041699495166540146,-0.47071200609207153,-0.4894133508205414,0.5261716842651367,-0.028038665652275085,0.32457447052001953,0.19279584288597107,-0.17914868891239166,-0.23110783100128174,0.21134786307811737,-0.046263668686151505,0.09517202526330948,0.1347884088754654,0.42114514112472534,0.1861170381307602,-0.05236393213272095,0.17623817920684814,-0.7309169769287109,-0.3711274266242981,-0.030813798308372498,-0.22285406291484833,-0.45144879817962646,0.10295835882425308,-0.1868310123682022,0.34936970472335815,0.07175023853778839,0.2669648826122284,0.1693587750196457,0.07796105742454529,0.2726319432258606,-0.2848551869392395,-0.21432875096797943,0.2585650384426117,-0.12731386721134186,0.3482455611228943,0.2188078761100769,-0.4758727550506592,-0.18821299076080322,0.3686043620109558,0.19960060715675354,-0.5619136095046997,-0.05364426597952843,0.10081902891397476,-0.24949611723423004,-0.01605123095214367,-0.16184081137180328,0.2748267650604248,0.21201470494270325,-0.040734533220529556,0.5374739766120911,0.013389002531766891,-0.014795519411563873,-0.1440700739622116,0.12054091691970825,0.023301666602492332,-0.1102253869175911,-0.36392393708229065,0.029217788949608803,0.400916188955307,-0.15524141490459442,0.16591280698776245,0.010218285955488682,-0.507173478603363,0.10621707886457443,-0.06333328038454056,-0.14036867022514343,-0.004969506058841944,-0.18225368857383728,-0.11807193607091904,-0.286593496799469,-0.15519188344478607,-0.18157388269901276,0.6817248463630676,0.35087111592292786,0.050343114882707596,-0.08297735452651978,-0.36192944645881653,0.1661355048418045,0.21295969188213348,-0.02337805926799774,0.06800005584955215,-0.34361568093299866,-0.3575458228588104,-0.6805660724639893,-0.2512861490249634,-0.18565762042999268,0.30555710196495056,-0.6515581011772156,0.32401859760284424,-0.3411422073841095,0.19568993151187897,-0.1417565792798996,0.34489142894744873,0.26371774077415466,0.2178581804037094,0.49410372972488403
Bi,0.14535759389400482,0.5640832185745239,-0.2893085181713104,0.45184987783432007,-0.2642550766468048,-0.06323389708995819,0.5465031862258911,-0.4766431748867035,-0.3447490930557251,0.14596502482891083,0.4801715612411499,-0.19438883662223816,0.16702774167060852,0.15197166800498962,-0.38308417797088623,0.5971304774284363,-0.38186630606651306,-0.24407146871089935,0.07951631397008896,-0.46077194809913635,-0.24320900440216064,0.060209084302186966,-0.8322712182998657,0.591278612613678,0.39712896943092346,0.26102617383003235,-0.26059454679489136,0.17527242004871368,0.6564344763755798,0.045456692576408386,0.35857442021369934,-0.06717018038034439,0.1041267141699791,0.011352871544659138,0.33691731095314026,-0.41550877690315247,-0.16786204278469086,-0.21589292585849762,-0.049903083592653275,-0.05130290240049362,0.5602063536643982,-0.11163519322872162,-0.5240725874900818,0.01809878833591938,-0.20931249856948853,0.21001091599464417,-0.057875700294971466,0.815514326095581,-1.0328619480133057,0.029583171010017395,0.2626948058605194,0.2868313193321228,0.2060914784669876,0.47213006019592285,0.21115785837173462,0.07060711830854416,-0.07014311850070953,-0.02047167532145977,0.2774687707424164,0.15827937424182892,0.1585698425769806,0.07081746309995651,0.08118104189634323,-0.4315970242023468,-0.012528031133115292,-0.18237148225307465,0.14221808314323425,-0.11489488929510117,-0.3426155745983124,-0.018053721636533737,0.4922651946544647,0.2269809991121292,-0.665988564491272,0.005786610301584005,0.19023005664348602,-0.16467611491680145,-0.4093864858150482,-0.2171221673488617,-0.31257787346839905,0.15732060372829437,-0.2607579529285431,0.494773805141449,-0.2942344546318054,0.0771474614739418,0.19048720598220825,0.29459479451179504,0.1874980330467224,0.23412376642227173,0.40938615798950195,-0.1787438690662384,0.21307554841041565,-0.2074756771326065,0.2310996949672699,0.2625627815723419,-0.22255133092403412,0.2723134458065033,0.210818812251091,0.2647472321987152,-0.07425936311483383,0.5429173707962036,0.07777956873178482,0.03669443354010582,-0.051358237862586975,0.16180972754955292,-0.3185414671897888,-0.08295698463916779,-0.3907167911529541,0.0021881030406802893,-0.16153764724731445,-0.23630037903785706,0.09833167493343353,0.14210529625415802,-0.44208845496177673,0.17212650179862976,-0.06645290553569794,0.25578492879867554,-0.2038055956363678,-0.12403762340545654,0.10257476568222046,-0.07628881186246872,-0.2738146185874939,-0.8348522782325745,-0.25821685791015625,-0.46907156705856323,-0.04528586193919182,0.02215900458395481,0.5960822105407715,-0.16581854224205017,0.1113649308681488,-0.1316792219877243,0.07517274469137192,0.3022826015949249,0.016393326222896576,0.4257186949253082,-0.14991892874240875,0.13252025842666626,0.3397866487503052,-0.01718769408762455,0.21943753957748413,0.09990070015192032,-0.1370447427034378,-0.4051353335380554,-0.3900146484375,-0.06903330981731415,-0.17947377264499664,-0.3395189046859741,0.5056619048118591,0.171503946185112,0.031329113990068436,0.16273251175880432,0.06333284825086594,0.30334144830703735,0.18032871186733246,0.2921207845211029,-0.010269342921674252,-0.03734719380736351,-0.07099097967147827,-0.5154211521148682,0.06984841078519821,0.18139810860157013,-0.12232904881238937,0.17675651609897614,-0.01931152492761612,0.32163992524147034,0.13531658053398132,0.28424155712127686,0.013891867361962795,-0.057245105504989624,0.048599906265735626,0.18456251919269562,-0.17165571451187134,-0.10855715721845627,0.07663164287805557,0.35587379336357117,0.2525424361228943,-0.06885479390621185,0.11144386976957321,0.40665555000305176,-0.22820866107940674,-0.5210528373718262,-0.24702145159244537,-0.2025112807750702,0.3672277331352234,-0.2348226010799408,0.1344505250453949,0.10090409964323044,-0.10100240260362625,-0.26233550906181335,-0.22391314804553986,-0.07392868399620056,-0.09879341721534729,-0.65318763256073,0.4726425111293793,-0.2621033787727356,-0.20219652354717255,0.21935977041721344,-0.3184444010257721,0.2003989815711975,-0.20644371211528778,0.14692017436027527
Nb,-0.18892912566661835,-0.05921734496951103,-0.29187604784965515,-0.06096753478050232,-0.14956116676330566,0.20787887275218964,0.5159713625907898,-0.24442167580127716,-0.3770850598812103,0.2654550075531006,0.335915744304657,-0.14171424508094788,0.1303788125514984,-0.3321385383605957,-0.08253586292266846,0.702374279499054,-0.04601442441344261,-0.2264537662267685,-0.24729032814502716,0.16427353024482727,-0.05688805505633354,0.12477066367864609,-0.5408753156661987,0.09274730831384659,0.30899709463119507,0.263853520154953,0.11980988830327988,-0.053081367164850235,-0.0010082729859277606,0.0176458228379488,0.563788890838623,-0.25256603956222534,-0.010221714153885841,-0.20756199955940247,0.22086922824382782,0.09243761003017426,0.6344376802444458,0.3970588445663452,-0.22259697318077087,-0.3439047634601593,0.13941960036754608,0.004378535784780979,-0.17285355925559998,0.0987832173705101,-0.24199214577674866,0.16017159819602966,0.24753861129283905,0.4309743046760559,-0.867134153842926,0.4409303069114685,0.3954598903656006,0.25167301297187805,0.340029776096344,0.4264262318611145,-0.17350010573863983,0.24630647897720337,0.3937135636806488,-0.3706108331680298,0.3385753631591797,-0.14294439554214478,0.32244744896888733,0.26820653676986694,0.04117295891046524,-0.14690081775188446,-0.2007620483636856,-0.18383121490478516,-0.287739098072052,0.026226283982396126,-0.3155747652053833,0.3281587064266205,0.22193311154842377,0.2085718810558319,-0.3016187846660614,0.3344055414199829,-0.2539399564266205,-0.04204925149679184,-0.13153167068958282,-0.40794140100479126,-0.1556597501039505,-0.017930306494235992,0.11123814433813095,0.36101531982421875,0.0651530772447586,0.450723797082901,0.16957366466522217,-0.0836666002869606,-0.24702194333076477,0.48664000630378723,0.2966157793998718,0.1154831051826477,0.01066954992711544,-0.08539965003728867,0.4357602298259735,0.1850896030664444,-0.4104994535446167,0.4863443374633789,-0.16283679008483887,0.6492180228233337,0.21814775466918945,0.2153991013765335,-0.13220667839050293,0.09410516172647476,0.28990551829338074,0.2521955966949463,-0.36589303612709045,0.0744967833161354,-0.5542493462562561,0.18813270330429077,-0.14459703862667084,0.09146177768707275,0.24775178730487823,0.32615116238594055,-0.5279034972190857,0.24541710317134857,-0.27192384004592896,-0.011826742440462112,-0.09257253259420395,-0.15291093289852142,0.03460943326354027,-0.08394679427146912,0.035962898284196854,-0.40149855613708496,-0.07366611063480377,-0.6243243217468262,-0.54095059633255,0.1883789300918579,0.4823276996612549,-0.6984512209892273,0.19637823104858398,0.4397292733192444,0.2969222664833069,-0.09285302460193634,0.06383462250232697,0.05845008045434952,0.16908331215381622,-0.25555527210235596,0.5021938681602478,0.06829620152711868,0.7104124426841736,0.10711784660816193,0.31540924310684204,-0.2124997079372406,-0.18191738426685333,-0.026601901277899742,-0.19765007495880127,-0.27884140610694885,0.22837874293327332,0.3423284888267517,-0.12803001701831818,0.06775999814271927,-0.2444845288991928,-0.0054925475269556046,0.25374382734298706,0.11763180047273636,-0.06922037154436111,-0.18056213855743408,0.48430418968200684,0.016913045197725296,0.2196107655763626,0.1772494912147522,-0.3159235417842865,0.04241928458213806,0.27590346336364746,0.0705137774348259,0.047138284891843796,0.3735924959182739,-0.14806696772575378,0.17401979863643646,0.08766232430934906,-0.0341278612613678,-0.15461277961730957,-0.08861967921257019,0.47825369238853455,0.133748859167099,0.6083807945251465,-0.02617952786386013,0.16554096341133118,0.2530505359172821,-0.7518132925033569,-0.07912477850914001,-0.43417996168136597,-0.07377775758504868,0.20533336699008942,-0.5071378350257874,-0.1000734269618988,0.042019203305244446,0.053045663982629776,-0.38422510027885437,-0.02721736766397953,-0.19384504854679108,-0.20370984077453613,-0.36446502804756165,0.05225447937846184,-0.1557755470275879,0.02608988992869854,0.11413104832172394,0.15762858092784882,0.07068716734647751,0.11267069727182388,0.13497580587863922
Nd,-0.3052853047847748,0.4585174024105072,0.009665317833423615,0.3487949073314667,-0.33645203709602356,-0.4255934953689575,0.4453716576099396,-0.33883652091026306,-0.1856653094291687,0.46860530972480774,0.1915019005537033,0.18820323050022125,0.43078431487083435,-0.27629077434539795,-0.2242477536201477,0.05298195779323578,-0.2748643755912781,-0.04819585755467415,-0.22278158366680145,0.3836788833141327,-0.1893462836742401,0.02341492287814617,-0.717713475227356,0.6523002982139587,0.41590118408203125,-0.4002745747566223,-0.4737643599510193,0.12295258790254593,0.3185040056705475,0.20521268248558044,0.6150019764900208,0.020111989229917526,0.27261602878570557,0.4335670471191406,0.31915903091430664,-0.24975910782814026,0.15785722434520721,0.10536164045333862,-0.029530761763453484,-0.06988034397363663,0.8846139907836914,-0.6307278275489807,0.3786696195602417,0.18917302787303925,-0.38840800523757935,0.06423123925924301,-0.14946404099464417,0.5830978751182556,-0.7040562033653259,0.05804817005991936,0.5302979350090027,-0.23348194360733032,0.503269374370575,0.08076194673776627,0.10781946778297424,-0.1956935077905655,0.34127020835876465,-0.6447029113769531,0.16440582275390625,-0.07215358316898346,-0.04642464965581894,-0.04549473151564598,0.37356117367744446,-0.2836366593837738,-0.35432377457618713,0.011720813810825348,-0.2147415727376938,-0.5618258118629456,-0.38163861632347107,0.6671289801597595,0.3793250620365143,0.05438942089676857,-0.6014449000358582,0.3551294207572937,0.49654877185821533,-0.316015362739563,-0.42149049043655396,-0.07317027449607849,0.12267641723155975,0.08140439540147781,0.3927224278450012,0.477386474609375,0.0658392533659935,0.46363234519958496,0.007113979198038578,0.3515167534351349,-0.06256743520498276,0.31069445610046387,0.4993780553340912,-0.09522165358066559,0.10555150359869003,0.07112083584070206,0.17962437868118286,-0.13022223114967346,-0.26217395067214966,0.6031835079193115,0.01609453186392784,-0.1285460740327835,-0.1806495636701584,0.4487612247467041,-0.3178468644618988,-0.18578174710273743,0.11162742227315903,0.3128514289855957,-0.18016478419303894,-0.22032348811626434,-0.41555705666542053,0.5331241488456726,-0.03772549331188202,-0.1346953809261322,-0.15239977836608887,0.10733053088188171,-0.1665552407503128,0.6703236699104309,0.1493682563304901,0.3646506667137146,0.1273910105228424,0.1465279459953308,-0.14220033586025238,-0.47792428731918335,0.007126949727535248,-0.6896516680717468,-0.3364724814891815,-0.030569588765501976,-0.10512948036193848,0.00389014626853168,0.206516832113266,-0.3395504057407379,0.3569110631942749,0.2843815088272095,0.6277337670326233,0.38568583130836487,0.15936246514320374,0.5584350228309631,-0.6771906614303589,-0.06701009720563889,0.3310519754886627,0.35859063267707825,0.06587930768728256,0.22102569043636322,-0.32841700315475464,-0.05039113759994507,-0.18900145590305328,0.08014281839132309,-0.1966909021139145,0.17109793424606323,-0.19804896414279938,0.1729079782962799,-0.08949147909879684,0.02609923854470253,0.032804083079099655,0.4866691827774048,0.38873276114463806,0.18658040463924408,-0.006288706324994564,-0.07787606865167618,-0.34540849924087524,-0.02647043764591217,0.1591031700372696,0.0857091099023819,-0.05875016003847122,0.0013209875905886292,-0.29324784874916077,0.18240994215011597,0.3111588656902313,0.13817280530929565,-0.4288814067840576,0.16480587422847748,0.13123886287212372,-0.37928882241249084,-0.11388634145259857,0.08794049173593521,0.010710356757044792,0.15514527261257172,0.18191957473754883,-0.023113049566745758,0.3935506343841553,0.37903904914855957,0.14146293699741364,0.13889089226722717,0.1322804093360901,0.23274824023246765,0.34043943881988525,-0.19456617534160614,0.3753989636898041,-0.012302997522056103,-0.05995564162731171,-0.5026577115058899,-0.23561544716358185,-0.1734147071838379,0.4701601266860962,-0.60345458984375,0.5197166800498962,-0.0648689866065979,-0.10724835842847824,-0.024541061371564865,0.3955336809158325,0.3465903103351593,0.4118161201477051,0.09192737936973572
Na,0.2369164377450943,0.4390888810157776,-0.2508201599121094,0.45930758118629456,-0.39383235573768616,0.17655600607395172,0.2813558280467987,-0.22459734976291656,-0.2563474476337433,0.1589541882276535,0.09999798238277435,0.06992800533771515,0.4946129024028778,-0.035989854484796524,-0.2699563503265381,0.05623437091708183,-0.49935194849967957,0.3065508008003235,0.08185591548681259,0.12064589560031891,-0.29901939630508423,-0.22365134954452515,-0.8614217638969421,0.43426525592803955,0.09321015328168869,0.40876951813697815,-0.0976615846157074,0.17657622694969177,0.31561848521232605,0.34302449226379395,-0.1925169974565506,-0.10016724467277527,-0.40673017501831055,-0.07706595957279205,0.01940552145242691,0.22467729449272156,0.1115473136305809,-0.13812892138957977,-0.1340709626674652,-0.4382748603820801,0.44921377301216125,-0.32048293948173523,-0.027987074106931686,0.3524256646633148,-0.10149192065000534,0.16434895992279053,-0.055572062730789185,0.5246648788452148,-0.800011396408081,-0.018159879371523857,-0.2039012908935547,-0.33047905564308167,0.4777171313762665,-0.08992937952280045,0.3672371804714203,0.27576684951782227,0.18675319850444794,-0.5684850215911865,-0.15155038237571716,0.15496675670146942,0.6146209239959717,0.5125802755355835,0.1598193496465683,0.2976161241531372,0.0013911440037190914,-0.15739737451076508,-0.08021031320095062,0.20717649161815643,-0.17379607260227203,0.15199412405490875,0.5591063499450684,0.3088625371456146,-0.35036352276802063,0.25528979301452637,-0.28737592697143555,-0.12945297360420227,-0.09339354932308197,0.10417274385690689,-0.09012837707996368,0.3167629837989807,0.08243357390165329,-0.0032084016129374504,-0.19689391553401947,0.12273172289133072,0.3772515654563904,0.1187795102596283,-0.027429400011897087,0.8571751713752747,0.2583291828632355,-0.054518748074769974,-0.09339433908462524,0.04814492538571358,0.012561649084091187,-0.04795598238706589,0.14833687245845795,0.4347482919692993,-0.2410411387681961,0.28716346621513367,-0.4651739001274109,-0.030737942084670067,-0.26065948605537415,0.39115110039711,0.09435223788022995,0.3891606628894806,-0.20000164210796356,-0.07481668144464493,-0.7180687189102173,0.05680134892463684,-0.11043338477611542,-0.15147987008094788,0.13419023156166077,0.22848926484584808,-0.40340128540992737,-0.16826489567756653,-0.16125988960266113,-0.08846814185380936,0.0032697187270969152,0.002600752981379628,0.07351795583963394,0.09272629767656326,-0.06604591757059097,-0.5797610878944397,-0.26920896768569946,-0.171415776014328,-0.12240611761808395,0.17987772822380066,0.11836452037096024,-0.2486651986837387,0.12261970341205597,0.19221025705337524,0.001457628677599132,0.18452569842338562,0.046062108129262924,-0.21267808973789215,0.06427481770515442,-0.35245731472969055,0.5047874450683594,0.047565702348947525,0.12044725567102432,-0.021562084555625916,-0.08658883720636368,0.0255424901843071,-0.003961347974836826,0.11452648043632507,-0.27936694025993347,0.1526246964931488,-0.2095647007226944,-0.33844637870788574,0.2842405438423157,-0.17705436050891876,0.2778450548648834,-0.00024058915732894093,-0.0009479314903728664,0.10215312987565994,-0.04884755611419678,0.0215245820581913,-0.10633538663387299,-0.17989374697208405,-0.19814567267894745,0.27053332328796387,0.16789433360099792,0.1048051044344902,0.2563111186027527,0.0795544907450676,-0.006770618259906769,0.32246118783950806,-0.04079233855009079,-0.1787443608045578,0.16713324189186096,0.046375587582588196,-0.3671448826789856,-0.16069544851779938,0.21269899606704712,0.387866348028183,0.5398334860801697,0.08821575343608856,0.33141741156578064,0.07660959661006927,-0.29348936676979065,-0.29695209860801697,0.10615497082471848,-0.11715798825025558,0.48728522658348083,-0.11899441480636597,0.4809626042842865,0.2790561020374298,-0.11811340600252151,-0.20970097184181213,-0.06818100810050964,-0.060724277049303055,0.048728086054325104,-0.1831332892179489,0.15855564177036285,0.113731749355793,0.09222900867462158,0.05212008208036423,-0.027567826211452484,0.3744491636753082,0.054224297404289246,0.00018894451204687357
Ho,-0.07817162573337555,0.8722266554832458,0.3000028133392334,0.24808269739151,-0.5088837742805481,-0.21075718104839325,0.8876640796661377,0.04598768427968025,-0.4658348560333252,0.4434981644153595,0.14764541387557983,-0.14833419024944305,0.3898089826107025,0.011476431041955948,-0.4551955461502075,0.3229503929615021,-0.43713751435279846,-0.5547168850898743,0.3185344636440277,-0.046545203775167465,0.06542465090751648,-0.10690420120954514,-0.7666364312171936,0.9148569703102112,0.43098729848861694,0.058325156569480896,-0.10644400864839554,0.047514595091342926,0.19649049639701843,0.3357688784599304,0.5174175500869751,-0.3554096817970276,0.26934653520584106,0.04580474644899368,0.003102072048932314,0.023573772981762886,-0.130711168050766,0.10346310585737228,-0.2521316409111023,0.0190817192196846,0.9120641350746155,-0.4280807375907898,-0.07157671451568604,0.19042767584323883,-0.10049191117286682,-0.13444900512695312,0.06357425451278687,0.02440457046031952,-0.8985729217529297,-0.05358819290995598,0.22856055200099945,-0.531373918056488,0.07502131164073944,0.22515715658664703,0.03612343594431877,-0.5673428177833557,0.2577321529388428,-0.6233662962913513,0.3145688474178314,-0.07264349609613419,-0.0554739274084568,-0.15601259469985962,0.16553044319152832,0.05463866516947746,-0.4616304337978363,-0.2865524888038635,0.003983195871114731,-0.485167533159256,0.11515443027019501,0.6123500466346741,0.3938623070716858,0.6059445738792419,-0.520209014415741,0.04847254231572151,0.38861218094825745,-0.268532931804657,-0.31560832262039185,-0.5412771701812744,0.16973866522312164,-0.33246174454689026,0.19233401119709015,0.3545214533805847,-0.041317570954561234,0.14119775593280792,0.06794950366020203,0.08916016668081284,-0.2826264798641205,0.23084397614002228,0.7805103063583374,0.06064719706773758,-0.04779398813843727,-0.09813982993364334,-0.02567780762910843,-0.12176518142223358,-0.574800968170166,0.20233669877052307,-0.07256263494491577,0.41925883293151855,0.16176578402519226,0.12331798672676086,-0.5037301778793335,0.012204784899950027,-0.12972570955753326,0.6814649105072021,0.04794067144393921,-0.21723556518554688,-0.5047661066055298,0.42452946305274963,-0.23516881465911865,0.013197760097682476,0.27583494782447815,-0.22594520449638367,-0.6277471780776978,0.76917564868927,0.1708858162164688,-0.2615794837474823,-0.26517385244369507,0.23790016770362854,-0.09136432409286499,-0.6586143970489502,0.43219897150993347,-0.6733599305152893,-0.48718947172164917,-0.34391000866889954,0.1943954974412918,0.07813870161771774,0.6544032692909241,-0.3602539002895355,0.5762061476707458,-0.07307843118906021,-0.012865875847637653,0.0010679247789084911,-0.12491928040981293,0.4443477392196655,-0.6213062405586243,-0.45901334285736084,0.7781614065170288,0.0690901055932045,0.37470412254333496,-0.09843891859054565,-0.4469350576400757,-0.20132331550121307,0.08127973228693008,0.019114438444375992,0.24210654199123383,0.07453126460313797,0.31391477584838867,0.0932326689362526,-0.07415902614593506,0.46367597579956055,-0.1242479681968689,0.012279064394533634,0.2994785010814667,0.7247254252433777,0.4448765218257904,0.2654438018798828,0.13975082337856293,-0.11484204232692719,-0.0001189036265714094,0.049582596868276596,-0.11117161065340042,-0.23049819469451904,0.03197814151644707,0.06630738824605942,0.5539848208427429,0.02629559300839901,-0.22463856637477875,0.2858169376850128,-0.08345681428909302,0.0777757540345192,-0.24869193136692047,0.03620272874832153,-0.1875421404838562,0.07126264274120331,0.06359066069126129,0.07230906188488007,0.9307622909545898,0.07068106532096863,-0.1622723788022995,-0.016921859234571457,0.3299536406993866,-0.03864736109972,0.5931728482246399,-0.4059593975543976,-0.1026015356183052,0.0874008983373642,-0.11738402396440506,-0.5880228877067566,0.11558643728494644,-0.21038876473903656,0.24252454936504364,-0.7559671998023987,0.3738403022289276,-0.23826715350151062,0.18437635898590088,-0.1587931215763092,0.22816601395606995,0.06880135089159012,0.1941571682691574,0.39836668968200684
Ta,-0.24941208958625793,-0.14533545076847076,-0.2826559543609619,-0.3294387757778168,-0.21780815720558167,0.008890063501894474,0.6545500159263611,-0.34290680289268494,-0.17788687348365784,0.21629980206489563,0.6503316164016724,0.03743407130241394,0.04374995082616806,-0.1977820247411728,0.041938018053770065,0.5501091480255127,-0.1024552434682846,-0.1162048876285553,-0.004785613622516394,0.238580584526062,0.11590191721916199,-0.14133785665035248,-0.6812552213668823,0.04945358633995056,0.2917615473270416,0.10710038244724274,0.23316927254199982,-0.14150388538837433,0.007253691088408232,-0.3153388202190399,-0.017353709787130356,-0.2952062785625458,0.0006348105962388217,-0.40698257088661194,0.23519545793533325,-0.21750585734844208,0.44215327501296997,0.5234424471855164,-0.14602382481098175,-0.2580264210700989,0.1475677192211151,0.012247404083609581,-0.06952518969774246,0.1793941706418991,0.04953688010573387,0.27573534846305847,0.29136431217193604,0.3787233829498291,-0.6843550801277161,0.11752794682979584,0.45353466272354126,-0.017266731709241867,0.508165717124939,0.38507145643234253,-0.021565180271863937,0.303460031747818,0.35764461755752563,-0.2607286870479584,0.2514917552471161,-0.28568902611732483,0.19347186386585236,0.2652394473552704,-0.1676301509141922,-0.17419207096099854,-0.4382738173007965,-0.45607489347457886,-0.05980423837900162,0.10418654978275299,-0.17968904972076416,0.5409993529319763,0.13963526487350464,0.43264204263687134,-0.31120651960372925,0.32962360978126526,-0.15022365748882294,-0.34029123187065125,-0.20959116518497467,-0.36141955852508545,-0.2995675802230835,0.1569247990846634,0.03081195056438446,0.37462982535362244,-0.029441718012094498,0.37246033549308777,-0.07930631190538406,0.011624679900705814,-0.1373697966337204,0.6206334829330444,0.23249979317188263,0.15592782199382782,0.04550161212682724,-0.22184255719184875,0.20557653903961182,0.0801013857126236,-0.5845027565956116,0.49996519088745117,0.012856150977313519,0.3607347905635834,0.2676689624786377,0.35606858134269714,-0.06381428986787796,0.3435690701007843,0.16109022498130798,0.23468294739723206,-0.616456925868988,0.16940145194530487,-0.3741888999938965,0.1286308616399765,-0.38065415620803833,0.04650070145726204,0.4013512432575226,0.19637781381607056,-0.46676355600357056,0.04434539005160332,-0.34615933895111084,-0.05382147431373596,0.06962617486715317,-0.39014774560928345,0.11654748022556305,0.015886126086115837,-0.026306521147489548,-0.4211641848087311,-0.23406724631786346,-0.36456426978111267,-0.4384436011314392,-0.06384965777397156,0.37678009271621704,-1.1397055387496948,0.020703069865703583,0.5113851428031921,-0.0646369531750679,-0.2771487236022949,-0.04935159906744957,0.21786808967590332,0.2820364534854889,-0.3707835078239441,0.3486907482147217,0.16542677581310272,0.7087662220001221,0.37224921584129333,-0.009646226651966572,-0.330948144197464,-0.18416590988636017,0.131043940782547,0.15389661490917206,-0.12338491529226303,0.32196179032325745,0.23056289553642273,-0.0980476438999176,-0.13381870090961456,-0.32158106565475464,-0.17861224710941315,0.3420776128768921,0.4447210133075714,-0.026285121217370033,-0.02470017597079277,0.5453991293907166,0.01952853798866272,0.31276825070381165,0.07654440402984619,-0.06905832886695862,-0.0762588307261467,0.2594048082828522,0.12142059206962585,0.16718967258930206,0.30322888493537903,-0.18425333499908447,-0.25325092673301697,-0.007164078298956156,-0.12676768004894257,-0.19618602097034454,0.06298386305570602,0.3440968692302704,-0.016535406932234764,0.4684303104877472,-0.15203040838241577,0.18569649755954742,0.4562091529369354,-0.4697946608066559,-0.17193302512168884,-0.5508536100387573,0.04522312432527542,0.16597209870815277,-0.2812023162841797,-0.11633177101612091,0.13435381650924683,-0.25526726245880127,-0.35095489025115967,-0.08112673461437225,-0.27792686223983765,-0.1886221170425415,-0.3706274628639221,0.36579927802085876,-0.29252782464027405,0.08989954739809036,0.010358108207583427,0.08838865160942078,-0.06452377140522003,-0.0460730642080307,0.17211467027664185
Pd,0.10875080525875092,0.4883779287338257,-0.04078741371631622,-0.20273365080356598,0.09220276772975922,-0.35116809606552124,0.3885951340198517,-0.4473322927951813,0.1456056386232376,0.5521594882011414,0.23121796548366547,-0.17124319076538086,-0.09965149313211441,-0.2152990847826004,-0.07959038764238358,0.18920773267745972,0.11209097504615784,-0.25038671493530273,-0.2161497324705124,0.29552289843559265,0.1682012379169464,0.13269515335559845,-0.635412335395813,0.06402410566806793,-0.03432561084628105,-0.16252084076404572,-0.00971039105206728,0.19734272360801697,-0.154468834400177,0.4439448118209839,0.1351802498102188,-0.37872323393821716,-0.03574297949671745,-0.04001693055033684,0.05128810182213783,-0.2196534126996994,-0.08285634964704514,-0.315733939409256,-0.05302001163363457,0.08871803432703018,0.7343766093254089,0.15131539106369019,0.062362536787986755,0.22895118594169617,-0.3635231554508209,0.17037196457386017,0.06673378497362137,0.2106754332780838,-0.43855470418930054,0.38964056968688965,0.14415322244167328,-0.031001657247543335,0.28453510999679565,0.07444196939468384,-0.2624776065349579,-0.04858224466443062,-0.029765497893095016,-0.15106290578842163,0.18428605794906616,-0.27822569012641907,-0.4748884439468384,0.11366439610719681,-0.18219828605651855,-0.06223547086119652,-0.7733554840087891,-0.2558065354824066,0.15174004435539246,-0.22727914154529572,-0.2644199728965759,0.28865161538124084,-0.06157584488391876,0.7211336493492126,-0.17404603958129883,0.056697022169828415,-0.41473039984703064,-0.4757695198059082,-0.5854196548461914,-0.0525427907705307,0.005949621554464102,0.17396841943264008,0.016131756827235222,0.5052892565727234,-0.0743732750415802,0.15710119903087616,-0.10222287476062775,0.24099071323871613,-0.14651842415332794,0.5932909846305847,0.2593249976634979,0.7379794716835022,0.252504825592041,-0.11262687295675278,-0.12668094038963318,-0.11696959286928177,-0.43422746658325195,0.36266985535621643,0.01877749152481556,0.47484347224235535,0.15501795709133148,0.5258592963218689,-0.2798452079296112,0.3995404839515686,-0.06683611124753952,0.29090216755867004,-0.6865410208702087,0.019089581444859505,-0.5496091842651367,0.07004427164793015,-0.20612947642803192,-0.37924924492836,-0.1214781403541565,-0.13796839118003845,-0.20374999940395355,-0.0011337953619658947,-0.1832124888896942,0.17971274256706238,-0.2520970106124878,0.24375420808792114,0.3644426167011261,-0.14162148535251617,-0.2907818853855133,-0.24623173475265503,0.18214084208011627,-0.5222460031509399,-0.2142820954322815,-0.12356569617986679,0.1070224791765213,-0.5337802171707153,0.0036891712807118893,0.26465871930122375,0.07463730126619339,-0.0809812992811203,-0.11575191468000412,0.0777817815542221,0.2614252269268036,0.021240543574094772,-0.017344646155834198,-0.07398416101932526,0.5343023538589478,0.17591620981693268,-0.6513931751251221,0.0830005407333374,-0.1392235904932022,-0.038790635764598846,0.09290653467178345,-0.2831808626651764,0.19019271433353424,-0.07270374894142151,0.1552698016166687,-0.11838842928409576,-0.10655080527067184,-0.2202923446893692,0.14324671030044556,0.14096181094646454,0.2208183854818344,-0.6222448348999023,0.15109284222126007,-0.46436807513237,-0.03806613013148308,-0.002397306030616164,0.08555681258440018,0.6073681116104126,0.41556426882743835,0.17303608357906342,-0.3905026912689209,0.28570449352264404,0.012081309221684933,0.2790244221687317,-0.23318105936050415,-0.007444102317094803,-0.20330753922462463,-0.0351228229701519,-0.11659545451402664,0.006093714386224747,0.09496448189020157,0.06617071479558945,0.17065690457820892,0.3749346137046814,-0.6844136118888855,-0.5581121444702148,-0.5423598289489746,-0.2428860366344452,0.24758939445018768,0.10626891255378723,0.00977845024317503,-0.2222147434949875,0.15495581924915314,-0.493399977684021,0.1400221884250641,0.10973154753446579,0.13786040246486664,-0.08474744856357574,0.07146071642637253,-0.030138980597257614,-0.2702983617782593,0.17906877398490906,0.05767831951379776,0.45390957593917847,0.2007463127374649,-0.028453931212425232
Sb,0.12945960462093353,0.494216650724411,-0.10364651679992676,0.3116842806339264,-0.3399485945701599,-0.20005880296230316,0.39332443475723267,-0.5824154019355774,-0.4757028818130493,0.06964881718158722,0.2014843374490738,0.04663059860467911,-0.17134851217269897,-0.01245211623609066,0.0023385470267385244,0.34137171506881714,-0.3322746455669403,-0.18445202708244324,-0.15092270076274872,-0.2452998161315918,0.06630440801382065,0.17102091014385223,-0.841678261756897,0.29257532954216003,0.2663350999355316,0.1845625638961792,0.011259240098297596,0.6148130297660828,0.18335144221782684,-0.14495478570461273,0.4481964111328125,-0.3188602030277252,0.1934884786605835,0.07450452446937561,0.1056775152683258,-0.3451519310474396,0.08664011210203171,-0.11246593296527863,0.18008555471897125,-0.7606062293052673,0.5081376433372498,-0.16875852644443512,-0.9143253564834595,-0.31231987476348877,-0.3181082606315613,0.4406943619251251,-0.3733885586261749,0.7592745423316956,-1.0825657844543457,0.4626157283782959,-0.004781823605298996,0.28601738810539246,0.5965672135353088,0.4023178219795227,-0.08857709169387817,0.11428427696228027,-0.04093408212065697,-0.22570641338825226,-0.13642431795597076,0.11277124285697937,0.04227905347943306,0.054080672562122345,-0.15378551185131073,-0.1972273886203766,-0.29456472396850586,-0.16127395629882812,0.07142383605241776,-0.06446506083011627,-0.18852591514587402,-0.0480562262237072,0.6403204202651978,0.1322811096906662,-0.15085139870643616,0.24973605573177338,-0.029631085693836212,-0.15869852900505066,-0.49153825640678406,-0.28348636627197266,-0.30749601125717163,0.29868173599243164,-0.06813108175992966,0.655097484588623,0.3334461450576782,0.06640231609344482,0.2863031327724457,0.34489426016807556,0.29804372787475586,0.5316038727760315,0.3729179799556732,0.04638342931866646,0.09026852250099182,0.0950261652469635,0.0921613946557045,-0.041060373187065125,0.04562826082110405,0.2958104610443115,0.08240107446908951,0.09615132957696915,0.1910926252603531,0.6375553607940674,0.014225536026060581,0.11763288825750351,0.020161310210824013,-0.22363001108169556,-0.6052444577217102,-0.15307387709617615,-0.5606337189674377,0.4539179801940918,-0.4978589117527008,-0.3968188762664795,-0.04284561425447464,0.1197664737701416,-0.6206566095352173,0.038216251879930496,0.3825640082359314,0.4451812207698822,-0.23955120146274567,-0.09467364102602005,-0.0015181369381025434,-0.7403315305709839,-0.3711966872215271,-0.6425889134407043,-0.3560605049133301,-0.6123236417770386,0.07254455983638763,-0.12648729979991913,0.46589425206184387,-0.21957774460315704,-0.06800341606140137,-0.13364048302173615,-0.16760586202144623,0.20497365295886993,0.34561917185783386,0.312269389629364,0.11902810633182526,-0.04052674025297165,0.3838604986667633,0.027680011466145515,-0.009193722158670425,0.03744847699999809,-0.08717819303274155,-0.1433567851781845,-0.08859165012836456,-0.22752094268798828,-0.19556356966495514,-0.27551475167274475,0.3765898644924164,-0.2016913741827011,-0.07945283502340317,0.08350800722837448,0.11401199549436569,0.244967982172966,0.0558716282248497,0.28882336616516113,-0.24784833192825317,-0.06781237572431564,0.14010180532932281,0.05224688723683357,0.1529553085565567,0.24218475818634033,-0.178401917219162,0.23972968757152557,0.05145462602376938,0.12140826880931854,0.09256107360124588,0.32285889983177185,0.184621199965477,-0.06766445934772491,-0.34366750717163086,0.23346538841724396,0.15985505282878876,0.0030776923522353172,0.06396713107824326,0.1296473890542984,0.01772606186568737,-0.014047494158148766,0.15213735401630402,0.2950029969215393,-0.16912832856178284,-0.5588386654853821,-0.28563493490219116,-0.181240975856781,0.19246463477611542,-0.28895050287246704,0.03754265978932381,0.06714379787445068,-0.25701677799224854,-0.19557292759418488,-0.23278947174549103,0.20164285600185394,-0.22725193202495575,-0.6042039394378662,0.6098116040229797,-0.21769489347934723,-0.3812139630317688,-0.02635619044303894,-0.020401861518621445,0.10383212566375732,-0.0697140023112297,-0.06102786213159561
Ru,-0.1973697543144226,0.44791752099990845,-0.17147038877010345,0.14092156291007996,-0.33580026030540466,-0.2939712703227997,0.269095242023468,-0.43719175457954407,0.37359389662742615,0.3693859577178955,0.1341322958469391,0.15014389157295227,0.23022198677062988,-0.2613377571105957,0.2243129312992096,0.06543221324682236,-0.2221243530511856,-0.017576072365045547,0.24767810106277466,0.2891954779624939,0.017895402386784554,-0.23528802394866943,-0.9229514598846436,0.7990118861198425,-0.04493817687034607,0.18497830629348755,0.18666987121105194,0.26843079924583435,-0.36576563119888306,-0.022645264863967896,0.007712734397500753,-0.5523354411125183,-0.07210047543048859,-0.18124555051326752,0.4124342203140259,-0.42844948172569275,0.11822871118783951,-0.1134578064084053,-0.11712412536144257,-0.13919973373413086,0.2521361708641052,-0.20982863008975983,0.11869152635335922,-0.09632472693920135,-0.2962266206741333,-0.15940020978450775,0.20351490378379822,0.42205724120140076,-0.44002243876457214,0.5841656923294067,0.3780166506767273,-0.28603801131248474,0.5184252858161926,0.08631240576505661,-0.38044214248657227,0.08753706514835358,-0.14094167947769165,-0.12906011939048767,0.2608635723590851,-0.29712313413619995,-0.49526602029800415,0.13103266060352325,0.07843625545501709,-0.22712014615535736,-0.2662990093231201,-0.025312351062893867,-0.2933332622051239,-0.13712501525878906,0.12662740051746368,-0.11094696074724197,0.2579083740711212,0.9022316932678223,-0.14221727848052979,0.11613431572914124,-0.3579276204109192,-0.43115752935409546,-0.6755346059799194,0.07601059228181839,-0.05413619428873062,-0.10635342448949814,0.2864183485507965,0.6651824116706848,-0.2577832043170929,0.3462393283843994,-0.13086016476154327,-0.22556215524673462,-0.10694333910942078,0.6554712057113647,0.16467316448688507,0.13586783409118652,0.25748562812805176,0.05425623059272766,0.26262977719306946,0.015339169651269913,-0.35005661845207214,0.6326481699943542,-0.13410469889640808,0.08059758692979813,0.20227102935314178,0.422107070684433,-0.006823825184255838,0.24037016928195953,0.18735617399215698,0.40766969323158264,-0.5810650587081909,-0.35037675499916077,-0.45354485511779785,0.33568161725997925,0.03945675119757652,0.007258715108036995,-0.05769491568207741,0.05372568592429161,-0.2697913348674774,0.0966784656047821,0.14024876058101654,0.20029067993164062,0.04528598487377167,0.275589257478714,0.023446323350071907,0.06293153762817383,-0.26995623111724854,-0.4886775314807892,0.1350720375776291,-0.31733056902885437,-0.1795458197593689,-0.010001092217862606,0.1985878199338913,-0.8174104690551758,0.13644298911094666,0.44247692823410034,-0.07852403074502945,-0.16937391459941864,0.2416083663702011,0.2612752616405487,-0.21943464875221252,-0.4845454692840576,0.1906125247478485,-0.142203688621521,0.6142628788948059,0.34786108136177063,-0.4795605540275574,-0.10065973550081253,0.07623353600502014,0.12816222012043,-0.04155346006155014,-0.039091557264328,-0.13103686273097992,-0.09364628791809082,-0.08635583519935608,0.1969655156135559,-0.3502855896949768,-0.2568950653076172,0.029726682230830193,0.31106433272361755,-0.17502284049987793,-0.44360679388046265,0.20116539299488068,-0.21213513612747192,0.06879741698503494,-0.145308256149292,-0.21935594081878662,0.3142179250717163,0.21465857326984406,-0.1925792694091797,-0.012743927538394928,0.38107964396476746,0.1336948722600937,-0.19937314093112946,-0.10110824555158615,-0.10830911248922348,-0.025436103343963623,-0.34131476283073425,-0.07750701904296875,0.24817344546318054,0.2754420340061188,0.40939104557037354,0.10756660997867584,0.4097655713558197,-0.2877940535545349,-0.4397214651107788,-0.7857962250709534,0.20158463716506958,0.21739447116851807,0.17433764040470123,-0.18789921700954437,0.09175305813550949,0.33035358786582947,-0.5284501314163208,-0.210575133562088,-0.024611560627818108,0.1683003157377243,0.14751258492469788,0.3080635070800781,0.0673735961318016,0.05319984629750252,0.28709205985069275,0.2232956737279892,0.4968163073062897,0.19208605587482452,0.044942378997802734
Ga,0.06169034168124199,0.2683904469013214,0.016874268651008606,0.292315810918808,-0.5349903106689453,-0.15865552425384521,0.4708881080150604,-0.2137932926416397,-0.26670679450035095,0.10883012413978577,0.4632665514945984,-0.31041958928108215,0.006246640812605619,-0.2727999985218048,-0.2108524590730667,0.0750156044960022,0.004157892893999815,-0.03415094316005707,-0.08462517708539963,-0.12998171150684357,-0.06961055099964142,0.10169026255607605,-0.4140675365924835,0.3679015338420868,0.11250002682209015,-0.06095157191157341,-0.12146317958831787,0.4365061819553375,-0.040653329342603683,0.2743337154388428,0.3417491614818573,-0.21466055512428284,0.4376591145992279,-0.21996676921844482,0.2022140920162201,-0.22830744087696075,-0.23471516370773315,-0.42080920934677124,0.0704389214515686,-0.10535042732954025,0.17825494706630707,-0.22131700813770294,-0.4649322032928467,0.25484326481819153,0.35054877400398254,0.3929658532142639,-0.016548579558730125,0.6641653180122375,-1.1443572044372559,0.41139456629753113,-0.2915811836719513,0.1899593025445938,0.04953756183385849,0.31095466017723083,0.105000339448452,0.10186240077018738,0.15052832663059235,-0.08296001702547073,-0.18503548204898834,-0.21058934926986694,0.015678662806749344,-0.14604221284389496,-0.35441213846206665,0.006823273375630379,-0.44225457310676575,0.08977200835943222,0.2458420693874359,-0.10273642838001251,-0.3363582193851471,0.5082778334617615,-0.003875541966408491,0.15923459827899933,-0.5541852116584778,-0.02610532008111477,0.008339385502040386,-0.28173789381980896,-0.41479891538619995,-0.18939462304115295,-0.09564252197742462,0.3841504454612732,-0.13008394837379456,0.24585941433906555,-0.17387647926807404,0.4835805296897888,0.35705339908599854,0.2726508378982544,-0.04804408550262451,0.4520522356033325,0.437628835439682,-0.019033946096897125,-0.24048058688640594,-0.30787578225135803,0.34637948870658875,0.16862933337688446,-0.5335243344306946,0.3602587580680847,-0.04733369126915932,0.009141547605395317,0.029257627204060555,0.4218595623970032,0.2063072770833969,0.3320632874965668,0.2605385184288025,0.4396015405654907,-0.21337385475635529,-0.1622835099697113,-0.5066165924072266,0.4358862340450287,-0.42062637209892273,-0.10037598013877869,0.019193805754184723,0.20984101295471191,-0.3084706664085388,0.10115180909633636,-0.1857704371213913,0.34862765669822693,-0.006700607016682625,0.3435240089893341,-0.11744870990514755,-0.3971269428730011,-0.012312326580286026,-0.8493841886520386,-0.3899994492530823,-0.6024778485298157,-0.04380590096116066,0.031588856130838394,0.12168525159358978,-0.03638378530740738,0.3230836093425751,0.32725146412849426,0.00954610574990511,-0.2285163849592209,-0.12133284658193588,-0.15593171119689941,0.3903660476207733,-0.04890749976038933,-0.0021840662229806185,0.23022951185703278,0.12785224616527557,-0.05104503408074379,-0.3177441954612732,-0.4233403205871582,-0.3443290591239929,-0.3620002269744873,-0.3974018096923828,-0.09607855975627899,-0.009729471057653427,0.026562843471765518,0.16538415849208832,0.12775056064128876,0.09656970947980881,0.029444744810461998,0.15266293287277222,0.1931234896183014,0.1613817811012268,0.034509237855672836,0.2349601835012436,0.07564613968133926,0.22365745902061462,0.2265733927488327,-0.1630537360906601,0.6569181680679321,0.29053938388824463,0.10597335547208786,0.41229817271232605,-0.08680588752031326,0.055518992245197296,-0.04106011241674423,0.1594807207584381,-0.0012706134002655745,-0.05614462122321129,0.13268660008907318,-0.051271118223667145,-0.01754807122051716,-0.043109431862831116,-0.16222915053367615,0.5359026193618774,0.19435711205005646,-0.05967596173286438,-0.5652646422386169,0.05914616584777832,0.03440824896097183,0.3793714642524719,-0.055989667773246765,0.007079093251377344,0.10108552873134613,0.1749504655599594,-0.24841894209384918,0.03254937008023262,-0.2870234251022339,-0.20177026093006134,-0.35235595703125,0.47471359372138977,0.044702786952257156,-0.37475675344467163,-0.11438755691051483,-0.018594510853290558,0.5070253610610962,0.23793503642082214,0.1676783263683319
B,-0.4364125430583954,0.019123883917927742,-0.04234671592712402,0.3219483196735382,-0.33415573835372925,-0.11564302444458008,0.5007410049438477,-0.3099716901779175,-0.23592475056648254,-0.162411168217659,0.40456128120422363,-0.24517230689525604,0.380433589220047,-0.4194922149181366,0.14883658289909363,0.061185263097286224,-0.20945623517036438,0.0029016442131251097,-0.06096349656581879,-0.1899377852678299,-0.008262685500085354,-0.3003624677658081,-0.6191635727882385,0.08192148804664612,0.3564715087413788,-0.20810002088546753,0.22274227440357208,0.36060574650764465,0.1004386618733406,-0.11829622089862823,0.3097590208053589,-0.37105944752693176,-0.036295510828495026,0.3296069800853729,-0.03285851702094078,0.05667773261666298,0.1563318818807602,0.03249852731823921,0.3131038546562195,-0.4007178246974945,0.24490560591220856,-0.48019564151763916,-0.22551262378692627,-0.07399789243936539,-0.03292263299226761,-0.1269446611404419,-0.035596057772636414,0.3510304093360901,-0.817501425743103,0.312847375869751,0.32558056712150574,-0.20031294226646423,0.31772130727767944,0.15715491771697998,0.050896793603897095,0.42106035351753235,0.32689419388771057,-0.13460728526115417,0.04418798163533211,-0.027648789808154106,0.047301072627305984,0.3444346487522125,-0.0764005035161972,-0.11722677201032639,-0.30446457862854004,-0.26690298318862915,-0.12084154784679413,0.0362178310751915,-0.4320223331451416,0.28231972455978394,0.3338545560836792,0.18571557104587555,-0.3200468420982361,0.32796862721443176,-0.11726512759923935,-0.0687939003109932,-0.3943731486797333,-0.3468843996524811,-0.060722630470991135,-0.04167497530579567,0.28324687480926514,0.271563321352005,0.2823580205440521,0.12856227159500122,0.18346260488033295,0.32975348830223083,0.0650743842124939,0.09042531251907349,0.3007492423057556,0.026111040264368057,-0.12805840373039246,-0.47909024357795715,-0.13332785665988922,-0.20696543157100677,-0.030239399522542953,0.32683753967285156,-0.08754049986600876,-0.24268324673175812,-0.2274109423160553,0.23207607865333557,-0.3635813295841217,-0.16752739250659943,0.19625350832939148,-0.021367298439145088,-0.2873266041278839,-0.11273254454135895,-0.5454931855201721,0.1550556719303131,-0.21876445412635803,-0.5261222720146179,0.02396899089217186,-0.040632303804159164,-0.5261206030845642,0.3284125030040741,-0.37779027223587036,0.022811023518443108,0.028605256229639053,0.32081106305122375,-0.14485949277877808,-0.25716957449913025,0.1654609590768814,-0.8555904626846313,-0.14448429644107819,-0.5841120481491089,-0.08833818882703781,0.03036435879766941,0.359389066696167,-0.36987704038619995,0.07708878815174103,0.4385151267051697,0.25656557083129883,-0.11213064938783646,-0.002598433755338192,0.19902126491069794,0.4599151015281677,0.023470764979720116,0.07608291506767273,-0.09053105115890503,-0.20033784210681915,-0.07278956472873688,-0.010145999491214752,-0.1548292338848114,0.3821151554584503,-0.21238906681537628,-0.36784934997558594,0.020468559116125107,0.1028066948056221,0.09103268384933472,0.3290153741836548,0.21883006393909454,-0.33025071024894714,-0.09816185384988785,0.10216306895017624,-0.11243987083435059,-0.10925145447254181,-0.2404634803533554,0.12714780867099762,0.42308101058006287,0.2225634902715683,-0.2115679383277893,-0.13377590477466583,0.540230929851532,-0.18946696817874908,0.3010067343711853,0.049557000398635864,0.23394927382469177,-0.029280949383974075,0.21962983906269073,0.2515464723110199,-0.18665491044521332,-0.13458608090877533,0.11462124437093735,0.12015070021152496,0.06376314163208008,-0.001173400436528027,-0.2324611097574234,0.24464811384677887,-0.09779144078493118,-0.17919518053531647,-0.184121772646904,-0.3749184012413025,-0.15486188232898712,0.08428635448217392,-0.6260970234870911,-0.007560786325484514,-0.05553692951798439,0.231489360332489,0.04148336127400398,0.06962688267230988,-0.16933242976665497,0.1243409663438797,-0.15641985833644867,0.5442914962768555,0.07321327179670334,-0.011015105992555618,0.19412089884281158,0.3824697434902191,0.25735586881637573,-0.22221161425113678,0.24462538957595825
Sm,0.10355079919099808,0.6530061364173889,-0.15840715169906616,0.09225168824195862,-0.46826618909835815,-0.15412871539592743,0.509729266166687,-0.2902225852012634,-0.15807262063026428,0.3490486741065979,0.19020642340183258,0.26684609055519104,0.27549225091934204,-0.10690449923276901,-0.5385605096817017,0.0738477110862732,-0.26468271017074585,-0.1771167367696762,-0.08708012849092484,0.3438284993171692,-0.4986073672771454,-0.17403791844844818,-0.8518299460411072,0.5149511694908142,0.5541976690292358,0.11299707740545273,-0.22150863707065582,0.21721920371055603,-0.006350921466946602,0.055554311722517014,0.5461967587471008,-0.11325471103191376,0.05290157347917557,0.06965775787830353,0.3271111845970154,-0.24714305996894836,-0.057603564113378525,0.05639585480093956,0.06276679784059525,0.2173834592103958,0.708782434463501,-0.8531370162963867,0.3331314027309418,0.11371611058712006,-0.3618295192718506,-0.02938678301870823,-0.0860661044716835,0.2950592041015625,-1.109435796737671,0.16322608292102814,0.49741867184638977,-0.424202024936676,0.10080356150865555,0.25417226552963257,-0.238381028175354,-0.2271767258644104,0.28290459513664246,-0.18731319904327393,0.033415649086236954,-0.2297888696193695,-0.24096190929412842,-0.07071491330862045,0.2549118399620056,-0.08874353021383286,-0.40061044692993164,-0.3089870810508728,-0.20961585640907288,-0.2730506658554077,-0.2861858606338501,0.3982517123222351,0.4711366593837738,0.37119102478027344,-0.29248541593551636,0.12923909723758698,0.44353440403938293,-0.6798142790794373,-0.576409637928009,0.06675019860267639,0.24128784239292145,0.007533624768257141,0.46254420280456543,0.531694769859314,-0.057795993983745575,0.14634402096271515,0.1983427256345749,0.4511392414569855,-0.08051636070013046,0.1426507830619812,0.25354984402656555,0.36992937326431274,0.04197793826460838,0.15199469029903412,0.12267529964447021,-0.007763227913528681,-0.41006767749786377,0.41041985154151917,-0.07939580082893372,0.010935408994555473,-0.06668972969055176,0.18011385202407837,-0.24230846762657166,-0.2674088478088379,0.3603535294532776,0.5481218099594116,-0.039260007441043854,-0.5722551345825195,-0.5245242714881897,0.3296586573123932,0.1894526183605194,0.03360999375581741,0.23749543726444244,0.018854141235351562,-0.36966943740844727,0.3306616544723511,-0.21113160252571106,-0.024329211562871933,-0.044531576335430145,0.1590326875448227,-0.01850232109427452,-0.2139594703912735,0.026980867609381676,-0.9343958497047424,-0.39777278900146484,-0.27352121472358704,-0.037291448563337326,-0.09321277588605881,0.37730762362480164,-0.5243100523948669,0.4960598945617676,0.07150230556726456,0.3054068386554718,0.2209329456090927,0.15049628913402557,0.3093309998512268,-0.6024496555328369,-0.1770285964012146,0.3365059196949005,-0.2973388433456421,0.48129773139953613,0.3013278841972351,-0.7943421006202698,-0.01666584052145481,-0.19642102718353271,0.11607790738344193,-0.11993582546710968,-0.13435566425323486,-0.08072662353515625,-0.06505020707845688,-0.13936534523963928,0.09708015620708466,0.2027641087770462,0.32110634446144104,0.503402590751648,0.42946314811706543,0.017798900604248047,0.09691276401281357,-0.058962441980838776,-0.18704749643802643,0.26248958706855774,0.3324064016342163,-0.12603254616260529,0.16390827298164368,-0.0009470327058807015,-0.15190576016902924,0.16832208633422852,-0.1682635247707367,-0.33068838715553284,0.31703636050224304,0.22985722124576569,-0.04366353154182434,-0.06926117092370987,0.059639107435941696,0.02330130524933338,-0.22436219453811646,-0.10941005498170853,-0.1121155321598053,0.3339571952819824,0.5148670673370361,0.25429943203926086,-0.2123042494058609,-0.16715702414512634,0.10396893322467804,0.1179165169596672,-0.50993412733078,0.14097020030021667,-0.20375202596187592,-0.2096453607082367,-0.46749675273895264,-0.040473297238349915,-0.5254029631614685,0.47289425134658813,-0.6076632738113403,0.3566417098045349,-0.09091611206531525,0.07415006309747696,-0.1404528021812439,0.08209522068500519,0.41069501638412476,0.24596358835697174,0.5053476691246033
Y,-0.07010896503925323,0.42695796489715576,0.23770418763160706,0.2541410028934479,-0.379097580909729,-0.2413538545370102,0.3679942190647125,-0.22295355796813965,-0.5234489440917969,0.1923120766878128,0.5795122385025024,0.09103519469499588,0.22170212864875793,-0.4624951481819153,-0.46710342168807983,0.02221578359603882,-0.1039203330874443,-0.4662638008594513,-0.13270118832588196,-0.010284669697284698,-0.11164388805627823,-0.05112709105014801,-0.566709041595459,0.3460373282432556,0.3292236030101776,-0.045010458678007126,-0.0549798309803009,0.034051693975925446,0.10264552384614944,0.10252112150192261,0.3004806637763977,-0.1004360094666481,0.1279757171869278,0.03469422087073326,0.4120909869670868,0.12000249326229095,0.17585749924182892,0.21677327156066895,-0.09007690846920013,-0.1490674465894699,0.5398130416870117,-0.3053601384162903,-0.04692758619785309,0.4957955479621887,-0.1343495100736618,0.14136792719364166,0.2964439392089844,0.3282671868801117,-1.044319748878479,0.3498796820640564,0.17464256286621094,-0.18936455249786377,-0.03015965037047863,0.18201977014541626,-0.11504801362752914,0.1715666949748993,-0.04918351396918297,-0.22972822189331055,0.0623159185051918,-0.30815574526786804,0.10624697059392929,0.18519751727581024,-0.26894038915634155,-0.13185784220695496,-0.49980393052101135,-0.010413839481770992,0.2564593255519867,-0.579318106174469,-0.2521129846572876,0.5800539255142212,0.10358574241399765,0.45793333649635315,-0.4835605323314667,0.3640401065349579,0.08911710977554321,-0.28681209683418274,-0.5229058265686035,-0.30771541595458984,0.2305464744567871,0.035452861338853836,0.31736499071121216,0.2428654581308365,0.1936769187450409,0.43123388290405273,0.07778725773096085,0.4839726984500885,0.20843051373958588,0.4968760907649994,0.6808605194091797,-0.07083060592412949,-0.0879288837313652,0.13453900814056396,0.330319344997406,-0.05795521289110184,-0.12143871188163757,0.2868991196155548,-0.1164415180683136,0.09534140676259995,-0.031081026419997215,0.044522736221551895,-0.5145252346992493,0.286966472864151,0.037577126175165176,0.5581549406051636,0.06120085343718529,-0.16525746881961823,-0.21819737553596497,0.1149626299738884,-0.11275986582040787,-0.3812260925769806,0.14602193236351013,0.001956533407792449,-0.2789693772792816,0.22384527325630188,0.08008302748203278,0.09760405868291855,-0.1560831069946289,-0.011717709712684155,-0.006223536562174559,-0.17502489686012268,-0.14219269156455994,-0.7186526656150818,-0.06350422650575638,-0.1992134302854538,-0.1439773291349411,0.11208738386631012,0.3845505714416504,-0.29218989610671997,0.22180861234664917,0.1717047095298767,0.48603886365890503,-0.10259923338890076,-0.4296923577785492,0.0945262536406517,-0.22449858486652374,-0.09811330586671829,0.4938502907752991,0.09276578575372696,0.5921413898468018,-0.11029325425624847,-0.2793588936328888,-0.08884712308645248,0.00226032268255949,0.028988195583224297,-0.4075964093208313,-0.5421494841575623,-0.19435922801494598,0.20406799018383026,-0.1013864129781723,-0.010211221873760223,-0.03417246788740158,0.07975129038095474,0.30274805426597595,0.1372179538011551,0.09684991091489792,-0.10751690715551376,-0.2318670153617859,-0.17449985444545746,0.43139612674713135,0.2620829641819,-0.015591991133987904,0.21924300491809845,0.1697225719690323,-0.03600161150097847,0.2779015898704529,0.21175934374332428,-0.12066558003425598,0.191398486495018,0.19885271787643433,-0.2346254289150238,-0.203965961933136,-0.2890397310256958,0.3586221933364868,-0.19827762246131897,0.22547435760498047,-0.23327317833900452,0.4117855429649353,0.5331602692604065,-0.40841713547706604,-0.031073108315467834,-0.04603642225265503,-0.050420910120010376,0.24342302978038788,-0.3281695544719696,-0.0697687417268753,-0.08871234953403473,-0.1513907015323639,-0.2782716751098633,0.0066921948455274105,-0.1832185536623001,0.24178503453731537,-0.5811051726341248,0.23096533119678497,-0.2778666019439697,-0.026508525013923645,-0.062062110751867294,0.3864395320415497,0.501484215259552,0.2978695034980774,0.4831767976284027
Tm,-0.00200841692276299,0.6080074906349182,0.06185166910290718,0.4125421941280365,-0.6463810801506042,-0.08608907461166382,0.8199742436408997,-0.1335902214050293,-0.3286101520061493,0.5205853581428528,0.34497255086898804,-0.2760973274707794,-0.03711285442113876,-0.21780002117156982,-0.4043928384780884,0.24812966585159302,-0.3491952419281006,-0.4812609553337097,-0.005838335957378149,0.32202085852622986,0.09269385039806366,0.2383100837469101,-0.6929939985275269,0.865140438079834,0.3841058313846588,-0.12223269045352936,-0.27750593423843384,0.1902451068162918,0.25346463918685913,0.2842918932437897,0.2677519619464874,-0.15643513202667236,0.5325769782066345,-0.29964083433151245,0.18131953477859497,0.16264058649539948,0.3280879855155945,0.267592191696167,-0.23067325353622437,-0.08959648758172989,0.5995408296585083,-0.8857178092002869,-0.2242162823677063,0.2982648015022278,-0.06459219753742218,0.060730401426553726,-0.24413664638996124,0.531391978263855,-0.7485859990119934,0.09665475785732269,0.3056190609931946,-0.555753767490387,0.06196712329983711,-0.02598366141319275,0.05474850907921791,-0.35120853781700134,0.18455572426319122,-0.2561858296394348,0.34611672163009644,-0.1458905041217804,0.11036377400159836,-0.41985946893692017,0.33371543884277344,-0.13107240200042725,-0.46052086353302,0.0384511761367321,-0.26937252283096313,-0.6147589087486267,-0.046940457075834274,0.5220773816108704,0.5603793263435364,0.5363906025886536,-0.5074555277824402,0.3060818910598755,0.1595657914876938,-0.11498185992240906,-0.33881112933158875,-0.23225413262844086,0.30708348751068115,-0.043463557958602905,0.279153048992157,0.3729756474494934,-0.06505875289440155,0.11489309370517731,0.038078609853982925,-0.23243753612041473,-0.09503296762704849,0.32686561346054077,0.5485045909881592,-0.1372089385986328,0.07689709961414337,-0.10035718977451324,-0.19072870910167694,0.11930767446756363,-0.5484547019004822,0.3793484568595886,0.059942446649074554,0.10007928311824799,0.27737462520599365,0.3017606735229492,-0.3886604905128479,0.1821499466896057,-0.07242481410503387,0.7114548683166504,-0.05138210207223892,0.026506997644901276,-0.6580489277839661,0.6413599252700806,-0.06949348747730255,0.05051789805293083,0.13932856917381287,-0.42111438512802124,-0.5367943048477173,0.8474113941192627,0.1812543272972107,-0.20858757197856903,-0.6296332478523254,0.16878828406333923,0.05119447037577629,-0.29182443022727966,0.20827044546604156,-0.15534144639968872,-0.9111902117729187,-0.38086822628974915,-0.18172533810138702,-0.22001329064369202,0.12701445817947388,-0.38544172048568726,0.13090980052947998,0.20363882184028625,0.0846162661910057,-0.01643519476056099,-0.02059885486960411,0.5519120097160339,-0.4408717155456543,-0.3617058992385864,0.6232401728630066,0.2752596437931061,0.43701714277267456,0.003266579005867243,-0.26312056183815,-0.6608495712280273,-0.04433809220790863,-0.07078369706869125,-0.26745691895484924,-0.1726180911064148,0.038897521793842316,0.1874442845582962,-0.11330459266901016,0.7210640907287598,0.036829378455877304,0.16149534285068512,0.27342352271080017,0.3172091543674469,-0.031021805480122566,0.14083702862262726,-0.1727302074432373,0.24449102580547333,0.27678683400154114,0.1415155977010727,-0.24485063552856445,-0.33653125166893005,0.2960503101348877,0.12856651842594147,0.4683929681777954,-0.06784097105264664,-0.3317506015300751,0.28132298588752747,0.22137393057346344,0.08939830213785172,-0.37223535776138306,-0.04274098947644234,0.05635610595345497,0.15533238649368286,0.1360253244638443,0.07605820894241333,1.0125998258590698,0.2639850676059723,0.2729016840457916,-0.0819280818104744,0.1980891227722168,0.11108992248773575,0.5897951126098633,-0.1713925451040268,0.0486503429710865,0.10153555124998093,-0.6494998335838318,-0.8104796409606934,-0.2995595335960388,-0.20472389459609985,0.23160165548324585,-0.7315605878829956,0.718949556350708,-0.327420711517334,0.04174512252211571,-0.04132400453090668,0.20206040143966675,0.17518366873264313,0.07193593680858612,0.3162079155445099
Ti,-0.0013251124182716012,-0.06274490803480148,-0.09218121320009232,-0.3237173557281494,-0.2006824016571045,0.08264197409152985,0.21629738807678223,-0.09000390022993088,-0.1798529475927353,0.16682089865207672,0.4928068220615387,-0.1377735435962677,0.21968819200992584,-0.1441425383090973,-0.021302703768014908,0.618033766746521,-0.14712825417518616,-0.05393229424953461,-0.17561429738998413,0.25339826941490173,-0.10875410586595535,0.0490986704826355,-0.4770680069923401,0.2418009638786316,0.46659570932388306,-0.16049286723136902,-0.15193982422351837,0.17657046020030975,-0.1568382978439331,-0.026507694274187088,0.24084331095218658,0.09678719937801361,0.16479165852069855,-0.03293393552303314,0.22798170149326324,-0.276551216840744,0.2487640529870987,-0.06622754782438278,-0.30762550234794617,-0.3615960478782654,0.2990073561668396,0.01825099065899849,0.05202723667025566,-0.09215138852596283,-0.051773227751255035,0.2911553382873535,0.12772177159786224,0.25623375177383423,-0.5099747776985168,0.09461270272731781,0.25151580572128296,0.10717909783124924,0.5887482762336731,0.03709454461932182,0.07971925288438797,0.2349681258201599,0.21776442229747772,-0.36288803815841675,0.08547098189592361,0.04641326889395714,0.10644727200269699,0.2281596064567566,-0.1244409829378128,-0.22825345396995544,-0.3463439345359802,-0.19098632037639618,-0.4059460163116455,0.05742187052965164,-0.12202505767345428,0.546950101852417,0.3699074387550354,0.05750826373696327,-0.1676064133644104,0.22333411872386932,-0.06107744947075844,0.1259966790676117,-0.44415491819381714,-0.3006053566932678,-0.26800623536109924,0.14657969772815704,0.13163720071315765,0.18378007411956787,0.20836599171161652,0.4580034613609314,0.12917320430278778,0.14056403934955597,-0.229465514421463,0.14500144124031067,0.5442039966583252,0.03488832712173462,-0.22620682418346405,-0.3610960841178894,0.24285583198070526,-0.08734643459320068,-0.17825278639793396,0.15330855548381805,-0.25361746549606323,0.19082574546337128,-0.0658782497048378,0.423248827457428,-0.43044304847717285,0.18314921855926514,0.12996603548526764,0.27350741624832153,-0.732068657875061,0.11331634223461151,-0.4343288540840149,0.2511880099773407,-0.005831348244100809,-0.013762565329670906,0.001911268336698413,0.051392603665590286,-0.3971422016620636,0.18637342751026154,-0.3552389442920685,-0.14457345008850098,0.05762258544564247,-0.2610565721988678,0.20498789846897125,-0.35500162839889526,-0.06779150664806366,-0.2334216684103012,0.06220969185233116,-0.45557448267936707,-0.3190252184867859,0.2031395435333252,0.2774983048439026,-0.8574377298355103,-0.015023012645542622,0.6145734190940857,-0.1930333375930786,-0.32480064034461975,-0.18276961147785187,0.182755246758461,0.38772377371788025,-0.08738360553979874,0.02067306451499462,-0.1072114035487175,0.5555971264839172,0.3248448967933655,-0.19931893050670624,-0.13247381150722504,-0.15701289474964142,-0.09960201382637024,0.04391267150640488,-0.016721807420253754,0.04474592208862305,-0.09677308797836304,-0.0792790949344635,-0.14713646471500397,-0.2576516568660736,-0.03395231440663338,0.16673772037029266,0.0320429690182209,0.19525587558746338,-0.055535465478897095,0.4327949285507202,0.15561053156852722,0.12747040390968323,0.2165532112121582,-0.16596944630146027,-0.020919159054756165,0.3964513838291168,0.2981988489627838,-0.12021827697753906,0.5037505030632019,-0.1897750198841095,0.07411860674619675,-0.10847761482000351,-0.0449955053627491,0.11456763744354248,0.051846761256456375,0.28375443816185,0.010795358568429947,0.43429914116859436,-0.22172339260578156,0.2578737437725067,0.21174676716327667,-0.6441981196403503,-0.32319360971450806,-0.13206613063812256,0.23588888347148895,0.02891405299305916,-0.3355652987957001,-0.15098130702972412,0.06306972354650497,0.18768660724163055,-0.38300538063049316,0.12793073058128357,-0.1756373792886734,0.09366127103567123,-0.10175804048776627,0.2670166790485382,-0.250663161277771,0.15115398168563843,-0.058337125927209854,-0.06677313148975372,0.1818709373474121,0.11501017212867737,0.22142641246318817
In,0.14514270424842834,0.5551306009292603,0.1288553774356842,0.17108948528766632,-0.42556115984916687,-0.23495322465896606,0.3896854519844055,-0.2966398596763611,-0.34461161494255066,0.30493855476379395,0.3922620713710785,-0.3406732678413391,-0.2535817325115204,-0.14078854024410248,-0.047544609755277634,0.16163304448127747,-0.18121437728405,0.1223272755742073,-0.13381120562553406,0.18575167655944824,-0.20303840935230255,0.37545496225357056,-0.46786123514175415,0.30746403336524963,0.16457735002040863,-0.013174581341445446,-0.1101505309343338,0.22899045050144196,0.13739030063152313,0.14514629542827606,0.35473552346229553,-0.03365930914878845,0.12746039032936096,-0.1574312150478363,0.14979217946529388,-0.21200819313526154,-0.26040422916412354,-0.1828836053609848,0.12112684547901154,-0.34696218371391296,0.2690522372722626,-0.23040470480918884,-0.6539523601531982,-0.10847164690494537,-0.13846220076084137,0.4961816072463989,-0.04613007232546806,0.7625983953475952,-1.0976288318634033,0.6059427261352539,-0.12015099823474884,0.23695817589759827,0.2453097701072693,0.35193169116973877,0.1816069632768631,-0.10268042981624603,-0.020245110616087914,-0.22845901548862457,-0.05871858447790146,-0.18630722165107727,-0.026380516588687897,-0.22681772708892822,-0.1965934932231903,-0.1680513620376587,-0.40499114990234375,0.1472167819738388,0.0015645186649635434,0.2151077836751938,-0.2423880249261856,0.44879329204559326,-0.03499436751008034,0.022297164425253868,-0.32342326641082764,0.12642613053321838,0.037264883518218994,-0.3484412729740143,-0.4897388517856598,-0.30968889594078064,-0.135179802775383,0.16732600331306458,-0.0013714343076571822,0.332548052072525,-0.015157878398895264,0.3515569865703583,0.12715107202529907,0.3246056139469147,-0.15507838129997253,0.5496245622634888,0.20577137172222137,0.1578899472951889,0.019059376791119576,-0.037095535546541214,0.012731662020087242,0.2836513817310333,-0.5100292563438416,0.5791836380958557,0.12321460992097855,-0.006100378930568695,-0.09580923616886139,0.47849369049072266,0.2991625964641571,0.45615890622138977,0.08110591769218445,0.12575505673885345,-0.39763811230659485,-0.2950941324234009,-0.36636465787887573,0.6438952684402466,-0.07819435745477676,-0.16593173146247864,-0.003768994938582182,0.1290944218635559,-0.3713648021221161,0.060127221047878265,0.02367955818772316,0.32293447852134705,-0.10348190367221832,0.26078343391418457,-0.15671545267105103,-0.3744089603424072,-0.07905551046133041,-0.7528232336044312,-0.4651796817779541,-0.5294630527496338,-0.12024673819541931,-0.04199061542749405,0.18028055131435394,-0.024744516238570213,0.33370450139045715,-0.04699175804853439,-0.31352055072784424,-0.018724936991930008,-0.010853374376893044,0.07895573228597641,0.289518803358078,-0.04252137988805771,-0.06963471323251724,0.07494736462831497,0.21089212596416473,-0.1979406177997589,-0.31635627150535583,-0.3143691420555115,-0.3966696262359619,-0.11511199176311493,-0.0811656266450882,-0.12297937273979187,0.12250480055809021,-0.18757778406143188,0.11017549782991409,0.04156775027513504,0.01562809944152832,-0.21618016064167023,0.2958477735519409,0.162919282913208,-0.10699015855789185,0.04505261033773422,-0.1439031958580017,0.12346625328063965,-0.1798468828201294,0.43006622791290283,-0.05185701325535774,0.3725161850452423,0.19917237758636475,0.12583765387535095,0.275258868932724,0.11045347154140472,-0.14970408380031586,0.21469533443450928,-0.06624747812747955,0.11329536139965057,-0.14366888999938965,0.28948140144348145,0.0643158107995987,-0.14100642502307892,-0.053044628351926804,-0.09045343846082687,0.06954340636730194,0.2397412657737732,-0.2628256380558014,-0.4293852746486664,-0.4246070384979248,0.030173609033226967,0.25641801953315735,0.06848476082086563,0.08527947217226028,0.053787507116794586,-0.09404972940683365,-0.36367908120155334,-0.12392223626375198,-0.2900533080101013,-0.25892174243927,-0.2983884811401367,0.49909937381744385,0.24337658286094666,-0.2340034693479538,-0.33811652660369873,-0.005123496055603027,0.6262328624725342,-0.01821950264275074,0.18814939260482788
Lu,-0.1613103300333023,0.7377722263336182,0.2782595157623291,0.3865324556827545,-0.32358893752098083,-0.48928937315940857,0.6846984028816223,-0.09874469041824341,-0.36509203910827637,0.31030526757240295,0.6993933320045471,-0.004864691756665707,0.11549301445484161,-0.4798346161842346,-0.4656323194503784,0.45230501890182495,-0.5149479508399963,-0.3999182879924774,0.1676734983921051,0.28609511256217957,0.09454596787691116,-0.24463771283626556,-0.1320572942495346,0.4174242615699768,0.13104772567749023,-0.5280359387397766,-0.01759420894086361,0.16040010750293732,0.039728958159685135,0.48281413316726685,-0.25155290961265564,0.1006738692522049,0.4080211818218231,0.12195244431495667,0.4633926749229431,-0.23443056643009186,0.11217822134494781,0.23577596247196198,0.16627709567546844,0.44874054193496704,0.503658652305603,-0.33123791217803955,-0.060197170823812485,0.1550302356481552,-0.4254719018936157,-0.05287942662835121,0.1540500521659851,0.7503021359443665,-0.6030319333076477,0.3576183617115021,0.511968195438385,-0.4652079641819,0.11664034426212311,0.12385111302137375,0.08816900104284286,-0.14909715950489044,0.14684073626995087,0.01609852910041809,0.07214682549238205,-0.16316072642803192,0.2526055872440338,-0.07320287078619003,0.14434710144996643,-0.4583781659603119,-0.11337397992610931,-0.1943439096212387,0.2952636182308197,-0.7196547985076904,-0.5777071714401245,0.9621378779411316,0.23093391954898834,0.31193751096725464,-0.6073153018951416,0.2711702883243561,0.17393217980861664,-0.5090456604957581,-0.2804069221019745,-0.29374611377716064,0.17864258587360382,0.1072128415107727,0.1696515828371048,0.22870710492134094,-0.05592014268040657,0.3471170961856842,-0.24315807223320007,0.0725259929895401,0.3419780135154724,0.8247780799865723,0.5678520202636719,0.02118346281349659,0.32104137539863586,0.3140525221824646,-0.023826900869607925,-0.019393451511859894,-0.18549376726150513,0.24759331345558167,-0.11883535236120224,0.2439311146736145,-0.0014713063137605786,0.20599432289600372,-0.45259031653404236,0.1369827389717102,-0.027301829308271408,0.3689571022987366,-0.33738645911216736,-0.12792029976844788,-0.28198593854904175,0.48136502504348755,0.03602771833539009,-0.020040957257151604,0.4151298701763153,0.05645756796002388,-0.1699923574924469,-0.18783710896968842,-0.047682713717222214,-0.138108029961586,-0.038387835025787354,-0.18046854436397552,-0.31949251890182495,-0.37249577045440674,0.008530528284609318,-0.8867400884628296,-0.34819871187210083,-0.09365422278642654,0.1578814536333084,0.10148834437131882,0.5461771488189697,-0.5296554565429688,0.1392408013343811,0.15448535978794098,0.2787254750728607,-0.22574882209300995,-0.28198111057281494,0.4522237181663513,-0.3550966680049896,0.04898206144571304,0.8190425634384155,0.15327654778957367,0.30668511986732483,0.327633261680603,-0.017209261655807495,-0.6905167698860168,0.0361727736890316,-0.09720130264759064,-0.3233993649482727,-0.39454907178878784,-0.40432995557785034,0.17457708716392517,-0.10239710658788681,-0.1622607707977295,-0.02044566720724106,0.03643682226538658,0.5973758697509766,0.4301685690879822,0.026371054351329803,0.19062867760658264,-0.5781077146530151,-0.027007048949599266,0.042546551674604416,-0.008620096370577812,-0.2589832544326782,0.18270912766456604,-0.017995474860072136,-0.04285270720720291,0.2897621691226959,-0.02753901295363903,-0.49711376428604126,-0.08844970166683197,0.1959555745124817,0.08162529021501541,-0.8702638149261475,-0.17794470489025116,0.39091813564300537,-0.05592750385403633,0.2457859367132187,0.15803752839565277,0.5841743350028992,0.6082518696784973,0.08195539563894272,0.30409103631973267,0.05856572836637497,0.18225017189979553,0.42572614550590515,-0.004147252067923546,-0.07467066496610641,-0.5132773518562317,-0.3755844831466675,-0.7914333939552307,-0.4027498960494995,-0.3222072422504425,0.425887793302536,-0.5273123979568481,0.7966868877410889,-0.3528684973716736,0.22622746229171753,-0.013786316849291325,0.07702916115522385,-0.10898479074239731,0.6566933989524841,0.31428563594818115
Mg,0.01994667761027813,0.4251568913459778,-0.15865449607372284,-0.13371533155441284,-0.49054569005966187,-0.12401773035526276,0.10364613682031631,-0.45384272933006287,-0.3458400070667267,-0.05195026472210884,0.161948099732399,-0.26129910349845886,0.18815428018569946,0.11683551222085953,-0.14837443828582764,-0.11925838142633438,-0.2898910641670227,0.30374473333358765,-0.29765865206718445,0.44251543283462524,0.08580669015645981,-0.25651127099990845,-0.6605128049850464,0.09694845974445343,0.4882662296295166,-0.005115879233926535,-0.45814254879951477,-0.03543645888566971,0.10526096075773239,0.05956033989787102,0.07293498516082764,0.1314830631017685,-0.13052232563495636,0.0305789764970541,-0.046847425401210785,0.1839878112077713,-0.10099337995052338,-0.10448771715164185,0.09760545939207077,0.023931482806801796,0.5394377112388611,-0.2681708335876465,0.19788317382335663,-0.049290645867586136,-0.3690233826637268,-0.022576674818992615,0.3062720000743866,0.1335141956806183,-0.996839702129364,0.20435860753059387,0.22096262872219086,-0.25538399815559387,0.3076729476451874,-0.0075790113769471645,0.29613202810287476,0.05306986719369888,0.2644512951374054,-0.1789184808731079,-0.18916870653629303,-0.35118770599365234,0.16895152628421783,0.24899044632911682,-0.3026542067527771,-0.17054076492786407,-0.2277161180973053,0.03377924859523773,-0.07588639855384827,-0.09021652489900589,-0.3887313902378082,0.5208136439323425,0.38680607080459595,0.18001967668533325,-0.24275422096252441,0.1573401242494583,-0.055417463183403015,-0.155752494931221,-0.4533807933330536,-0.06173155829310417,0.1845381110906601,0.22409602999687195,0.19533850252628326,-0.08335994184017181,-0.027322357520461082,0.25917646288871765,0.1529996395111084,-0.010891778394579887,0.20455802977085114,0.32366040349006653,0.36205002665519714,0.23661652207374573,-0.2909684181213379,-0.18461914360523224,0.22386004030704498,-0.06794445961713791,-0.200362890958786,0.20812152326107025,0.0018685434479266405,-0.05268792435526848,-0.14367364346981049,0.29079118371009827,-0.2598806321620941,0.31559261679649353,0.1178729459643364,0.5515551567077637,-0.34094977378845215,0.2967890202999115,-0.12373471260070801,-0.037702638655900955,0.06359179317951202,-0.2938828766345978,0.02048933133482933,0.19739402830600739,-0.6227640509605408,0.003210807219147682,-0.28642427921295166,0.35152363777160645,0.27018022537231445,0.21657343208789825,0.5142033100128174,-0.4749499261379242,0.05310022458434105,-0.2725714445114136,0.14423391222953796,-0.2125667929649353,-0.24448570609092712,0.38743749260902405,0.21119624376296997,-0.6142882108688354,0.06406091898679733,0.41634881496429443,0.48871779441833496,0.0866919532418251,-0.11625876277685165,0.09496697038412094,0.328380286693573,-0.09213470667600632,0.04144410416483879,-0.1530493050813675,0.31707704067230225,0.5637218356132507,-0.19129782915115356,-0.5048279166221619,0.07730811834335327,-0.08559150248765945,0.21835848689079285,-0.08640427887439728,0.11127788573503494,0.02327919937670231,0.4036100506782532,-0.041148651391267776,-0.007472144439816475,-0.4007338881492615,0.0972633957862854,0.03729746863245964,0.049481458961963654,-0.24861952662467957,0.20318950712680817,0.18129625916481018,0.18634425103664398,0.23733721673488617,0.3413549065589905,0.005756916478276253,0.28388863801956177,0.26173335313796997,0.09684062749147415,0.4558247923851013,-0.20834709703922272,0.31542515754699707,0.3104703426361084,-0.10892603546380997,0.12400095164775848,0.08384799212217331,0.36528491973876953,-0.06426889449357986,0.15074026584625244,0.028981180861592293,0.4411733150482178,0.5072246193885803,-0.5958559513092041,-0.2168855369091034,0.28989657759666443,-0.022550445050001144,0.07700254768133163,-0.30147287249565125,0.2599140405654907,-0.037481192499399185,0.04394077882170677,-0.25985172390937805,-0.302530974149704,-0.17720912396907806,0.13983534276485443,-0.22417263686656952,0.35977116227149963,0.013832634314894676,-0.1075754389166832,-0.08001463860273361,0.08325868844985962,0.3308764398097992,0.15576297044754028,0.1529279500246048
Li,0.30929964780807495,0.14465531706809998,-0.292439728975296,0.18243184685707092,-0.4917732775211334,0.4822981059551239,0.642699658870697,-0.10265854001045227,-0.062040653079748154,-0.029544712975621223,-0.06797484308481216,0.15562021732330322,0.17082786560058594,-0.36436203122138977,-0.02762618102133274,0.15837644040584564,-0.2805140018463135,-0.053335681557655334,0.08598322421312332,-0.02507520467042923,-0.15815487504005432,-0.2933540940284729,-0.6677881479263306,0.134454146027565,0.06199903413653374,0.17201118171215057,-0.04574592784047127,-0.15722014009952545,0.42658913135528564,0.41341227293014526,-0.014393922872841358,-0.08939945697784424,-0.07584313303232193,-0.1729259192943573,-0.08853215724229813,0.21034985780715942,0.12040422111749649,0.02443232201039791,0.12257944792509079,0.06579788774251938,0.5699044466018677,-0.3919030725955963,0.04031374305486679,0.08287406712770462,-0.27627748250961304,0.16471286118030548,-0.3107847571372986,0.5315700769424438,-0.8817750215530396,0.1492575854063034,-0.08047337085008621,0.03911663964390755,0.14813630282878876,0.0923103541135788,0.4121173024177551,0.018103720620274544,0.34095093607902527,-0.08777758479118347,-0.13709241151809692,-0.0992361381649971,0.2908289134502411,0.302762508392334,0.14627976715564728,0.23504579067230225,-0.10291827470064163,0.11289571225643158,-0.05639071762561798,0.0858735665678978,-0.23038220405578613,0.7166572213172913,0.31024619936943054,0.3709264099597931,-0.3687887191772461,0.08515960723161697,0.07830639183521271,-0.2828773856163025,-0.1674877107143402,-0.059313900768756866,-0.13373276591300964,0.6697250008583069,0.31543654203414917,-0.2653031647205353,-0.24243785440921783,0.47900140285491943,0.6017672419548035,0.07495211809873581,-0.21457618474960327,0.4609070420265198,-0.012968936003744602,0.15620486438274384,0.08000157028436661,-0.17479568719863892,0.05702674388885498,-0.041790395975112915,0.03196089342236519,0.386140376329422,-0.21585378050804138,-0.028652289882302284,-0.40572991967201233,0.24986493587493896,-0.35981485247612,-0.08533017337322235,0.02514810673892498,0.30252668261528015,-0.47779175639152527,0.11608070135116577,-0.39509209990501404,0.5501722693443298,-0.016413984820246696,-0.11973198503255844,0.2059294432401657,-0.07440246641635895,-0.43443048000335693,0.12556543946266174,-0.572093665599823,0.10584869235754013,-0.19298401474952698,0.03625151515007019,0.6230912804603577,-0.48883429169654846,-0.010145893320441246,-0.27446234226226807,-0.06447118520736694,-0.2915896475315094,-0.18049119412899017,0.5241231322288513,0.39065033197402954,-0.5748740434646606,0.4758855402469635,0.40213721990585327,0.09840483963489532,0.3149920701980591,0.13673126697540283,0.01560874842107296,0.2885597348213196,-0.3333802819252014,0.4509400427341461,0.16307280957698822,-0.015382075682282448,-0.04469893500208855,0.14806029200553894,-0.2553735673427582,0.2985478937625885,-0.12037041038274765,-0.34149089455604553,-0.1486990749835968,-0.11815163493156433,-0.09839624911546707,0.3974754214286804,-0.22404447197914124,0.17597359418869019,-0.02467646449804306,0.03610353544354439,0.26230260729789734,0.08096425235271454,-0.10045243054628372,-0.15003085136413574,0.2549617886543274,-0.025207772850990295,0.4654175639152527,0.07778563350439072,0.2816446125507355,-0.05029723420739174,0.16118812561035156,-0.07328906655311584,0.39458492398262024,-0.2033669650554657,-0.08273454010486603,0.40146365761756897,0.024673018604516983,-0.05682361498475075,-0.0646461695432663,0.3963014483451843,0.189946249127388,0.37110230326652527,0.09280481189489365,0.26721248030662537,-0.022423315793275833,-0.3119758367538452,-0.37400534749031067,0.09369661659002304,0.23662112653255463,0.24743704497814178,-0.1925230175256729,0.3721410632133484,0.2516414523124695,-0.06860323995351791,-0.04173927754163742,-0.049223240464925766,-0.1567966789007187,-0.1404585987329483,-0.12016119062900543,0.5246355533599854,-0.2594151794910431,-0.025600390508770943,0.2728641629219055,0.03517455980181694,0.4328356385231018,0.19065329432487488,0.21621698141098022
Zr,-0.09047037363052368,0.2650802731513977,-0.019279850646853447,0.02618219703435898,-0.4394614100456238,-0.044392406940460205,0.34771567583084106,-0.21224305033683777,-0.2807445228099823,0.5143288969993591,0.5676180720329285,-0.3058670461177826,-0.024773292243480682,-0.17654164135456085,-0.35147321224212646,0.45688891410827637,-0.006722115445882082,-0.29286643862724304,-0.30396556854248047,0.3700050115585327,-0.3204706907272339,-0.3155612349510193,-0.5214860439300537,0.002616248559206724,0.33934688568115234,0.15108340978622437,-0.07342658191919327,0.0865471214056015,0.1413380354642868,0.14658980071544647,0.044321443885564804,-0.046508729457855225,0.061863865703344345,-0.1369422823190689,0.24685563147068024,-0.14389638602733612,0.3320761024951935,0.08926356583833694,0.15948322415351868,-0.048791199922561646,0.40555626153945923,-0.15160875022411346,0.11997327208518982,0.13589435815811157,0.010353275574743748,-0.1601506918668747,0.15038128197193146,0.39177975058555603,-0.6381335258483887,0.22994612157344818,0.3751775324344635,-0.0722036138176918,0.19598649442195892,0.28217005729675293,-0.2933569848537445,0.10592576116323471,0.043058305978775024,-0.5331172943115234,0.03594203665852547,-0.0776996836066246,0.12881532311439514,0.4893546402454376,-0.19073158502578735,-0.34660083055496216,-0.6023985743522644,-0.0060911839827895164,0.2213640809059143,-0.07024610042572021,-0.29303574562072754,0.8959552049636841,0.32055550813674927,0.34408578276634216,-0.40144678950309753,0.2707914710044861,-0.029868127778172493,-0.18468248844146729,-0.383603036403656,-0.39281943440437317,0.0748911052942276,0.07590554654598236,0.14949803054332733,0.27602940797805786,0.07099343091249466,0.537092387676239,0.24462252855300903,0.05716642737388611,-0.24941785633563995,0.5072284936904907,0.5256461501121521,-0.1543566882610321,-0.1509561389684677,-0.2414042055606842,0.23129823803901672,0.1072225421667099,-0.42320337891578674,0.11889445036649704,-0.12038382142782211,0.04293205589056015,-0.007520394399762154,0.19814661145210266,-0.4255804419517517,0.35163307189941406,0.24372068047523499,0.2625185549259186,-0.6659162044525146,0.3228349983692169,0.00024467718321830034,0.39063870906829834,-0.2559435963630676,-0.07873004674911499,0.3693319261074066,-0.01873181387782097,-0.14882178604602814,0.033407021313905716,0.13042104244232178,-0.26146382093429565,-0.1637880504131317,-0.1377275139093399,0.16001729667186737,-0.03310199826955795,-0.16701413691043854,-0.40063712000846863,0.22269262373447418,-0.7102236151695251,-0.39091116189956665,0.41238871216773987,0.2450040727853775,-0.7995122075080872,0.06715043634176254,0.4015955328941345,0.11481567472219467,-0.24736380577087402,-0.022573743015527725,-0.018709590658545494,0.06536173075437546,-0.13071127235889435,0.2522592842578888,-0.04205208271741867,0.7756451368331909,0.19130662083625793,-0.4115743339061737,-0.09357041865587234,0.03316103294491768,0.02999144047498703,-0.03752404451370239,-0.3867028057575226,-0.09001638740301132,0.0912836343050003,0.139542356133461,-0.14405463635921478,-0.2782096862792969,0.10049227625131607,0.4005366861820221,0.14879648387432098,0.1663038730621338,-0.11914430558681488,0.31799477338790894,0.13138620555400848,0.2608213424682617,0.19364021718502045,-0.09540817886590958,-0.0996294841170311,0.363040030002594,0.34172698855400085,-0.1346946358680725,0.3399392068386078,-0.14334818720817566,-0.013029598630964756,-0.09926299005746841,-0.25870341062545776,-0.08047118037939072,-0.18366427719593048,0.3364216983318329,0.1822788268327713,0.4608214497566223,-0.15648360550403595,0.061508726328611374,0.40442827343940735,-0.6183388233184814,-0.36635419726371765,-0.08160296082496643,-0.25130003690719604,0.10066977143287659,-0.37661391496658325,-0.20116066932678223,0.04126977548003197,0.2396496683359146,-0.3139542043209076,0.2616545259952545,-0.2655881345272064,-0.0967918261885643,-0.3474973142147064,0.1134120523929596,-0.031272709369659424,-0.0500897616147995,0.13668401539325714,0.06716092675924301,0.06248357892036438,0.41723310947418213,0.1354658454656601
Pt,-0.021728603169322014,0.2884491980075836,-0.1867498755455017,0.060995928943157196,0.06318860501050949,-0.07416750490665436,0.16982129216194153,-0.6508529782295227,0.09714287519454956,0.27641862630844116,0.3058438301086426,-0.23093874752521515,0.05058779940009117,-0.11553387343883514,0.28044793009757996,0.4186367094516754,-0.08698996901512146,-0.08804221451282501,0.09223605692386627,0.30157986283302307,0.17295002937316895,0.1319318264722824,-0.48886239528656006,0.28887367248535156,-0.0379754975438118,0.08519043028354645,0.015508446842432022,0.08209998905658722,-0.23282384872436523,0.4146479666233063,-0.1073622778058052,-0.5994723439216614,-0.06779833137989044,-0.06804796308279037,0.2718326151371002,-0.2258996069431305,0.12173696607351303,-0.16763977706432343,-0.1410723477602005,-0.052245888859033585,0.6318988800048828,0.09557714313268661,0.14944761991500854,0.39817801117897034,-0.013805989176034927,0.25370022654533386,0.11547663807868958,0.5177468657493591,-0.22449460625648499,0.30740678310394287,0.02958107925951481,-0.16895240545272827,0.3988754153251648,0.09719058126211166,-0.23280784487724304,0.023047514259815216,0.006734280381351709,-0.037310194224119186,0.39644697308540344,-0.009178302250802517,-0.26421257853507996,-0.10307078063488007,-0.03492791950702667,0.03514031320810318,-0.510155200958252,-0.27438780665397644,-0.06194707751274109,-0.00852988101541996,-0.1602110117673874,-0.11705715954303741,0.289238840341568,0.588248074054718,-0.026446279138326645,-0.11787059158086777,-0.41835886240005493,-0.41695788502693176,-0.2814596891403198,-0.25064635276794434,-0.20920708775520325,0.10867315530776978,0.027558112516999245,0.5849176645278931,0.01727789267897606,0.3209867775440216,0.14227305352687836,0.020731639117002487,-0.0304487943649292,0.4723430573940277,0.1408640444278717,0.3700028359889984,0.3176345229148865,-0.15381380915641785,0.30406102538108826,0.029861949384212494,-0.5477330088615417,0.571472704410553,-0.0153696583583951,0.1930191069841385,-0.07928958535194397,0.5297672152519226,-0.24371859431266785,0.33390673995018005,0.11736833304166794,0.24057593941688538,-0.6047691106796265,-0.10657347738742828,-0.7661623954772949,0.36013418436050415,0.19799184799194336,-0.36561810970306396,-0.036582641303539276,-0.059623051434755325,-0.31920820474624634,-0.01788303069770336,-0.002215377055108547,0.22923991084098816,-0.3244853615760803,0.2443249672651291,0.3184428811073303,-0.07015281915664673,-0.19890563189983368,-0.1689685732126236,0.06292904168367386,-0.39866140484809875,-0.11183208972215652,-0.27217116951942444,0.1607874035835266,-0.595203161239624,-0.0913250744342804,0.2994421124458313,-0.249360129237175,-0.026588700711727142,-0.0026668228674679995,0.2666495442390442,-0.08421160280704498,-0.16520142555236816,-0.08545523881912231,-0.21377454698085785,0.42986083030700684,0.3529614806175232,-0.43124645948410034,0.0936826691031456,-0.16116955876350403,-0.12999026477336884,-0.15320105850696564,-0.23995646834373474,-0.005613470915704966,-0.06708741933107376,-0.012982258573174477,-0.026204997673630714,-0.16836868226528168,-0.2791382372379303,0.06691624969244003,0.25748562812805176,0.15058407187461853,-0.09446898102760315,-0.010976767167448997,-0.43377020955085754,-0.09472348541021347,-0.06076614931225777,-0.07819771021604538,0.4000381827354431,0.3406515121459961,0.06868990510702133,-0.09632140398025513,0.23225095868110657,0.12809032201766968,0.07615155726671219,-0.31638622283935547,0.012546112760901451,-0.10139679163694382,-0.10752491652965546,-0.303705632686615,0.06351067125797272,0.31121593713760376,0.25545522570610046,0.1032358855009079,0.31199976801872253,-0.5198630690574646,-0.32159286737442017,-0.5566563606262207,0.08212576806545258,0.15965832769870758,0.07108262181282043,-0.2001868188381195,0.06053914874792099,0.23580600321292877,-0.424234002828598,-0.07611411809921265,-0.026641104370355606,0.15409982204437256,0.21555036306381226,0.13175395131111145,0.12268482148647308,0.05249181389808655,0.0986809954047203,-0.0745682418346405,0.6415358781814575,0.20966771245002747,0.2363956868648529
La,0.2088962346315384,0.418704092502594,0.08646702021360397,0.27897021174430847,-0.38578060269355774,-0.17050880193710327,0.4117624759674072,-0.2521609663963318,-0.343910813331604,0.29793581366539,0.3749077320098877,0.03957192599773407,0.3181343376636505,-0.09156553447246552,-0.08062154799699783,0.22566132247447968,-0.14268437027931213,-0.3307991921901703,-0.16382332146167755,0.14411737024784088,-0.13016614317893982,-0.012104777619242668,-0.6623521447181702,0.30209362506866455,0.8503624200820923,0.4096719026565552,-0.35065239667892456,-0.004123259801417589,-0.09049421548843384,0.23237469792366028,0.3804994523525238,-0.15173399448394775,0.09188716858625412,0.059264469891786575,0.594426691532135,-0.19910107553005219,0.05931440740823746,0.05072232335805893,0.1146216094493866,-0.02486560493707657,0.4807870090007782,-0.6515645980834961,0.24644455313682556,0.014086654409766197,-0.3462391197681427,-0.017948871478438377,0.40224218368530273,0.5051532983779907,-0.8926559686660767,0.28359436988830566,0.4716358780860901,-0.035658374428749084,0.03674355521798134,0.14858834445476532,-0.17798057198524475,0.02365858666598797,0.03741702437400818,-0.09789367020130157,0.030226916074752808,-0.17352239787578583,0.03907671198248863,0.04363834857940674,0.03478292375802994,-0.2547754645347595,-0.23740001022815704,-0.046932876110076904,0.10399028658866882,-0.347308486700058,-0.2572334110736847,0.4034426212310791,0.19394248723983765,0.44327083230018616,-0.609926164150238,0.25289711356163025,0.31258490681648254,-0.12828445434570312,-0.5383612513542175,-0.40843793749809265,0.04612681642174721,0.09831749647855759,0.183635875582695,0.30823609232902527,0.08333869278430939,0.2955631911754608,0.25875189900398254,0.3992033898830414,0.32806092500686646,0.5657430291175842,0.384993314743042,0.1279071867465973,0.22865785658359528,-0.026577327400445938,0.45361074805259705,-0.31217485666275024,-0.22382962703704834,0.5667800903320312,0.004134754184633493,0.09114283323287964,0.015796160325407982,0.18031452596187592,-0.2763831615447998,0.23270012438297272,0.3560389578342438,0.2557806670665741,-0.042810000479221344,-0.4842228889465332,-0.31317639350891113,0.3357599973678589,-0.17002837359905243,-0.19292303919792175,0.0671730563044548,-0.1316547989845276,-0.3420497477054596,-0.02642655558884144,-0.15065863728523254,-0.11667349189519882,0.0426785945892334,0.17930208146572113,-0.13727004826068878,0.0017301776679232717,0.05580686405301094,-0.9343592524528503,0.03615572303533554,-0.46156811714172363,-0.028040748089551926,0.1736631840467453,0.5298342108726501,-0.2939308285713196,0.15233592689037323,0.18120260536670685,0.3159524202346802,0.09586745500564575,0.07417978346347809,0.13195069134235382,-0.492672860622406,-0.20046764612197876,0.3762352168560028,0.0028710486367344856,0.3091919422149658,0.351032555103302,-0.39083999395370483,-0.12623509764671326,0.10900437086820602,-0.0030403833370655775,-0.04835241660475731,-0.1658896803855896,0.21564994752407074,0.12146838009357452,-0.036317452788352966,-0.22906403243541718,0.2206966131925583,0.4165727198123932,0.06065097451210022,0.40134167671203613,0.07331839203834534,-0.13521616160869598,0.008836350403726101,-0.3377891480922699,0.053343646228313446,0.24569906294345856,0.09531480073928833,0.09414101392030716,0.10495515912771225,0.06037134304642677,0.5934317708015442,0.13371536135673523,-0.0067884959280490875,0.007513188291341066,0.3116043508052826,-0.4007883071899414,-0.11654295027256012,-0.10168333351612091,0.27046188712120056,0.20599056780338287,0.13494941592216492,-0.055115021765232086,0.5304952263832092,0.49229225516319275,-0.03990543261170387,-0.2057342529296875,-0.15444403886795044,-0.1785774677991867,0.24930919706821442,-0.30485233664512634,-0.0791773721575737,-0.16760078072547913,0.08191931247711182,-0.3372156620025635,0.17526231706142426,-0.313348650932312,0.33825036883354187,-0.3637698292732239,0.3715863823890686,-0.21987083554267883,-0.1893775910139084,0.011538048274815083,-0.008014772087335587,0.564002513885498,0.26250430941581726,0.32274219393730164
Cu,-0.08535647392272949,0.34173160791397095,-0.09502670913934708,0.006951621733605862,-0.23415926098823547,-0.259357750415802,0.1893213838338852,-0.10666811466217041,-0.1562299132347107,0.22650772333145142,0.543319821357727,-0.17804820835590363,-0.08665376901626587,0.012273697182536125,-0.12287301570177078,0.15835140645503998,-0.15803159773349762,-0.09236554056406021,0.12090763449668884,0.3282402753829956,-0.030407855287194252,0.14559786021709442,-0.654685914516449,0.028919225558638573,0.08267098665237427,0.12155751883983612,-0.6202207803726196,0.0848773717880249,0.15322540700435638,0.13382577896118164,0.1679368019104004,0.11517994850873947,0.21570982038974762,-0.07309548556804657,0.09013235569000244,-0.03509848564863205,-0.18145938217639923,-0.010310306213796139,-0.00374858221039176,-0.597141683101654,0.37346315383911133,-0.02882206253707409,-0.16852401196956635,0.10103588551282883,-0.10299287736415863,0.09523726999759674,0.16335062682628632,0.1557551622390747,-0.6077534556388855,0.1714775413274765,0.12158764898777008,0.04895465821027756,0.42969468235969543,0.2649897038936615,0.14378350973129272,0.0510156974196434,0.11232897639274597,-0.07301775366067886,0.007411893457174301,-0.04161956533789635,0.11973883211612701,0.18382510542869568,-0.0635671615600586,-0.18278473615646362,-0.10976340621709824,0.09234838932752609,0.2620716691017151,0.037553828209638596,-0.2735954821109772,0.36329132318496704,0.21071979403495789,0.13646388053894043,-0.03344107046723366,-0.05899728834629059,-0.5530612468719482,-0.49033984541893005,-0.4655463695526123,0.01651226170361042,-0.27464744448661804,0.16926434636116028,0.12662185728549957,0.13950665295124054,-0.3520209491252899,0.27256011962890625,-0.19432511925697327,-0.018186232075095177,-0.09399061650037766,0.34184980392456055,0.166470468044281,0.23346221446990967,0.06458169221878052,-0.03162148967385292,0.4203059673309326,0.24117031693458557,-0.19291314482688904,0.20896635949611664,-0.30800920724868774,0.3146747350692749,0.08280008286237717,0.33891531825065613,-0.010198073461651802,0.27830711007118225,-0.08202731609344482,0.2802593410015106,-0.4236033260822296,0.015710147097706795,-0.5834376811981201,0.16651970148086548,0.061618346720933914,-0.10838200896978378,-0.03647612780332565,-0.2746410071849823,-0.5532099604606628,0.10562627017498016,-0.24768231809139252,0.3627907633781433,-0.014757838100194931,0.2329147458076477,0.2859518229961395,-0.09360406547784805,-0.12849770486354828,-0.42544975876808167,0.21987995505332947,-0.511380136013031,-0.1877823770046234,-0.13955122232437134,0.2746039032936096,-0.4062754809856415,-0.05118224397301674,0.37359941005706787,-0.2988772392272949,-0.23325340449810028,-0.039158690720796585,0.27429690957069397,0.19388751685619354,-0.10327229648828506,0.24059578776359558,0.21102285385131836,0.3484087288379669,0.15281015634536743,-0.12524919211864471,-0.1701948642730713,-0.13281846046447754,0.28619372844696045,0.07184093445539474,-0.19406400620937347,0.21985545754432678,-0.22317922115325928,0.3761344850063324,0.19142962992191315,-0.1801517903804779,-0.062290798872709274,0.19064761698246002,0.2525516450405121,-0.17868070304393768,-0.3781778812408447,0.08752556145191193,-0.18111787736415863,0.017382388934493065,0.35772496461868286,0.09153857082128525,0.0889071673154831,-0.06648310273885727,-0.05579188093543053,-0.0005498130922205746,0.20682105422019958,-0.1229286789894104,0.08101563900709152,-0.04954969510436058,-0.07307163625955582,0.23302245140075684,0.14090712368488312,0.07605037093162537,-0.19769257307052612,0.24301399290561676,-0.10087424516677856,0.009313039481639862,0.33447590470314026,-0.2895126938819885,-0.6687336564064026,-0.1625388264656067,0.22177918255329132,-0.16044971346855164,-0.149445042014122,0.11340422928333282,0.1617737114429474,0.1619025021791458,-0.4475865066051483,-0.09209933876991272,-0.11371228843927383,-0.027485204860568047,-0.22776156663894653,0.3160460591316223,0.0027048320043832064,-0.14076896011829376,0.12611979246139526,0.08916782587766647,0.23698629438877106,-0.0039388262666761875,0.09160459786653519
Hf,-0.47402623295783997,0.0469222292304039,-0.0657762885093689,0.06967852264642715,-0.4193536639213562,-0.1423937976360321,0.6068764328956604,-0.18573345243930817,-0.38485410809516907,0.33869826793670654,0.6392825841903687,-0.2755451202392578,0.0021403017453849316,0.03296808525919914,0.1792343407869339,0.24011480808258057,-0.05632719025015831,-0.27987051010131836,-0.39062821865081787,0.36204949021339417,-0.16971610486507416,-0.3427608609199524,-0.42719200253486633,-0.14394405484199524,0.5200616121292114,-0.08917419612407684,0.023289794102311134,0.29395854473114014,0.08885904401540756,0.1304931342601776,0.19380642473697662,-0.178814098238945,0.16805782914161682,-0.022502895444631577,0.21773669123649597,-0.07600384950637817,0.4992789328098297,0.3522205948829651,-0.006658331491053104,0.04659171774983406,0.08327102661132812,-0.41516900062561035,0.29113197326660156,-0.11915377527475357,0.12595078349113464,0.16374504566192627,0.05875232443213463,0.5371418595314026,-0.9122961759567261,0.217683807015419,0.694460928440094,-0.12548045814037323,0.1288212686777115,0.6435648798942566,-0.10572413355112076,0.5508179664611816,0.053465258330106735,-0.493172824382782,0.07602911442518234,-0.4656776487827301,-0.09944440424442291,0.03060745634138584,-0.08877350389957428,-0.5492358803749084,-0.6526341438293457,0.11366037279367447,-0.39530831575393677,-0.0722566619515419,-0.4519813060760498,0.8155657052993774,0.1558496057987213,0.2865385413169861,-0.5949422717094421,0.7168483138084412,0.37267810106277466,-0.46778082847595215,-0.19559773802757263,-0.5181107521057129,0.127900168299675,-0.029163749888539314,0.09274379909038544,0.4204661548137665,-0.05247484892606735,0.5017825961112976,0.04588843509554863,0.1080106645822525,-0.13400094211101532,0.5225722193717957,0.32043999433517456,-0.23709076642990112,0.036513905972242355,-0.27779826521873474,0.04228454828262329,0.41311392188072205,-0.5837666392326355,0.1374492347240448,-0.38378748297691345,-0.2810807228088379,-0.09250840544700623,0.3405477702617645,-0.06988499313592911,0.26135098934173584,0.4281013309955597,-0.053541406989097595,-0.31282636523246765,0.1288154125213623,-0.09110835194587708,0.534817636013031,-0.08821392059326172,-0.32120153307914734,0.2187514305114746,0.1852547973394394,-0.14661937952041626,0.2734341025352478,0.1540922373533249,0.3674522638320923,-0.18746677041053772,0.15175242722034454,0.3356131911277771,-0.18735362589359283,0.08799062669277191,-0.6497420072555542,-0.06733360886573792,-0.5180451273918152,-0.2970055043697357,0.18390853703022003,0.4233655035495758,-0.9578864574432373,0.2911545932292938,0.6809495091438293,0.13714802265167236,-0.1937021017074585,0.01824457198381424,0.1923486590385437,-0.14800526201725006,-0.3247329592704773,0.31011879444122314,0.4157446622848511,0.4297254979610443,0.12598617374897003,-0.2685793936252594,-0.3277915120124817,-0.14431722462177277,-0.01395869255065918,-0.4752509593963623,-0.40679293870925903,-0.17254377901554108,0.010524076409637928,-0.23081867396831512,-0.088951975107193,-0.23943999409675598,0.10593214631080627,0.3854310214519501,0.4327601194381714,-0.03970393165946007,-0.36270663142204285,0.16265471279621124,0.2965318560600281,0.20423093438148499,-0.259285569190979,-0.18113726377487183,-0.16397328674793243,0.14003629982471466,0.12813016772270203,0.2010134607553482,0.3158372938632965,-0.29356473684310913,-0.1801745891571045,0.15638978779315948,-0.23296794295310974,0.27354222536087036,0.10629454255104065,0.576895534992218,-0.08214075118303299,0.48086002469062805,-0.44750627875328064,0.2613338828086853,0.3257918655872345,-0.16329333186149597,-0.039057657122612,-0.2406909018754959,0.2518303096294403,0.4075857400894165,-0.10339808464050293,-0.3346495032310486,0.011518480256199837,-0.2904333472251892,-0.4606928825378418,0.18622282147407532,-0.18889927864074707,0.23254142701625824,-0.27394571900367737,0.7151328921318054,-0.14630092680454254,0.13345694541931152,0.3796572685241699,-0.09387332946062088,0.2721691131591797,0.3880862891674042,0.013265424408018589
Ce,0.1788167655467987,0.3152192234992981,0.1980506032705307,0.30239778757095337,-0.1368432193994522,-0.4267107844352722,0.3173416256904602,-0.22163137793540955,-0.03370487689971924,0.5626146197319031,0.22075901925563812,-0.09684909135103226,0.12274183332920074,-0.2915509045124054,-0.023169972002506256,0.12335896492004395,-0.24164924025535583,-0.12829454243183136,-0.2765992283821106,0.28464215993881226,-0.4756229817867279,-0.1156163290143013,-0.8492318391799927,0.09491395205259323,0.4343131482601166,0.2864382565021515,-0.30276140570640564,0.2840259373188019,-0.14447470009326935,0.2831606864929199,0.3867473900318146,-0.10801403969526291,0.12921954691410065,-0.05178694799542427,0.5732514262199402,-0.2914106845855713,0.22194616496562958,-0.14829927682876587,0.35490882396698,-0.17779536545276642,0.43067044019699097,-0.41912150382995605,0.2774929702281952,0.4484946131706238,-0.5642329454421997,-0.23318417370319366,0.24207988381385803,0.4705195724964142,-0.4346925914287567,0.32155972719192505,0.44699758291244507,-0.5070372223854065,0.13869823515415192,0.2812376618385315,-0.14250728487968445,-0.2428162544965744,-0.10211270302534103,-0.5183505415916443,0.029742397367954254,-0.03668055683374405,-0.004884621128439903,0.07219527661800385,0.024797547608613968,-0.30416515469551086,-0.17798732221126556,0.3011375069618225,0.045647721737623215,-0.5295781493186951,-0.2556670308113098,0.5762134790420532,0.3777773082256317,0.47761183977127075,-0.6438935399055481,0.14380528032779694,0.06993891298770905,-0.27552878856658936,-0.86970055103302,-0.1986325979232788,0.2066165655851364,0.13906341791152954,-0.0595436617732048,0.0736381933093071,0.2540375292301178,0.34473535418510437,0.16442665457725525,0.08267264068126678,-0.0449431836605072,0.4014011025428772,0.7131423950195312,-0.13492998480796814,0.006724266335368156,0.11686266958713531,0.25012481212615967,-0.14274893701076508,-0.35163310170173645,0.2191842496395111,-0.2793825566768646,0.16740672290325165,-0.007828443311154842,0.3943709135055542,-0.19357825815677643,0.12379709631204605,0.0789109393954277,0.4666391909122467,-0.14353320002555847,-0.04812724143266678,-0.2596474885940552,0.42720916867256165,-0.009817655198276043,-0.23242492973804474,-0.0438656285405159,-0.10749153792858124,-0.4069700539112091,-0.16630233824253082,0.028692331165075302,-0.10937458276748657,-0.03430406376719475,0.1746894270181656,-0.2298923283815384,-0.13517293334007263,0.1218458041548729,-0.652873694896698,0.027862004935741425,-0.3078358769416809,-0.04940095171332359,0.020404087379574776,0.4039290249347687,-0.0381615087389946,0.08595183491706848,0.19052952527999878,0.1618061661720276,-0.047743067145347595,0.1461600363254547,0.31563231348991394,-0.35121476650238037,-0.2139638364315033,0.35676443576812744,0.17433415353298187,0.4812065660953522,0.03395051136612892,-0.6673625111579895,-0.024789750576019287,-0.049625102430582047,0.158907949924469,0.21890881657600403,-0.2299700677394867,-0.20977924764156342,0.056121811270713806,0.02768150344491005,0.00254492717795074,0.11755992472171783,0.3620319664478302,0.3565051257610321,0.07033102959394455,0.3517092764377594,0.12986807525157928,-0.43860867619514465,-0.18700405955314636,0.12034345418214798,0.09489864110946655,-0.3290278911590576,0.30199897289276123,0.1634177714586258,-0.04978618398308754,0.3839606046676636,0.3487820029258728,-0.22539329528808594,0.26154881715774536,0.3690824508666992,0.08962582051753998,-0.1001574695110321,-0.37296831607818604,0.013961982913315296,0.15417364239692688,0.10965611040592194,-0.13147678971290588,0.3225488066673279,0.48621436953544617,-0.35754770040512085,-0.35781222581863403,-0.26249030232429504,-0.09039567410945892,-0.06969614326953888,-0.3494938611984253,-0.023354943841695786,-0.2528589963912964,0.0037881156895309687,-0.5479620695114136,0.1812361776828766,-0.3041355013847351,0.43925613164901733,-0.7803449034690857,0.20742638409137726,-0.23499852418899536,-0.39820653200149536,0.10317905992269516,0.15304401516914368,0.6309723854064941,0.5724933743476868,0.12036330997943878
Rh,-0.09574388712644577,0.44350942969322205,-0.09936913102865219,0.045927129685878754,-0.3638896644115448,-0.2322700023651123,0.23593272268772125,-0.46132516860961914,0.3828105926513672,0.6349406838417053,0.0004440808843355626,0.014776219613850117,-0.01850823126733303,-0.21941231191158295,0.05300799384713173,0.24532929062843323,-0.09271770715713501,-0.28215160965919495,-0.07361507415771484,0.388244092464447,0.22740545868873596,-0.1037614718079567,-0.724515438079834,0.3995082676410675,-0.17801940441131592,0.22370445728302002,0.31513306498527527,-0.03402896597981453,-0.3218831717967987,0.5659502148628235,0.06957758963108063,-0.5142276883125305,0.009700009599328041,-0.1438300758600235,0.2738119661808014,-0.43430063128471375,0.1211080327630043,-0.27140524983406067,-0.2074110060930252,0.35405540466308594,0.510473906993866,-0.1737581044435501,-0.02073262259364128,0.28459373116493225,-0.15008747577667236,0.18836060166358948,0.07203078269958496,0.49076059460639954,-0.5097200274467468,0.45723921060562134,0.287540465593338,-0.1472802311182022,0.4409484267234802,-0.05557047203183174,-0.42456889152526855,-0.20896460115909576,-0.07686314731836319,-0.31524139642715454,0.17219874262809753,-0.08917950093746185,-0.21710705757141113,-0.13644331693649292,0.05897815153002739,0.2627509534358978,-0.3967779278755188,0.01652464270591736,0.1473386287689209,-0.38130858540534973,-0.15211768448352814,-0.06040564551949501,0.23919878900051117,0.5819925665855408,-0.10230597853660583,-0.17656831443309784,-0.44780999422073364,-0.3720919191837311,-0.6928528547286987,-0.15633873641490936,0.16866037249565125,0.05224631354212761,0.047383297234773636,0.80938720703125,-0.3525278866291046,0.23884637653827667,-0.029888451099395752,0.19478465616703033,-0.014120439067482948,0.7629880905151367,0.20127271115779877,0.06728707998991013,0.03506288304924965,-0.2989899516105652,0.08759424090385437,-0.1927134245634079,-0.4518928527832031,0.5296629667282104,-0.019899751991033554,0.37804868817329407,0.2950493097305298,0.5751432776451111,-0.10388102382421494,0.4369783103466034,0.3295648992061615,0.4088403284549713,-0.6818060278892517,-0.2235310673713684,-0.7236612439155579,0.27467748522758484,-0.23739945888519287,-0.20192494988441467,0.015287314541637897,-0.08081752806901932,-0.1165374293923378,0.2937227785587311,0.22837473452091217,0.1415223628282547,-0.19282273948192596,0.2691195011138916,0.006503882817924023,-0.10306953638792038,-0.16128385066986084,-0.43232306838035583,0.004642181098461151,-0.6671565175056458,-0.08230011910200119,-0.3339100182056427,0.5185767412185669,-0.8706240653991699,0.08165420591831207,0.4952819347381592,-0.2195850908756256,-0.40567660331726074,-0.07826866209506989,0.23434235155582428,-0.015377670526504517,-0.08684442192316055,0.12376799434423447,-0.07989722490310669,0.5386614799499512,0.31023845076560974,-0.8620964288711548,0.002048234920948744,-0.09894787520170212,0.08296710252761841,-0.04028172418475151,-0.3298867642879486,-0.10422908514738083,0.2920389473438263,0.21987289190292358,-0.010998552665114403,-0.12304702401161194,-0.15184344351291656,0.3213018476963043,0.3065565526485443,0.10300160199403763,-0.4077003002166748,-0.006661443971097469,-0.20259329676628113,0.2327432483434677,-0.11013754457235336,-0.10003175586462021,0.5501787066459656,0.1018892452120781,0.05536870285868645,-0.3182096779346466,0.17241503298282623,0.2240731418132782,-0.16701065003871918,0.11490926146507263,-0.2726466655731201,-0.1986534744501114,-0.14048925042152405,-0.34540173411369324,0.18933437764644623,0.40090522170066833,0.5096955299377441,0.30510514974594116,0.17859727144241333,-0.5581628084182739,-0.19172586500644684,-0.397426038980484,-0.06541956216096878,0.14498229324817657,0.11960171908140182,-0.2898167073726654,-0.07985728979110718,0.23340247571468353,-0.5985985994338989,0.07967017590999603,0.16319909691810608,0.32717365026474,0.02359520085155964,0.2446373552083969,-0.08058823645114899,-0.17742541432380676,0.27959874272346497,0.12201133370399475,0.40833958983421326,0.28851014375686646,0.07392033189535141
W,0.003630588762462139,0.06126870959997177,-0.1238517090678215,-0.2549815773963928,-0.456143319606781,-0.03764171153306961,0.7170544266700745,-0.3607988953590393,0.26719409227371216,0.17037522792816162,0.6001887917518616,0.07079944759607315,0.08492375165224075,0.08737678825855255,0.32734566926956177,0.174546018242836,-0.1826019287109375,-0.1275511234998703,-0.032995667308568954,0.4594624638557434,0.1541162133216858,-0.11234264820814133,-0.3751954138278961,0.02549006976187229,0.1194630041718483,0.10604982078075409,0.0882609486579895,0.2417449653148651,-0.013628039509057999,-0.1006167083978653,-0.07666565477848053,-0.3129695653915405,0.13338248431682587,-0.11756948381662369,-0.02465364895761013,-0.12103597819805145,0.34366506338119507,0.11595429480075836,-0.07528260350227356,-0.5614818334579468,0.16127704083919525,0.053507134318351746,0.12097308784723282,0.26869165897369385,0.24731825292110443,0.33373093605041504,0.2285822033882141,0.10760077834129333,-0.82130366563797,0.24386923015117645,0.38739094138145447,0.009641867130994797,0.398628830909729,0.04032246395945549,0.11599169671535492,0.05947592109441757,0.39993754029273987,0.1205204427242279,0.334746390581131,-0.017788365483283997,0.08628334850072861,0.4318545460700989,-0.047912903130054474,-0.14563071727752686,-0.23256844282150269,-0.45601320266723633,-0.03965960815548897,-0.006552228704094887,-0.4017390012741089,0.33958426117897034,0.18176861107349396,0.13610918819904327,-0.08087190985679626,0.20141935348510742,-0.38250941038131714,-0.5181079506874084,-0.11079685389995575,-0.1678190529346466,-0.6052755117416382,0.18829983472824097,0.09916584193706512,0.049767374992370605,0.22494423389434814,0.2933334410190582,-0.03592171519994736,-0.14240014553070068,-0.29923975467681885,0.6738268136978149,-0.14570392668247223,0.016003530472517014,0.06652525067329407,-0.0677512064576149,0.13302867114543915,0.26795583963394165,-0.4452449679374695,0.43039196729660034,-0.2530454695224762,0.44333571195602417,0.014572542160749435,0.2629145085811615,0.02974935807287693,0.5238813757896423,0.00711400480940938,-0.03979053348302841,-0.6563947796821594,0.01882142573595047,-0.47386565804481506,-0.07927938550710678,-0.4261971116065979,0.1786738634109497,0.28719809651374817,-0.07326841354370117,-0.35608580708503723,0.17266777157783508,-0.22008152306079865,0.024570247158408165,-0.18751932680606842,-0.22603991627693176,-0.09161143004894257,-0.18959762156009674,-0.22283221781253815,-0.29711684584617615,-0.05925676226615906,-0.4926092028617859,-0.6323742270469666,-0.13430024683475494,0.35884562134742737,-0.9276411533355713,0.05920157954096794,0.44169431924819946,-0.2221837341785431,-0.3977777361869812,-0.02562910132110119,0.060576144605875015,0.41908663511276245,0.03259468078613281,0.28420090675354004,0.2694997787475586,0.42556995153427124,0.19040104746818542,-0.1824386566877365,-0.021560324355959892,0.054071228951215744,0.04552867263555527,-0.17764072120189667,-0.042949128895998,0.3414182960987091,0.19215747714042664,-0.19920293986797333,0.017986005172133446,-0.18823976814746857,0.21816378831863403,0.36029091477394104,0.4188004732131958,0.11639899015426636,-0.3772243857383728,0.07912567257881165,0.25408288836479187,-0.1927521973848343,0.1694096177816391,0.06392326205968857,0.232618048787117,-0.21765311062335968,-0.0722208246588707,0.1105571985244751,0.04331051558256149,-0.07597123086452484,0.06525785475969315,-0.25648754835128784,-0.4340331256389618,-0.14169520139694214,-0.04504277929663658,0.1717090606689453,-0.12326084077358246,0.5805475115776062,0.11606009304523468,-0.20326688885688782,0.2547933757305145,-0.31265056133270264,-0.23576173186302185,-0.6518358588218689,-0.09933577477931976,-0.20443059504032135,-0.47718557715415955,-0.23553800582885742,-0.028624290600419044,-0.013130351901054382,-0.24403488636016846,-0.18567322194576263,-0.44695812463760376,-0.10739889740943909,-0.2918424904346466,0.5290572047233582,-0.13002578914165497,-0.06915775686502457,0.250165730714798,0.14445340633392334,-0.06350100040435791,0.02385343797504902,0.4700789153575897
Ge,0.12200489640235901,0.21300196647644043,-0.09212387353181839,0.17413239181041718,-0.15260696411132812,-0.3003130555152893,0.6986592411994934,-0.48069843649864197,0.2753831446170807,0.006464383099228144,0.20012609660625458,-0.6511285305023193,-0.026536263525485992,-0.15760040283203125,-0.028159210458397865,0.31311845779418945,-0.011089983396232128,-0.5087250471115112,0.0041335090063512325,-0.12632568180561066,0.27752238512039185,-0.08685244619846344,-0.6751654148101807,0.3327549695968628,0.35389357805252075,-0.05604623258113861,-0.17213337123394012,-0.024604009464383125,0.25544434785842896,0.18469880521297455,0.18491503596305847,-0.37963390350341797,-0.16612263023853302,0.1514476090669632,-0.17490403354167938,-0.15058372914791107,-0.045052751898765564,-0.17472217977046967,0.0312909372150898,-0.2449125200510025,0.07131708413362503,-0.1587604433298111,-0.4938281774520874,-0.11978301405906677,0.02085394226014614,0.3035750687122345,-0.29578572511672974,0.5288480520248413,-0.9804093837738037,-0.09476577490568161,0.010692937299609184,0.4229191541671753,0.1984393298625946,0.346769243478775,-0.27452829480171204,-0.07633984088897705,-0.2211768478155136,-0.1503852754831314,0.012904936447739601,0.10952005535364151,0.1308128833770752,-0.14673693478107452,-0.13405366241931915,0.1859210580587387,-0.3838485777378082,-0.25738808512687683,0.15845492482185364,0.07333771884441376,-0.6990743279457092,0.3599741756916046,0.19269037246704102,0.3035849630832672,-0.1635146141052246,0.3252794146537781,-0.016013553366065025,0.043750401586294174,-0.36279669404029846,-0.5989707708358765,0.17227326333522797,0.09468015283346176,-0.4081519842147827,0.1857307255268097,-0.1628032922744751,0.21339692175388336,0.18986119329929352,-0.07152768224477768,0.060321953147649765,0.6306591033935547,0.3428621292114258,0.20405098795890808,-0.15712617337703705,-0.39796173572540283,-0.2479940950870514,0.10249514132738113,-0.02898704819381237,0.35113295912742615,-0.2389865517616272,-0.11431451141834259,0.0011245079804211855,0.47708860039711,0.3149312734603882,0.47123318910598755,-0.0041626375168561935,-0.12264306098222733,-0.15641675889492035,-0.024534745141863823,-0.38255757093429565,0.3543736934661865,-0.10968664288520813,-0.18105684220790863,-0.012358973734080791,-0.028074907138943672,-0.7838759422302246,0.33868715167045593,0.09330619871616364,-0.01612173207104206,-0.4379374384880066,0.09559465199708939,-0.025865348055958748,-0.15336254239082336,0.13523933291435242,-0.7427939176559448,-0.3111352026462555,-0.7603114247322083,0.1365356296300888,-0.7442751526832581,0.6955392956733704,-0.26684343814849854,0.18664532899856567,-0.05684467405080795,-0.2483656406402588,0.003515472635626793,-0.07003962993621826,0.24342045187950134,0.626987099647522,-0.12185992300510406,0.3037320673465729,-0.11558081954717636,0.15269558131694794,0.2544746398925781,-0.25109779834747314,-0.06765493005514145,0.06503940373659134,-0.27802160382270813,-0.4687073230743408,0.1417531818151474,0.059695035219192505,-0.127589613199234,0.2044147551059723,0.1690194457769394,-0.16523981094360352,0.018591731786727905,0.15838177502155304,0.01504968199878931,0.03903527930378914,-0.1918465942144394,0.2775087058544159,0.14962220191955566,-0.05076337605714798,0.1498669683933258,-0.21162603795528412,0.2602337598800659,-0.18341726064682007,0.3232250213623047,0.018154334276914597,0.00839349813759327,-0.08159278333187103,0.1878349632024765,-0.04197961837053299,0.0822870209813118,-0.25976628065109253,0.005544245708733797,0.18207891285419464,-0.08104898780584335,0.24150080978870392,-0.2236631214618683,0.10869334638118744,0.5486617684364319,-0.13977639377117157,-0.3518117368221283,0.03780911862850189,0.05572080239653587,0.12620218098163605,-0.1539507806301117,0.013624870218336582,-0.12844446301460266,-0.16194792091846466,-0.03815845772624016,-0.27903878688812256,-0.03429834917187691,-0.16233214735984802,-0.4228363633155823,0.6424017548561096,0.028272071853280067,-0.09108183532953262,-0.0591285303235054,-0.20053596794605255,-0.22165976464748383,0.27708861231803894,0.025999898090958595
Mn,0.06057261675596237,0.46890467405319214,0.20856976509094238,0.18579702079296112,-0.5316749215126038,-0.06485147774219513,0.3168439269065857,0.17078641057014465,0.13218563795089722,0.05172662064433098,0.3787291347980499,-0.3038649559020996,0.15033772587776184,-0.2486209273338318,-0.0847216323018074,0.049883514642715454,-0.21991261839866638,0.14605984091758728,-0.09324013441801071,-0.07241573184728622,-0.22942279279232025,0.13195572793483734,-0.9114840030670166,0.3059763014316559,0.19226817786693573,0.20601803064346313,-0.23402774333953857,0.06254184991121292,0.03821998089551926,-0.056189924478530884,0.41230079531669617,-0.03481300547719002,0.22027122974395752,-0.05292172357439995,0.373629629611969,-0.14853240549564362,0.08061966300010681,-0.03988511115312576,0.509153425693512,-0.4992680549621582,0.32431554794311523,-0.440868616104126,-0.10754138976335526,-0.09574775397777557,-0.6776977777481079,-0.09878651052713394,-0.005759682040661573,0.26644882559776306,-0.69281005859375,0.12912926077842712,0.244375079870224,-0.20024919509887695,0.26082107424736023,0.32667043805122375,0.08552461117506027,0.04623480513691902,0.2820553481578827,0.1381712704896927,-0.0016934525920078158,-0.23297570645809174,-0.12354318797588348,0.09172068536281586,0.1358138769865036,-0.2354113757610321,-0.08094478398561478,-0.017398927360773087,0.012040941044688225,-0.3527108132839203,-0.6042487025260925,0.5123037099838257,0.40160220861434937,0.3284543752670288,-0.41130533814430237,0.15942798554897308,0.14418570697307587,0.02347330003976822,-0.8976902365684509,-0.13790816068649292,-0.3785408139228821,0.2118072807788849,0.019458696246147156,0.15005865693092346,0.37589794397354126,0.14454376697540283,0.31439605355262756,-0.08964436501264572,0.14487062394618988,0.04832964763045311,0.13165950775146484,0.19059613347053528,0.12894967198371887,0.13826057314872742,0.3667767643928528,-0.29870307445526123,-0.15546774864196777,0.19352436065673828,-0.7579372525215149,0.46092474460601807,0.4267134666442871,0.579684317111969,-0.03414054960012436,-0.03484925255179405,-0.07826071232557297,0.34973421692848206,0.0002811606100294739,-0.16858330368995667,-0.32968926429748535,0.3806219696998596,-0.06018100678920746,-0.29973122477531433,0.19961674511432648,0.1645209938287735,-0.44218385219573975,0.07714527100324631,-0.22734235227108002,0.43091538548469543,0.07998108118772507,0.37624314427375793,0.16252954304218292,-0.5273293256759644,-0.03953210636973381,-0.536254346370697,-0.04624992236495018,-0.4016665518283844,-0.09739601612091064,0.3019711673259735,0.1809167116880417,0.04742960259318352,0.019322944805026054,0.314595103263855,0.21324266493320465,0.06597114354372025,0.05780791491270065,0.01687859371304512,0.1142764762043953,-0.6067317128181458,0.3256722390651703,0.10579703003168106,0.37747830152511597,0.18163447082042694,0.07798440009355545,-0.08433859050273895,0.06768497079610825,0.062188729643821716,0.07696576416492462,-0.10054117441177368,0.018499240279197693,-0.030820457264780998,0.0416969433426857,0.3091956377029419,0.1322769969701767,0.06338165700435638,-0.13369014859199524,0.27571746706962585,-0.17830662429332733,-0.29156988859176636,0.08452027291059494,-0.19543731212615967,-0.037321485579013824,0.20991547405719757,-0.042193882167339325,0.21066942811012268,-0.13325677812099457,-0.07318348437547684,0.21287600696086884,0.2904857397079468,-0.016502218320965767,0.3612474203109741,0.14586476981639862,-0.035089198499917984,0.1104489341378212,-0.45156005024909973,0.21020552515983582,-0.012148939073085785,0.1978251039981842,-0.04168444126844406,0.2730197012424469,0.3801824450492859,-0.8629840612411499,-0.7213184237480164,-0.06691853702068329,0.38267967104911804,-0.08706618845462799,-0.23577937483787537,0.019703160971403122,0.19903336465358734,-0.04309973120689392,0.0927959606051445,-0.0684417113661766,0.027527354657649994,0.05070657655596733,-0.6439711451530457,0.34403669834136963,-0.15986183285713196,0.017163822427392006,-0.07250262796878815,0.15189163386821747,0.3712061643600464,0.05775941163301468,-0.3117469847202301
Gd,0.12320978194475174,0.6880366206169128,0.25729063153266907,0.4032425880432129,-0.2518591582775116,0.03193565830588341,0.6807671785354614,0.02952977828681469,-0.15681816637516022,0.5753482580184937,0.18647143244743347,-0.15690378844738007,0.5683445930480957,0.06514628976583481,-0.4150713384151459,0.040760356932878494,-0.20451237261295319,-0.511335015296936,0.02122780866920948,0.006136544980108738,-0.07095859944820404,-0.18539756536483765,-0.5121477842330933,0.42882487177848816,0.3172818124294281,-0.03690847009420395,-0.04451705887913704,0.1201183870434761,-0.144525945186615,0.027074279263615608,0.318505197763443,-0.270408034324646,0.16385795176029205,-0.060838732868433,0.2926267683506012,-0.2736107409000397,0.06790246814489365,-0.07083173841238022,-0.06353744119405746,-0.1899612843990326,0.5584973692893982,-0.4095032215118408,0.12307167053222656,0.4579057991504669,-0.240400031208992,-0.3943333625793457,0.016957474872469902,0.546265184879303,-1.0194480419158936,-0.13999579846858978,0.4523637294769287,-0.33646711707115173,-0.0629047229886055,0.020841902121901512,0.053295910358428955,-0.46642962098121643,0.16211088001728058,-0.1947803497314453,0.01695755124092102,-0.12095669656991959,-0.01913737691938877,0.15307201445102692,0.019496411085128784,-0.19336946308612823,-0.2827555537223816,-0.39048245549201965,0.2941940724849701,-0.42431244254112244,-0.29393988847732544,0.6344810724258423,0.32011422514915466,0.3647317886352539,-0.9835648536682129,-0.056149620562791824,0.213914692401886,-0.579663097858429,-0.42557576298713684,-0.33962711691856384,0.31229540705680847,0.012598930858075619,0.40192514657974243,0.36530372500419617,-0.24600671231746674,0.20211873948574066,0.24457453191280365,0.25602617859840393,-0.08819900453090668,0.5362215042114258,0.4298383891582489,0.36496809124946594,0.2684398889541626,0.08024672418832779,0.07880641520023346,-0.11138571053743362,-0.2822747826576233,0.18149977922439575,-0.2406577169895172,0.09559430181980133,-0.12246257811784744,0.12317287176847458,-0.357585072517395,0.3258206248283386,0.2017192244529724,0.5919463038444519,-0.013384087011218071,-0.20481760799884796,-0.3216646611690521,0.32176685333251953,-0.25141042470932007,0.23982171714305878,0.31352272629737854,-0.28249913454055786,-0.3404373228549957,0.39578336477279663,-0.11463632434606552,-0.12499143183231354,-0.016034074127674103,0.10267314314842224,0.06865019351243973,-0.13694067299365997,-0.26974254846572876,-0.6595680713653564,-0.3960062563419342,-0.24274496734142303,-0.23010443150997162,0.040972355753183365,0.5505461096763611,-0.5278705358505249,0.1346719115972519,0.1454189121723175,0.44576889276504517,-0.1704476773738861,-0.15092840790748596,0.15544509887695312,-0.2812807559967041,-0.10457543283700943,0.6290672421455383,0.01048725564032793,0.16134975850582123,0.22887177765369415,-0.5511286854743958,-0.33323538303375244,-0.04697556048631668,0.05667736381292343,-0.30706587433815,-0.3086192309856415,-0.12786082923412323,-0.03952353447675705,-0.06456553936004639,0.2708139717578888,0.17856812477111816,-0.1481218934059143,0.3030013144016266,0.41594335436820984,0.06108279898762703,0.42701515555381775,-0.08168628811836243,-0.12298042327165604,0.15391245484352112,0.23136155307292938,-0.1305340975522995,0.2793790102005005,-0.12106728553771973,-0.09902888536453247,0.1009662076830864,-0.2736692428588867,-0.2441015988588333,0.18391525745391846,0.13267502188682556,0.17335794866085052,-0.039700210094451904,-0.27538391947746277,0.24502071738243103,-0.23241455852985382,-0.09843336045742035,-0.3793390989303589,0.6192648410797119,0.4362516403198242,0.062440115958452225,-0.06377673894166946,-0.038177117705345154,0.17275919020175934,0.20627285540103912,-0.10822921991348267,-0.011495278216898441,-0.42972803115844727,0.08157929033041,-0.3512604534626007,-0.17724910378456116,-0.7772337198257446,0.2125251442193985,-0.5397976636886597,0.5556414127349854,-0.12323141098022461,0.017041649669408798,-0.17594537138938904,0.04018877446651459,0.15503717958927155,0.28469982743263245,0.416273832321167
Sn,0.15040603280067444,0.1917208880186081,0.05264823138713837,0.15356388688087463,-0.04522691294550896,-0.36857905983924866,0.29007333517074585,-0.4947460889816284,-0.22557486593723297,0.1258144974708557,0.12666204571723938,-0.2878139615058899,-0.07449974119663239,-0.055883415043354034,0.3560406565666199,0.41106244921684265,-0.4831547141075134,0.07609040290117264,-0.07738955318927765,-0.024987805634737015,-0.07534029334783554,0.3179977238178253,-0.7723369002342224,0.15256498754024506,0.23787042498588562,0.2728464901447296,-0.19093018770217896,0.04115420952439308,-0.08653273433446884,0.1767115443944931,0.46173468232154846,-0.1487145721912384,0.1551167368888855,-0.14343386888504028,0.30499914288520813,-0.08177982270717621,-0.28642961382865906,-0.18022596836090088,0.19786344468593597,-0.4666646122932434,0.22701391577720642,0.08541981130838394,-0.7745161056518555,-0.007233297917991877,-0.24422834813594818,0.3757586181163788,-0.049407292157411575,0.42616382241249084,-0.6292418241500854,0.6858957409858704,0.27605801820755005,0.049145568162202835,0.3101886212825775,0.6889837384223938,0.29239922761917114,0.014741336926817894,-0.03433684632182121,-0.4638613760471344,-0.16347229480743408,-0.024109240621328354,0.10382293164730072,0.16920894384384155,-0.0853147879242897,-0.5799354910850525,-0.2773576080799103,0.2586286962032318,0.021156903356313705,0.05386349558830261,-0.2667170763015747,0.34422191977500916,0.20293402671813965,0.3375416696071625,-0.22365470230579376,0.08545605838298798,-0.3580707311630249,-0.16548307240009308,-0.4302605390548706,-0.29855138063430786,-0.26534658670425415,-0.029586557298898697,-0.12007250636816025,0.36605241894721985,0.10496444255113602,0.29960763454437256,0.11543864011764526,-0.03019191324710846,-0.08071482926607132,0.5870041847229004,0.5013329386711121,-0.10689394176006317,0.08224767446517944,-0.022859487682580948,0.05921266973018646,0.14777244627475739,-0.01069620531052351,0.2939985990524292,0.09710434079170227,0.12153133749961853,-0.07872601598501205,0.5530661940574646,-0.07152849435806274,0.42747819423675537,0.06692615151405334,-0.20751121640205383,-0.6297566294670105,-0.020015878602862358,-0.40395665168762207,0.5340102314949036,-0.018566038459539413,-0.08007121086120605,-0.08012223243713379,0.14657971262931824,-0.4123248755931854,0.003976133652031422,0.011312505230307579,0.5998045206069946,-0.26481208205223083,0.03216226026415825,0.3086632192134857,-0.5303460359573364,-0.2116362750530243,-0.7458110451698303,-0.09160526096820831,-0.5032889246940613,-0.10351027548313141,-0.19589826464653015,0.4467572569847107,-0.4059150815010071,0.3353458642959595,-0.054389532655477524,-0.3746698498725891,0.05444194748997688,-0.12096762657165527,0.3575283885002136,0.19713084399700165,-0.11533260345458984,0.046893540769815445,-0.12315180897712708,0.2580806314945221,0.06990836560726166,-0.11530768871307373,-0.07973776012659073,-0.41734737157821655,-0.05903366580605507,-0.17846457660198212,-0.2066192924976349,0.15297099947929382,-0.25579583644866943,0.2115006297826767,-0.02483523264527321,-0.08042905479669571,0.03292662650346756,0.1311652958393097,0.3927656412124634,0.11709467321634293,-0.24634882807731628,0.05879815295338631,0.2126474827528,-0.057444531470537186,0.43772217631340027,-0.21603776514530182,0.2839387059211731,-0.10191508382558823,0.24322326481342316,-0.019767379388213158,0.2858726382255554,-0.15657688677310944,0.14947587251663208,-0.21502673625946045,0.29209545254707336,-0.03340306878089905,0.07799602299928665,0.14284519851207733,0.16263863444328308,0.33904609084129333,-0.19754457473754883,-0.12295592576265335,0.38832634687423706,-0.4030272364616394,-0.6263100504875183,-0.3546866774559021,-0.021303707733750343,0.0729369968175888,0.04928867891430855,0.06440063565969467,0.33770233392715454,-0.050338637083768845,-0.2330140322446823,-0.20548029243946075,0.11668433994054794,-0.030335383489727974,-0.4073055386543274,0.2829992473125458,0.10601858794689178,-0.12210100889205933,0.2041308432817459,-0.09547419846057892,0.2293304055929184,0.15963254868984222,0.007318786345422268
Au,-0.21743910014629364,0.4951215982437134,-0.1865444928407669,-0.18644781410694122,0.053745027631521225,-0.35892221331596375,0.05419258028268814,-0.34165704250335693,0.03675058111548424,0.23136252164840698,0.020736047998070717,-0.04875089228153229,-0.2222398817539215,0.09509794414043427,0.18366745114326477,0.291185587644577,-0.046383701264858246,-0.36309918761253357,-0.022705283015966415,0.3165854215621948,0.010008673183619976,0.28910553455352783,-0.3868007957935333,0.2574884593486786,0.023154117166996002,0.08621592074632645,-0.10023082047700882,-0.11632959544658661,0.13155490159988403,0.2065373659133911,0.06505630910396576,-0.1949094980955124,-0.17491202056407928,0.27216827869415283,-0.01698542758822441,-0.3521587550640106,-0.16650687158107758,-0.19002734124660492,-0.02102576196193695,-0.3896745443344116,0.5844386219978333,0.2158968150615692,-0.10792204737663269,0.11832709610462189,0.019275857135653496,0.12000005692243576,-0.0900208055973053,0.4169536232948303,-0.4217757284641266,0.04385353624820709,-0.1429661363363266,0.2669371962547302,0.6184545755386353,0.04019852727651596,0.012332014739513397,-0.0060731894336640835,-0.1528860330581665,-0.017861051484942436,0.14568547904491425,0.04422825947403908,-0.2512998580932617,-0.04553145170211792,-0.025484008714556694,-0.10651760548353195,-0.3957800567150116,-0.2809082567691803,0.31512120366096497,-0.12484078854322433,-0.4038536846637726,0.11545044928789139,0.18432548642158508,0.28597700595855713,-0.35467657446861267,0.11692538112401962,-0.2645350396633148,-0.7255647778511047,-0.43460431694984436,-0.33944007754325867,-0.27011895179748535,-0.13021281361579895,-0.06701034307479858,0.46904656291007996,-0.4011632800102234,-0.005594892427325249,0.062495287507772446,0.3528048098087311,-0.20687846839427948,0.30868980288505554,0.027122484520077705,0.44714823365211487,0.2049134522676468,-0.18866565823554993,0.14631104469299316,-0.041259583085775375,-0.4129626154899597,0.18201223015785217,-0.07867400348186493,0.5644530057907104,0.1784009486436844,0.3372649550437927,-0.12954260408878326,0.04105566069483757,0.03221376612782478,0.41127637028694153,-0.4803140163421631,0.06259984523057938,-0.6847798824310303,0.2947287857532501,0.28858131170272827,-0.4135390818119049,-0.08187957853078842,0.07305620610713959,-0.45089221000671387,0.21936310827732086,-0.09333556890487671,0.1251741647720337,-0.2999795377254486,0.14212393760681152,0.11052248626947403,-0.1721375584602356,-0.3718525469303131,-0.31466013193130493,-0.04228895157575607,-0.5416194796562195,0.102927565574646,-0.5272794961929321,-0.04086693376302719,-0.5274585485458374,-0.16814960539340973,0.20053087174892426,-0.299659788608551,-0.05496953800320625,-0.1672566831111908,0.4469063878059387,0.46186575293540955,-0.135855033993721,-0.02723514847457409,0.1543806493282318,0.4864163100719452,0.30500513315200806,-0.24169842898845673,-0.0276649072766304,-0.36060741543769836,0.05205841362476349,-0.02880367450416088,-0.39725935459136963,-0.017649240791797638,-0.4137793481349945,0.191736102104187,-0.14672577381134033,0.14063729345798492,-0.04327702522277832,0.10191982984542847,0.14349931478500366,0.2355358600616455,-0.21562105417251587,-0.15353135764598846,-0.3705490529537201,-0.055966924875974655,-0.09041556715965271,-0.0052308388985693455,0.35842862725257874,0.31923583149909973,0.14661434292793274,0.05497805029153824,-0.1533520221710205,0.12466102838516235,0.17770278453826904,-0.15906330943107605,0.4662254750728607,0.11417607963085175,-0.06376611441373825,-0.3389523923397064,-0.177333265542984,0.2819097638130188,-0.05769859626889229,0.19538769125938416,0.22334840893745422,-0.41737279295921326,-0.4153381586074829,-0.2875616252422333,0.13422884047031403,-0.0016575665213167667,-0.10812738537788391,0.25326600670814514,-0.17610709369182587,-0.10601885616779327,-0.5505724549293518,-0.14128486812114716,0.03786959871649742,0.2663626968860626,-0.0729672759771347,0.19286562502384186,0.006495377514511347,-0.12354753166437149,0.39148107171058655,0.07915797084569931,0.35035642981529236,0.2523031532764435,0.2629814147949219
Ca,-0.11429059505462646,0.3899686932563782,-0.23461465537548065,0.07470598071813583,-0.225320965051651,-0.3614235818386078,0.32928210496902466,-0.44375088810920715,-0.3218832015991211,0.07045473158359528,0.225463405251503,-0.051223885267972946,0.2585606873035431,0.0466194823384285,0.052431076765060425,0.01753152534365654,-0.17753219604492188,0.3338344991207123,0.04999979957938194,0.19741839170455933,-0.2491266280412674,-0.20435553789138794,-0.7232516407966614,0.355928510427475,0.6030874848365784,0.08152613043785095,-0.3220269978046417,-0.059417299926280975,0.04619806632399559,0.052669137716293335,0.09874822199344635,0.15913644433021545,-0.1890401840209961,0.21704374253749847,0.22651681303977966,-0.1509963423013687,0.12435886263847351,-0.23337185382843018,0.064823217689991,-0.20615829527378082,0.5792540311813354,-0.37993288040161133,-0.03829078748822212,0.05133434757590294,-0.3382553458213806,0.054807811975479126,0.33446165919303894,0.3654595911502838,-0.966123640537262,0.08457469195127487,0.09066761285066605,-0.18161778151988983,0.18233589828014374,-0.17728039622306824,0.19195902347564697,0.11192283034324646,0.43290191888809204,-0.3655393719673157,-0.19322068989276886,-0.21536417305469513,0.4322870969772339,0.33177876472473145,0.12932252883911133,-0.1925155222415924,-0.12150903046131134,-0.05325068533420563,0.1781345009803772,-0.13448816537857056,-0.1570323407649994,0.022894207388162613,0.5758981108665466,0.09557195752859116,-0.4468872547149658,0.20913591980934143,-0.20923016965389252,0.07199303060770035,-0.5691452622413635,-0.1329704076051712,0.017058610916137695,0.1748349815607071,0.058110982179641724,-0.16832534968852997,-0.19843877851963043,0.057239875197410583,0.3883706331253052,0.15846312046051025,0.271352618932724,0.5562120676040649,0.44001948833465576,-0.17119847238063812,-0.31831255555152893,-0.09448409080505371,0.2545252740383148,-0.20544707775115967,-0.14126083254814148,0.1806352287530899,-0.01807585544884205,0.19762036204338074,-0.29170122742652893,0.4341837763786316,-0.5169888138771057,0.3235015869140625,0.28353533148765564,0.5833786129951477,0.14167220890522003,-0.24239535629749298,-0.5580835342407227,-0.01707126758992672,0.1434309184551239,-0.289455771446228,0.01098349504172802,0.278028279542923,-0.19411952793598175,-0.04608258977532387,0.043608177453279495,0.25904545187950134,0.42314228415489197,0.3347528576850891,0.2536289691925049,-0.3789514899253845,-0.00450669601559639,-0.516372561454773,-0.03949402645230293,0.12081880122423172,0.08632314950227737,0.25822433829307556,0.15406879782676697,-0.3974169194698334,-0.07566160708665848,0.4348851144313812,0.7169399261474609,0.012657308019697666,-0.1105085164308548,0.07648562639951706,0.018754713237285614,-0.2116171270608902,0.18818286061286926,-0.08563772588968277,0.2749257981777191,0.6117926836013794,-0.05744078755378723,-0.20657756924629211,0.11707029491662979,0.3120971620082855,0.11928009986877441,0.2661125659942627,0.07015790045261383,-0.0934656485915184,0.3716244101524353,-0.4234609305858612,0.3505915105342865,0.011430548503994942,-0.22562919557094574,-0.014171415939927101,-0.3221246898174286,-0.04878527298569679,-0.04798977077007294,-0.2708745002746582,0.023681102320551872,0.2375093698501587,0.21563810110092163,0.14929191768169403,-0.06036955118179321,0.21316306293010712,0.1343187838792801,0.5003857612609863,-0.19214637577533722,0.11780478805303574,0.4010550081729889,-0.11036444455385208,-0.12692974507808685,-0.30895447731018066,0.28543269634246826,0.09175408631563187,0.3036080598831177,-0.18794119358062744,0.4941082298755646,0.35213398933410645,-0.4350115656852722,-0.1769331693649292,0.08869956433773041,-0.09712744504213333,0.30026954412460327,-0.23565232753753662,0.43966078758239746,0.09767694026231766,-0.013462196104228497,-0.38752028346061707,-0.35456180572509766,-0.11926937848329544,0.21082521975040436,-0.17291726171970367,0.3347505033016205,-0.07768222689628601,-0.010696478188037872,-0.13949011266231537,0.05738631635904312,0.5312941670417786,0.07373601943254471,0.14476531744003296
Co,0.1389501839876175,0.4391099214553833,0.1230621263384819,-0.11286390572786331,-0.20430724322795868,-0.019280463457107544,0.21265073120594025,0.05270114913582802,0.31811535358428955,0.10254661738872528,0.49935799837112427,-0.013296956196427345,0.1324792057275772,0.16502782702445984,-0.04755943641066551,0.1851152777671814,-0.27984461188316345,0.04082721099257469,0.028570540249347687,0.025023488327860832,-0.1719534546136856,-0.0532289557158947,-0.8971690535545349,0.373312771320343,-0.058746520429849625,0.12814608216285706,-0.24049486219882965,-0.017402280122041702,-0.030684931203722954,0.09888806939125061,0.34529566764831543,-0.6331430673599243,0.24083945155143738,0.02529747039079666,0.19603784382343292,-0.0957522764801979,-0.046689681708812714,-0.00819803960621357,0.12670953571796417,-0.37336885929107666,0.33936259150505066,-0.5661051869392395,0.1565205603837967,0.0002620203886181116,-0.4322020709514618,0.04566924646496773,0.3117591440677643,-0.07063562422990799,-0.6506962776184082,0.4351970851421356,0.3355754613876343,-0.164409339427948,0.5386486649513245,0.03057773783802986,0.11624784022569656,-0.07461623847484589,-0.07275562733411789,0.1589641571044922,0.014070077799260616,-0.14345747232437134,-0.34901145100593567,0.0248737633228302,0.045764047652482986,-0.1786826252937317,-0.09360428154468536,-0.17442259192466736,-0.0047773150727152824,-0.42860403656959534,-0.3968491554260254,0.4101780652999878,0.3711481988430023,0.18804384768009186,-0.05860818549990654,0.13513721525669098,-0.03821541368961334,-0.3085452914237976,-0.6183547973632812,-0.09146520495414734,-0.4469138979911804,0.10721929371356964,0.5752133727073669,0.4432053565979004,0.1073211058974266,0.30675995349884033,0.1220579743385315,-0.14092330634593964,0.2302842140197754,0.3970452547073364,0.2672477662563324,0.2292737513780594,0.04969077929854393,-0.14228393137454987,0.4811014235019684,-0.14399458467960358,-0.3767859637737274,0.5417772531509399,-0.26892518997192383,0.43135374784469604,0.179886594414711,0.4117569923400879,0.15381652116775513,-0.0077176387421786785,0.2151058465242386,0.40707531571388245,-0.3273198902606964,-0.16929194331169128,-0.5139023065567017,0.2705872356891632,0.08473165333271027,-0.07261775434017181,0.18778273463249207,0.06587114930152893,-0.36490005254745483,0.25459954142570496,-0.5061768293380737,0.3564496636390686,0.12887944281101227,0.2504761219024658,0.36452561616897583,-0.39369842410087585,-0.018529605120420456,-0.414743572473526,-0.0637499988079071,-0.4262233376502991,-0.08154777437448502,0.04410088434815407,0.3116886615753174,-0.41213956475257874,0.013684148900210857,0.4904887080192566,0.083591990172863,0.03532359376549721,0.01073562540113926,-0.06842091679573059,0.0037723244167864323,-0.09672918170690536,0.3509193956851959,-0.19046199321746826,0.32691413164138794,0.015408455394208431,-0.5115633606910706,-0.0735260620713234,0.201899915933609,-0.11663935333490372,-0.19947445392608643,-0.3103545010089874,-0.11590126901865005,-0.041716042906045914,0.0591079443693161,0.26495257019996643,-0.16338717937469482,-0.0004059686907567084,0.21364659070968628,0.49469318985939026,-0.22841987013816833,-0.41305282711982727,0.02740579843521118,-0.22493594884872437,0.29435995221138,0.06413619965314865,-0.22457261383533478,0.3908177316188812,-0.08620227873325348,-0.23256410658359528,-0.0927712619304657,0.1898275464773178,-0.01247529499232769,0.245336651802063,0.20213426649570465,-0.10593578964471817,0.1616237312555313,-0.09293325990438461,-0.1200704574584961,-0.2226574718952179,0.1856207549571991,0.3209420144557953,0.11404296010732651,0.16188465058803558,-0.36369818449020386,-0.4396209418773651,-0.34050509333610535,0.280851811170578,-0.11057799309492111,-0.27493390440940857,-0.008163314312696457,0.2018078863620758,0.4501398503780365,-0.15779253840446472,-0.23499970138072968,-0.06922289729118347,0.11866709589958191,-0.07415331900119781,0.45935025811195374,0.1660013347864151,-0.13986274600028992,0.15332761406898499,0.12444767355918884,0.44448238611221313,0.0005683143390342593,-0.13626454770565033
Si,-0.09675408899784088,-0.021265383809804916,0.1002887636423111,0.20100830495357513,-0.04507464915513992,-0.20978564023971558,0.3337496817111969,-0.3982832729816437,0.0958874374628067,-0.0003181483771186322,0.21063664555549622,-0.411860853433609,0.41118237376213074,-0.3233851492404938,0.11681022495031357,0.22346064448356628,0.01664017140865326,-0.22666940093040466,0.05613946542143822,-0.04274293780326843,0.3750719130039215,0.02754998952150345,-0.23048533499240875,0.17055588960647583,0.2250225841999054,-0.25898560881614685,-0.06253112107515335,0.18763169646263123,0.05046994611620903,0.03898726776242256,0.11105988919734955,-0.24467211961746216,-0.28959324955940247,0.3621900975704193,-0.16584016382694244,-0.009966970421373844,-0.008145040832459927,-0.03285348042845726,-0.15904858708381653,-0.44347265362739563,-0.0950193926692009,-0.013708007521927357,-0.1331361085176468,0.020023321732878685,0.020620279014110565,0.23831838369369507,0.02468152530491352,0.40754175186157227,-0.6813496947288513,-0.20587635040283203,-0.04044213891029358,0.17682671546936035,0.2866035997867584,0.006416021380573511,-0.17078515887260437,0.12953247129917145,0.044468190521001816,-0.002709530759602785,0.047000739723443985,-0.13162893056869507,0.03759176284074783,0.12764345109462738,-0.16153183579444885,0.22235269844532013,-0.22358828783035278,-0.20102328062057495,-0.20648229122161865,-0.05655583739280701,-0.6350918412208557,0.2608588933944702,0.18330563604831696,0.4152967035770416,-0.00450092600658536,0.24792450666427612,-0.006748727522790432,0.08330968022346497,-0.27178969979286194,-0.48923778533935547,-0.050647180527448654,-0.003851371118798852,-0.30710411071777344,-0.07900012284517288,0.02255970798432827,0.2328973263502121,0.07331377267837524,-0.1348581463098526,-0.16296745836734772,0.3453432023525238,0.520227313041687,0.06808978319168091,-0.29038098454475403,-0.29209238290786743,0.07778379321098328,0.0868864506483078,0.10391038656234741,0.43596184253692627,-0.12373250722885132,0.062239598482847214,-0.19844356179237366,0.2688017189502716,0.22030270099639893,0.4062553346157074,0.048597585409879684,0.24622316658496857,-0.07609687745571136,0.10697509348392487,-0.4512365460395813,0.22483207285404205,0.09224893897771835,-0.13060903549194336,-0.16763076186180115,-0.028428398072719574,-0.5695276260375977,0.4348856806755066,-0.20088298618793488,-0.12602026760578156,-0.14085687696933746,0.014502447098493576,-0.0438900850713253,-0.3348238170146942,0.28085294365882874,-0.6956912875175476,-0.2600095570087433,-0.686044454574585,-0.05791567638516426,-0.3485504984855652,0.39329883456230164,-0.06323417276144028,0.12622444331645966,0.07392334192991257,0.020045937970280647,-0.0420277863740921,-0.1459682285785675,0.2879718244075775,0.48270365595817566,0.009744967333972454,-0.0638657659292221,-0.12825994193553925,0.179351344704628,0.4030636250972748,-0.1234753429889679,0.037282127887010574,0.13264742493629456,-0.10709735006093979,-0.4154137969017029,0.2065228968858719,0.0647815391421318,-0.17846252024173737,0.36612430214881897,0.1310640126466751,-0.19442929327487946,-0.17254036664962769,0.13309580087661743,-0.04537755995988846,0.14211781322956085,-0.3147207200527191,0.2217710167169571,-0.05729353800415993,-0.04435785859823227,-0.00547983730211854,-0.19355225563049316,0.1532982885837555,-0.2180028259754181,0.19117562472820282,0.2725503444671631,0.2518841326236725,-0.2800993323326111,0.20001141726970673,0.0037105290684849024,-0.056327223777770996,-0.2141869068145752,-0.23660136759281158,-0.027470873668789864,-0.14896805584430695,0.26510632038116455,-0.25012680888175964,0.14789466559886932,0.3417356610298157,-0.28593334555625916,-0.4600776135921478,-0.18234388530254364,0.19658046960830688,-0.03666902333498001,-0.3879636228084564,0.19410403072834015,-0.2871290445327759,0.07846521586179733,-0.08672503381967545,-0.257562518119812,-0.15549494326114655,-0.21878933906555176,-0.5279166102409363,0.4822264313697815,0.07798654586076736,0.025255586951971054,-0.15166623890399933,-0.16748595237731934,0.033234838396310806,0.037622708827257156,0.030961977317929268
Ag,-0.06337907910346985,0.5868999361991882,-0.22730952501296997,0.04985591769218445,0.11928936839103699,-0.34267082810401917,0.062218669801950455,-0.20832964777946472,-0.13342858850955963,0.16956819593906403,0.030388403683900833,-0.014968020841479301,-0.10512825101613998,0.08949706703424454,-0.34207668900489807,0.3394051194190979,-0.04662514850497246,-0.2481561154127121,0.07969722151756287,0.36308565735816956,-0.17966626584529877,0.320575475692749,-0.5323531031608582,0.13607358932495117,0.1926204115152359,-0.003405366325750947,-0.497708797454834,0.055790387094020844,0.17938455939292908,0.09983818233013153,0.14080451428890228,-0.26719602942466736,-0.03638308122754097,0.19885708391666412,-0.094776451587677,-0.08345437794923782,-0.039226215332746506,-0.16899564862251282,-0.100212462246418,-0.2868233919143677,0.832573652267456,0.0814584344625473,-0.14112123847007751,0.25838273763656616,-0.16316300630569458,0.2694183886051178,-0.09311991184949875,0.46309220790863037,-0.8413044214248657,0.13882486522197723,-0.17504607141017914,0.08065690845251083,0.37613576650619507,0.11767987161874771,-0.06278578191995621,-0.01722796820104122,0.10951793193817139,-0.22358812391757965,0.08062249422073364,0.11994215101003647,0.04436401650309563,0.22170411050319672,-0.1922960728406906,0.17260544002056122,-0.20594583451747894,-0.023060064762830734,0.10966303199529648,0.15715844929218292,-0.09844541549682617,0.19702820479869843,0.0451943539083004,0.189834862947464,-0.20396558940410614,-0.001159563777036965,-0.4731180965900421,-0.6143960952758789,-0.2538928687572479,0.06742717325687408,-0.36623528599739075,0.007862996309995651,-0.028518274426460266,0.27773281931877136,-0.5134230256080627,0.005598580930382013,0.2578100860118866,0.5034927129745483,-0.21555273234844208,0.29683807492256165,0.2045762985944748,0.2694990336894989,0.055479709059000015,-0.334837406873703,0.3054654598236084,0.04746424779295921,-0.18337790668010712,0.31112048029899597,0.04109262675046921,0.4805743396282196,-0.046201225370168686,0.2473554164171219,-0.2389845848083496,0.03264685347676277,-0.026864418759942055,0.39259788393974304,-0.33334171772003174,0.01892337203025818,-0.43079325556755066,0.20465169847011566,0.24777650833129883,-0.4263845980167389,-0.1748875379562378,-0.09977171570062637,-0.550809383392334,0.36073464155197144,-0.15809163451194763,0.19394977390766144,-0.24565018713474274,0.1823260635137558,0.3831332325935364,-0.17891134321689606,-0.22094283998012543,-0.19401219487190247,-0.01731829345226288,-0.4889321029186249,-0.3140448033809662,-0.3873208463191986,0.06685987114906311,-0.5092117190361023,0.04327663406729698,0.18617157638072968,-0.15152980387210846,0.014511117711663246,-0.20338627696037292,0.14462922513484955,0.33541086316108704,-0.057121217250823975,0.1804492175579071,0.09492835402488708,0.3915475904941559,-0.049456141889095306,-0.3160039186477661,-0.18408140540122986,-0.24176670610904694,0.23274190723896027,0.14316120743751526,-0.41453251242637634,0.21663236618041992,-0.325257271528244,0.29913467168807983,-0.11246834695339203,0.2931942045688629,0.21910837292671204,0.1687840074300766,0.15987659990787506,0.055263012647628784,-0.25352442264556885,-0.12387239933013916,-0.35189852118492126,-0.06491509079933167,0.15998390316963196,0.04843878000974655,0.23864100873470306,0.2039748728275299,0.08549050241708755,0.01019117422401905,0.19405227899551392,0.08896955102682114,0.09455765038728714,-0.24007883667945862,0.33716756105422974,0.14565663039684296,0.19527332484722137,-0.23904363811016083,-0.11648809164762497,0.28489357233047485,-0.127803772687912,0.28492650389671326,0.2577466070652008,-0.1026562824845314,-0.6370142102241516,-0.13406994938850403,-0.041031770408153534,0.0198894664645195,-0.2005731463432312,0.6768423914909363,0.13861481845378876,-0.1306062638759613,-0.7737226486206055,0.01795993000268936,0.1799493432044983,0.11752856522798538,-0.153763085603714,0.26022395491600037,0.013451763428747654,-0.16552653908729553,0.015717918053269386,0.2068227231502533,0.46148377656936646,-0.13810499012470245,0.5498267412185669
Yb,0.014724104665219784,0.6952334642410278,0.25714388489723206,0.5081288814544678,-0.3294479548931122,-0.5455054044723511,0.8258227705955505,-0.27356821298599243,-0.2487584799528122,0.5516557693481445,0.4167079031467438,-0.10320819169282913,0.033357713371515274,-0.045378245413303375,-0.4061861038208008,-0.009362461045384407,-0.1915012151002884,-0.408110648393631,0.1529780775308609,0.12272517383098602,0.037091705948114395,-0.00015360131510533392,-0.7016876339912415,0.8692939877510071,0.34616169333457947,-0.34268710017204285,-0.1882713884115219,0.36407139897346497,0.18911878764629364,0.38351014256477356,0.3717280924320221,-0.12821373343467712,0.5398924350738525,0.09767685830593109,0.22299279272556305,-0.1525152325630188,0.27216675877571106,0.39694663882255554,-0.022721314802765846,-0.02353408932685852,0.5749416351318359,-0.421914279460907,0.03740889951586723,0.10768623650074005,-0.3607601225376129,0.2044987678527832,0.19554175436496735,0.41684210300445557,-0.6505711674690247,0.1798028200864792,0.07326467335224152,-0.4365506172180176,0.19696398079395294,0.097877636551857,0.09640660881996155,-0.014694501645863056,0.15827345848083496,-0.4534991681575775,0.030276210978627205,-0.19843563437461853,-0.15076473355293274,-0.15149590373039246,-0.07400313019752502,-0.2682678699493408,-0.2278164178133011,-0.2635484039783478,-0.045623622834682465,-0.34508273005485535,-0.16877888143062592,0.4314187169075012,0.3586736023426056,0.4794323742389679,-0.4818074703216553,0.16691431403160095,0.26838696002960205,-0.1547165960073471,-0.5105777382850647,-0.07823779433965683,0.33256423473358154,0.23794077336788177,0.3447614908218384,0.5127741098403931,0.23720908164978027,-0.027711397036910057,0.19900216162204742,0.040852587670087814,-0.007727777119725943,0.31468823552131653,0.8135217428207397,-0.18128326535224915,0.2986515760421753,0.2585184574127197,0.029916217550635338,-0.014518937095999718,-0.2995325028896332,0.3103211224079132,-0.04302940145134926,0.23045648634433746,-0.06232711672782898,0.045376721769571304,-0.38759875297546387,0.18470291793346405,0.13018697500228882,0.4485586881637573,-0.33098679780960083,-0.13081476092338562,-0.36198583245277405,0.5465980768203735,0.18973737955093384,0.01984407939016819,-0.10665486007928848,-0.24049657583236694,-0.3934256434440613,0.1961277723312378,0.1111825630068779,-0.24012023210525513,-0.12089923024177551,0.17823302745819092,-0.020993106067180634,-0.4718039929866791,-0.04051968827843666,-0.7394840717315674,-0.38294363021850586,-0.601814329624176,0.027567274868488312,-0.1367756873369217,0.433353453874588,-0.34728625416755676,0.4246968924999237,0.26376327872276306,0.28458651900291443,0.2089078277349472,-0.2017577439546585,0.5570961833000183,-0.3554363548755646,-0.2674555778503418,0.26361584663391113,0.4700322449207306,0.5506473183631897,0.08956992626190186,-0.46405163407325745,-0.2990318238735199,0.04981191083788872,0.24317586421966553,-0.030355190858244896,-0.07752722501754761,-0.22615693509578705,0.021280191838741302,-0.167087122797966,0.30466049909591675,0.04780139774084091,0.22125372290611267,0.34660786390304565,0.30319273471832275,0.20496384799480438,-0.06630420684814453,-0.14608459174633026,0.016952380537986755,0.07849007099866867,0.06775760650634766,-0.3004057705402374,-0.2731758654117584,0.3896620273590088,0.33622151613235474,0.6669831871986389,0.015765218064188957,-0.28173044323921204,0.2928853929042816,-0.013738565146923065,0.06586847454309464,-0.3837551474571228,0.33566814661026,0.053415533155202866,0.1105414405465126,0.26682475209236145,0.025341229513287544,0.7247064709663391,0.5658973455429077,0.20402099192142487,-0.2246852070093155,0.04958255961537361,0.14388041198253632,0.42699021100997925,0.047395914793014526,0.13036000728607178,-0.10568618029356003,-0.3398668169975281,-0.6015516519546509,-0.4358755648136139,-0.19857174158096313,0.21068674325942993,-0.6207760572433472,0.5837165117263794,-0.3288682699203491,0.08099006116390228,-0.08610820025205612,0.08804947882890701,-0.06601151078939438,0.04524943605065346,0.07336393743753433
Tb,-0.025937169790267944,0.7383424639701843,0.3871917724609375,0.4209730923175812,-0.5300227403640747,0.08123673498630524,0.5964974164962769,-0.20379570126533508,-0.3189561069011688,0.18916529417037964,0.04327403008937836,-0.18522724509239197,0.09840888530015945,0.057101331651210785,-0.3518279790878296,0.217922180891037,-0.16231292486190796,-0.06492834538221359,0.09777048230171204,0.47542765736579895,0.28897684812545776,-0.13099224865436554,-0.6732776761054993,0.49476075172424316,0.6511209011077881,0.17698128521442413,-0.1525026112794876,0.1772608757019043,-0.12139170616865158,0.06163185462355614,0.23881760239601135,-0.0734078586101532,0.24809406697750092,0.15559232234954834,0.2842991054058075,-0.3067612648010254,0.3637503683567047,0.18446438014507294,0.12103962898254395,0.07992757111787796,0.15377339720726013,-0.45580801367759705,-0.10739648342132568,0.6787390112876892,-0.19914890825748444,-0.16750146448612213,-0.028940975666046143,0.4376690089702606,-0.8122374415397644,0.2441989928483963,0.7896327972412109,-0.3747134804725647,0.19534018635749817,-0.11150795966386795,0.06832718104124069,-0.3182372748851776,0.26178810000419617,-0.4484882056713104,0.26642829179763794,-0.1107950434088707,-0.07647189497947693,0.06315898150205612,0.3344883918762207,-0.18323417007923126,-0.21951842308044434,-0.31905943155288696,0.4530979096889496,-0.37758299708366394,-0.24435697495937347,0.6553462743759155,0.2874661684036255,0.47840917110443115,-0.6239674091339111,0.00654911994934082,0.1535806655883789,-0.41393110156059265,-0.5811640024185181,-0.12252775579690933,0.18223264813423157,0.1736655831336975,0.29999634623527527,0.4353117346763611,0.06454621255397797,0.08372411876916885,0.0432979092001915,0.03581377491354942,-0.24898095428943634,0.2994152903556824,0.9716616272926331,0.5763116478919983,0.16113576292991638,0.14649631083011627,0.08540201187133789,-0.1256656050682068,-0.5159668922424316,0.1090250238776207,-0.3831179738044739,0.28116574883461,0.08211811631917953,0.29607295989990234,-0.4181811809539795,0.028880376368761063,-0.07879818230867386,0.7298589944839478,0.03601505979895592,-0.3647034764289856,-0.34899255633354187,0.2035372257232666,-0.06261686235666275,0.19216647744178772,0.25001001358032227,-0.13739600777626038,0.05654273182153702,0.47320839762687683,-0.07847824692726135,0.09648685902357101,-0.1876252293586731,0.317287415266037,-0.10741057246923447,-0.31985753774642944,0.22575710713863373,-0.7079019546508789,-0.5615538954734802,0.03955073654651642,-0.33217182755470276,-0.10305473208427429,0.2872542142868042,0.18726781010627747,0.4444767236709595,0.2110763043165207,0.2428264021873474,0.13385291397571564,0.024909036234021187,0.053419578820466995,-0.2658936679363251,-0.4168889820575714,0.12186998128890991,-0.12782810628414154,0.6333815455436707,0.11613855510950089,-0.7862458825111389,-0.45857515931129456,0.11527659744024277,-0.0419498048722744,-0.49951204657554626,-0.3838166892528534,0.2375713586807251,-0.04226616770029068,0.21520276367664337,0.12337052822113037,-0.00743863033130765,0.07979605346918106,0.25371190905570984,0.5419748425483704,0.24174311757087708,0.03836837038397789,-0.28124284744262695,-0.13196125626564026,-0.1124645322561264,-0.19184735417366028,-0.4568013846874237,-0.13654537498950958,0.23465608060359955,-0.014217854477465153,0.4004894196987152,-0.2962852120399475,-0.674010694026947,0.22184987366199493,0.023316610604524612,-0.2112153172492981,0.13968707621097565,-0.36370837688446045,0.05702780932188034,-0.4019336402416229,-0.16850799322128296,-0.03334565833210945,0.5876194834709167,0.34787920117378235,-0.2565121352672577,-0.26063206791877747,0.06576593220233917,0.1489533632993698,0.18744626641273499,-0.10162454843521118,0.13487502932548523,-0.3196979761123657,-0.34409597516059875,-0.404911607503891,-0.2589540481567383,-0.30110451579093933,0.38916441798210144,-0.9410622119903564,0.32396286725997925,-0.08258341997861862,0.08191344887018204,-0.4875037372112274,0.30461421608924866,0.06758705526590347,0.5637671947479248,0.32453277707099915
Cr,-0.22859293222427368,0.21683746576309204,-0.09548411518335342,0.10037032514810562,-0.39941102266311646,-0.36421483755111694,0.4423052966594696,-0.062245965003967285,-0.20734979212284088,0.01792019233107567,0.5899603962898254,0.1868421584367752,0.14339956641197205,-0.22192727029323578,-0.3357255458831787,0.30095475912094116,-0.10638923197984695,0.1451609879732132,0.05171694979071617,0.11131864041090012,0.19592133164405823,0.17156225442886353,-0.5666530728340149,0.3688703179359436,-0.09976367652416229,-0.24549199640750885,-0.024339554831385612,0.03167049214243889,-0.11077151447534561,0.005808220710605383,0.558824896812439,-0.12314945459365845,0.1923639178276062,0.04177208989858627,0.36455097794532776,-0.024106333032250404,0.1451026201248169,0.2673359215259552,0.2508673369884491,-0.570800244808197,0.028404777869582176,-0.3608795404434204,-0.3904118835926056,-0.0798245519399643,-0.24415045976638794,0.3087908625602722,0.1656375676393509,0.15291552245616913,-0.5957449674606323,0.4610300660133362,0.42645686864852905,-0.11149758845567703,0.34471702575683594,0.03640943393111229,-0.06759375333786011,0.22462089359760284,0.2067154347896576,-0.013311166316270828,0.05302763357758522,-0.14620764553546906,-0.10796531289815903,0.04529658332467079,-0.07080545276403427,-0.20562736690044403,-0.3356112539768219,-0.30086860060691833,0.010174178518354893,-0.16556870937347412,-0.4666898846626282,0.42694711685180664,0.45320257544517517,0.2838956117630005,-0.22908830642700195,0.09790538251399994,-0.0211301501840353,0.04484136030077934,-0.4278672933578491,-0.15457922220230103,-0.35589340329170227,0.3678794205188751,0.20582392811775208,0.14756356179714203,0.472692608833313,0.5008982419967651,0.26169252395629883,-0.15023751556873322,-0.1540519744157791,0.28684866428375244,0.11491845548152924,0.26982635259628296,0.16688314080238342,0.09026350826025009,0.4250853359699249,-0.11565866321325302,-0.26826220750808716,0.42528465390205383,-0.4737001359462738,0.6242916584014893,0.2799489200115204,0.4058302640914917,-0.08422679454088211,-0.023511050269007683,-0.05996977910399437,0.27106016874313354,-0.15445813536643982,-0.2696835696697235,-0.3010866343975067,0.09446902573108673,0.00317756156437099,-0.19302316009998322,0.19638903439044952,0.059721656143665314,-0.31570297479629517,0.13377927243709564,-0.11685530841350555,0.22365517914295197,0.3201628029346466,0.2825099229812622,0.0627664253115654,-0.6168627142906189,-0.136617973446846,-0.4967336356639862,-0.23665586113929749,-0.646950364112854,-0.08035103976726532,0.35053786635398865,0.1581258773803711,-0.48653095960617065,0.07771569490432739,0.6872602701187134,0.10099385678768158,-0.2189958095550537,-0.1408652514219284,0.02071400173008442,0.08348502963781357,0.06098686903715134,0.20062468945980072,-0.044801633805036545,0.3649066388607025,-0.005900477524846792,-0.3468031585216522,-0.1483321189880371,0.10692714154720306,0.3392941951751709,0.256062775850296,-0.31089267134666443,-0.13686051964759827,0.28011566400527954,-0.05213747173547745,0.2685503363609314,-0.015622125938534737,0.11868786066770554,0.10541945695877075,0.2195277214050293,-0.19584447145462036,-0.489322692155838,0.18244388699531555,0.07903599739074707,0.23380662500858307,0.2357545793056488,-0.05111102759838104,0.4082181453704834,0.10197482258081436,-0.04924583062529564,0.04447970166802406,0.5529946684837341,0.1954641342163086,0.1863744854927063,0.01758396439254284,0.055145882070064545,0.006436174735426903,0.09476770460605621,0.03218568488955498,-0.0429900586605072,0.4155607223510742,-0.016029370948672295,0.19544047117233276,0.2737291157245636,-0.36353638768196106,-0.486899197101593,-0.05909544974565506,0.3257668912410736,0.07918555289506912,-0.5253987312316895,-0.060826923698186874,0.013158990070223808,0.1232895776629448,-0.043052226305007935,-0.005609285552054644,-0.17694410681724548,-0.13194741308689117,-0.46594369411468506,0.3081066608428955,-0.14721716940402985,-0.059274569153785706,-0.04157331958413124,0.43645310401916504,0.11917608231306076,-0.11606647819280624,-0.04230561479926109
Sr,-0.13544362783432007,0.5231372117996216,-0.22690699994564056,0.2475023716688156,-0.09790371358394623,-0.3298073410987854,0.25132906436920166,-0.31400322914123535,-0.5573114156723022,0.19005000591278076,0.21527895331382751,-0.2870717942714691,0.2974492609500885,0.21962398290634155,-0.17483536899089813,0.11642448604106903,-0.35368216037750244,0.113948293030262,-0.12245330214500427,-0.09195487201213837,-0.5511454939842224,-0.17852982878684998,-0.508978545665741,0.39173266291618347,0.4687539339065552,-0.027763329446315765,-0.32284197211265564,0.37051254510879517,0.15810208022594452,-0.15687952935695648,0.11910190433263779,0.011832141317427158,-0.03214266523718834,0.24427276849746704,0.3593859076499939,-0.12983918190002441,0.25808942317962646,0.17925195395946503,0.05089911073446274,-0.09706894308328629,0.9330799579620361,-0.6992480754852295,0.16683070361614227,0.019173162057995796,-0.49433237314224243,0.06415010243654251,0.16449198126792908,0.4266344904899597,-0.900027334690094,-0.0037117796018719673,0.18113408982753754,-0.29087579250335693,-0.12272841483354568,0.36216819286346436,-0.02269047498703003,0.17367130517959595,0.23066368699073792,-0.2319996953010559,-0.21852800250053406,-0.19702795147895813,0.32096371054649353,0.41349056363105774,0.3077891170978546,-0.3087667226791382,-0.5456797480583191,0.0845659077167511,-0.16338986158370972,-0.3705073893070221,-0.4783530533313751,0.26682549715042114,0.3617360591888428,0.25710946321487427,-0.39590170979499817,0.47691187262535095,0.22444485127925873,-0.05055845528841019,-0.5766475796699524,0.14203296601772308,-0.06871689110994339,0.029021751135587692,0.04014534503221512,0.19208742678165436,0.14685693383216858,-0.020119324326515198,0.1546965092420578,0.5727748870849609,0.12561039626598358,0.46155527234077454,0.5050660967826843,0.09658262878656387,-0.0984930619597435,-0.26275238394737244,0.5620517730712891,-0.18650411069393158,-0.017247755080461502,0.1294136345386505,0.1201634332537651,0.12487988919019699,-0.23478223383426666,0.5635802149772644,0.03685653209686279,0.1199113056063652,0.4503977596759796,0.5517624616622925,-0.012887642718851566,-0.2770538032054901,-0.4540705978870392,-0.08740316331386566,-0.17354094982147217,0.10561706870794296,-0.27323707938194275,0.18691200017929077,-0.369486540555954,-0.038979265838861465,-0.26441049575805664,0.3630049526691437,0.18604479730129242,0.12654484808444977,0.39697641134262085,-0.43039971590042114,-0.048652082681655884,-0.32453107833862305,-0.0199380312114954,-0.0653805285692215,0.07252542674541473,0.20925232768058777,0.2822791337966919,-0.440054327249527,0.07030808925628662,0.2796570956707001,0.7311352491378784,0.10302165895700455,0.227153018116951,0.16524305939674377,-0.27939626574516296,-0.30361905694007874,0.38035961985588074,-0.1993473768234253,0.11383543908596039,0.46344542503356934,-0.08525877445936203,-0.03268488496541977,0.18585272133350372,0.17475956678390503,0.01955302059650421,0.12040384113788605,0.3389575779438019,-0.08288364112377167,0.06712309271097183,-0.8046249151229858,0.05063055828213692,-0.2694597840309143,0.14965713024139404,0.21487706899642944,-0.5876119136810303,-0.002808754798024893,0.09725899249315262,-0.02601897157728672,0.05483868345618248,0.2122538983821869,0.33668556809425354,0.22385330498218536,-0.3404340445995331,0.1248992383480072,0.2465030401945114,0.6517166495323181,-0.4152950048446655,0.014953379519283772,0.21852140128612518,-0.3561435341835022,0.0035741322208195925,-0.32978543639183044,0.28485244512557983,0.1410454958677292,0.4070180058479309,-0.1845622956752777,0.6371989250183105,0.6840744018554688,-0.040655605494976044,-0.2997496724128723,-0.037704866379499435,0.06652922183275223,0.29961061477661133,-0.24573937058448792,0.23047275841236115,0.004676948767155409,-0.10218672454357147,-0.24382992088794708,-0.2190258949995041,-0.12811893224716187,0.2279842346906662,-0.1367313414812088,0.46775132417678833,-0.31619834899902344,-0.14965438842773438,0.07777253538370132,0.138962522149086,0.47745344042778015,0.06103383004665375,0.20407822728157043
Sc,-0.14540380239486694,0.47275933623313904,0.10694120079278946,0.015216918662190437,-0.7449891567230225,-0.17482703924179077,0.5566852688789368,-0.019047942012548447,-0.26273322105407715,0.3309578597545624,0.44918638467788696,0.011623981408774853,-0.026870746165513992,-0.0664152130484581,-0.04644862562417984,-0.026704594492912292,-0.16539011895656586,-0.4472527801990509,-0.2678810656070709,0.6819819808006287,-0.22422528266906738,-0.12153603881597519,-0.4265352785587311,0.1564435064792633,0.2662975490093231,-0.35144171118736267,-0.13623866438865662,0.23354116082191467,-0.04341933876276016,0.14221163094043732,0.4023621678352356,-0.1305534988641739,0.16464316844940186,-0.1767183095216751,0.34123578667640686,-0.02603718265891075,0.32794174551963806,-0.03952377662062645,0.17957846820354462,-0.02841009385883808,0.5202196836471558,-0.36906829476356506,0.22853469848632812,0.072765052318573,-0.31717729568481445,0.30950355529785156,-0.10801826417446136,0.3334871232509613,-1.2887077331542969,0.16652825474739075,0.2596141993999481,-0.2723345160484314,-0.2762586176395416,-0.10902538150548935,-0.08682754635810852,0.19413746893405914,0.29955917596817017,-0.21777713298797607,0.16060681641101837,-0.35234105587005615,0.042415495961904526,-0.10906840115785599,-0.051599640399217606,-0.13781793415546417,-0.7938726544380188,-0.15820950269699097,0.14638984203338623,-0.4011344909667969,-0.763433039188385,0.5802476406097412,0.19723829627037048,0.2377183735370636,-0.1500098705291748,0.47410184144973755,0.15674257278442383,-0.084121473133564,-0.5554317235946655,-0.35124915838241577,0.5384845733642578,0.07565509527921677,0.46249061822891235,0.2581940293312073,0.02757878787815571,0.5314971208572388,0.3517884910106659,0.1889379769563675,-0.04671252518892288,0.4233778417110443,0.4811306297779083,-0.15475544333457947,-0.2119971215724945,0.12863831222057343,0.5869724750518799,-0.031141089275479317,-0.4757353961467743,0.48122069239616394,0.21278487145900726,-0.22070062160491943,-0.2108854055404663,0.2121235430240631,-0.6418189406394958,0.3258223235607147,-0.1600600779056549,0.7256596088409424,-0.3926883339881897,-0.09538955241441727,-0.3806513547897339,0.7437129616737366,-0.057210322469472885,-0.08234909921884537,-0.03219493106007576,-0.045416560024023056,-0.4342813789844513,0.3224666118621826,-0.027796652168035507,0.14659985899925232,0.015296109020709991,-0.07001129537820816,0.005171762779355049,-0.17098653316497803,-0.39742061495780945,-0.8176136016845703,-0.00669327937066555,-0.9539168477058411,-0.41992729902267456,0.14846554398536682,-0.01872660592198372,-0.3576728403568268,0.37334319949150085,0.1250883936882019,0.15258683264255524,-0.15131722390651703,0.00028823691536672413,0.23721830546855927,-0.025629274547100067,-0.4061582684516907,0.2938375473022461,-0.4045943319797516,0.3033634126186371,-0.13333047926425934,0.05599686875939369,-0.056235481053590775,-0.04643457382917404,-0.021703818812966347,0.028463395312428474,-0.6045486330986023,-0.24551744759082794,0.55625319480896,-0.0009783627465367317,0.24116294085979462,0.1398986130952835,-0.4241374433040619,0.2744069993495941,0.19285152852535248,-0.05524834990501404,-0.16845041513442993,0.13089345395565033,0.4214518666267395,0.12892839312553406,0.46730566024780273,0.1019679456949234,0.369882732629776,0.20392122864723206,0.3072749376296997,0.4887780547142029,-0.05224804952740669,-0.27334338426589966,0.046993326395750046,0.34258946776390076,-0.08410081267356873,-0.2793430984020233,0.12712551653385162,0.5490317344665527,0.06372930109500885,0.24643483757972717,-0.32286563515663147,0.6986838579177856,0.6427220702171326,-0.15631166100502014,-0.26440978050231934,0.21241986751556396,-0.01215866394340992,0.15113696455955505,-0.0631171241402626,-0.17525207996368408,-0.05182017758488655,0.19797629117965698,-0.4687191843986511,-0.23552767932415009,-0.448951780796051,-0.2697439193725586,-0.044970620423555374,0.14791326224803925,-0.04656778648495674,-0.04981411620974541,-0.16445837914943695,0.11715257167816162,0.4247387647628784,0.4182344079017639,0.34734484553337097
Cd,-0.04305252805352211,0.8367283344268799,-0.15199677646160126,0.32357147336006165,-0.5596646070480347,-0.4858851432800293,0.41518884897232056,0.02741062268614769,0.009579529985785484,0.1095765084028244,0.4487893283367157,-0.27757900953292847,-0.23699134588241577,0.4824817478656769,-0.4674852788448334,0.5330674648284912,-0.5289899706840515,0.14055833220481873,0.3470476567745209,0.04701828584074974,0.14434577524662018,0.11617904156446457,-0.456173300743103,0.533306896686554,0.2339775711297989,0.27718570828437805,-0.32867753505706787,-0.008045067079365253,0.3358154594898224,0.14164169132709503,0.21857236325740814,0.1842978447675705,0.04114656150341034,-0.2177053987979889,-0.018376562744379044,-0.2519473433494568,0.04494829848408699,0.2673582434654236,0.208994522690773,-0.4645233154296875,0.11291532218456268,-0.29494357109069824,-0.4365829527378082,-0.3799779713153839,-0.4685825705528259,0.36580005288124084,-0.40350741147994995,0.39655134081840515,-1.179282546043396,0.20945602655410767,0.3104225695133209,0.13271723687648773,0.06685016304254532,0.3721449375152588,-0.08231223374605179,0.08855900913476944,0.0945759266614914,0.15135961771011353,0.049767762422561646,-0.05624203011393547,0.00903149414807558,0.10465455800294876,0.06222827360033989,-0.2654993236064911,-0.510826051235199,-0.17609576880931854,0.6975111365318298,0.21961478888988495,-0.22857998311519623,0.29061779379844666,0.6166570782661438,0.21547631919384003,-0.18549701571464539,0.2800692915916443,-0.3345801532268524,-0.2739357054233551,-0.3977081775665283,-0.018937179818749428,-0.18125982582569122,0.3128664493560791,0.1172613650560379,-0.051064539700746536,0.043767474591732025,0.04527002573013306,0.11493907868862152,0.11904413998126984,-0.057381510734558105,0.5546374917030334,0.14750494062900543,0.26279065012931824,0.028400607407093048,-0.031134849414229393,0.13561393320560455,-0.06100873276591301,-0.050085995346307755,0.46793243288993835,-0.17262917757034302,0.28184428811073303,-0.3670220971107483,0.41617274284362793,0.3520001173019409,0.18557733297348022,-0.16953976452350616,0.27827006578445435,-0.017756102606654167,-0.0405370257794857,-0.39601966738700867,0.39297181367874146,-0.028484970331192017,-0.02520816959440708,-0.02452806755900383,-0.05240532383322716,-0.72464519739151,-0.019290929660201073,0.0648600235581398,0.2425265610218048,-0.032441314309835434,0.43644219636917114,0.49470531940460205,-0.5502539277076721,-0.2346768081188202,-0.5853423476219177,-0.4741719961166382,-0.27395325899124146,0.08672819286584854,0.24870848655700684,0.09587561339139938,-0.3122312128543854,0.1788891702890396,0.1535380631685257,0.19772405922412872,0.13662004470825195,0.21599715948104858,0.04473671689629555,0.015599428676068783,-0.1709740161895752,0.10993503034114838,-0.21828317642211914,-0.13891224563121796,0.2705499231815338,-0.36947163939476013,-0.30415254831314087,-0.12558093667030334,0.15102742612361908,0.32365912199020386,-0.2885647416114807,0.10698208957910538,-0.15028268098831177,0.2881031334400177,-0.1364469975233078,0.1615293025970459,0.14823462069034576,0.30013737082481384,0.052325330674648285,-0.3665718734264374,-0.048176128417253494,0.1876942366361618,0.21495044231414795,-0.19846229255199432,0.06658726930618286,0.589328408241272,0.04683522507548332,-0.14413519203662872,0.024632945656776428,-0.06717917323112488,-0.03921188414096832,-0.1733347475528717,0.12294041365385056,-0.037857044488191605,-0.33757123351097107,0.41549786925315857,-0.275174617767334,-0.09766914695501328,0.1351041942834854,0.17055289447307587,-0.005819034297019243,0.1916731894016266,0.24397414922714233,-0.07264263927936554,-0.7309807538986206,-0.1304841786623001,0.1465965360403061,0.5537101626396179,0.15994998812675476,0.13955695927143097,0.17041431367397308,0.082692950963974,-0.423809677362442,-0.3196273148059845,0.14337961375713348,-0.11468889564275742,-0.5410240888595581,0.7220975160598755,-0.027327928692102432,-0.33959782123565674,-0.25071796774864197,0.04949115589261055,0.49822816252708435,0.11524749547243118,0.2904179096221924
Dy,0.2007734477519989,0.8358810544013977,0.16845132410526276,0.28218334913253784,-0.6253979206085205,0.08551488816738129,0.6107263565063477,-0.11221474409103394,-0.24763837456703186,0.3587183654308319,0.2552110254764557,0.036905694752931595,0.2295246124267578,0.13886478543281555,-0.4457756578922272,-0.055074483156204224,-0.18062900006771088,-0.11982262879610062,0.17858663201332092,-0.08231977373361588,0.06982780247926712,-0.016906708478927612,-0.9373005032539368,0.8061987161636353,0.373216450214386,0.1084894984960556,0.21852275729179382,0.15188446640968323,0.22462092339992523,0.14178307354450226,0.4225006103515625,0.0644894540309906,0.04838970676064491,0.038516443222761154,0.07474944740533829,-0.12225531786680222,-0.03790038824081421,-0.029972601681947708,0.09534843266010284,0.2871778607368469,0.932813286781311,-0.7316271066665649,0.12993307411670685,0.6075876951217651,0.017815619707107544,0.17053194344043732,0.11398933827877045,0.45879751443862915,-1.0452362298965454,-0.08085212111473083,0.5134146809577942,-0.236508309841156,0.08541253209114075,0.060456532984972,0.35770562291145325,-0.06661809980869293,0.44808638095855713,-0.28615817427635193,0.25667253136634827,-0.25081557035446167,-0.028418509289622307,-0.11782828718423843,-0.03079044260084629,-0.2507953643798828,-0.24802368879318237,-0.11890776455402374,0.026496928185224533,-0.2624620199203491,-0.48818641901016235,0.4621891379356384,0.2959538698196411,0.4431045353412628,-0.6027887463569641,-0.12266818434000015,0.055594101548194885,-0.49320149421691895,-0.38303038477897644,-0.38024261593818665,0.19763338565826416,-0.002759721362963319,0.3201821744441986,0.6031672954559326,0.04260048270225525,0.16853052377700806,0.11796744167804718,0.48255327343940735,-0.08854283392429352,0.4384520947933197,0.6605153679847717,0.2442941665649414,0.1823856681585312,-0.2174970507621765,-0.07293473929166794,0.07537636160850525,-0.4742409884929657,0.4284020662307739,6.456315168179572e-05,0.059350334107875824,-0.03712860122323036,0.41991326212882996,-0.39058801531791687,-0.04732741415500641,-0.014919782988727093,0.5219636559486389,-0.014460635371506214,-0.44633981585502625,-0.6044970750808716,0.5010004043579102,0.15566709637641907,0.08385463058948517,0.320070743560791,-0.3079940378665924,-0.2793249189853668,0.980660617351532,0.25717732310295105,0.04062490165233612,-0.3655785024166107,0.18136535584926605,0.024444114416837692,-0.45726120471954346,0.23122908174991608,-0.8711069226264954,-0.6990262866020203,-0.06055407226085663,-0.2581739127635956,0.22571690380573273,0.407400518655777,-0.18456126749515533,0.5164686441421509,-0.2158932387828827,0.35725775361061096,0.06174387410283089,-0.31052249670028687,0.2909773588180542,-0.7084529399871826,-0.2843785583972931,0.18534892797470093,-0.1596905142068863,0.04085890203714371,-0.09962911158800125,-0.7838430404663086,-0.39216816425323486,0.0013039004988968372,-0.11787477880716324,-0.27099481225013733,-0.04036872833967209,0.12671299278736115,0.1043858602643013,-0.19366373121738434,0.17590107023715973,0.2622591257095337,-0.09299090504646301,0.4818674325942993,0.5033251643180847,0.1953558772802353,-0.03300667181611061,-0.020638465881347656,-0.27817580103874207,0.23833300173282623,0.038780782371759415,-0.13657540082931519,0.2446814477443695,-0.07235381007194519,0.13449792563915253,-0.3122270703315735,0.09743072092533112,-0.6475958228111267,0.30880868434906006,0.1814098060131073,0.007661483716219664,-0.1457374095916748,-0.13488952815532684,0.06475278735160828,-0.13066287338733673,-0.18872177600860596,-0.25380179286003113,0.44988691806793213,0.06143755838274956,-0.2881961464881897,-0.10731053352355957,0.3043837547302246,0.30776286125183105,0.24358834326267242,-0.20903803408145905,0.08344023674726486,0.006051182746887207,-0.5120667219161987,-0.6253681778907776,-0.24965228140354156,-0.04061304032802582,0.3362528383731842,-0.6461077332496643,0.46940627694129944,-0.09315967559814453,0.12120942771434784,0.038317471742630005,0.1093379482626915,0.3615782856941223,0.4411936402320862,0.7369294166564941
Mo,-0.023268533870577812,-0.053486891090869904,-0.4190710783004761,-0.018890684470534325,-0.49007847905158997,-0.24039460718631744,0.6459453701972961,-0.3046422600746155,-0.0327935591340065,0.17797420918941498,0.5680055022239685,-0.03853666037321091,0.09644133597612381,0.042684901505708694,0.24361608922481537,0.25525978207588196,0.02235679142177105,-0.2018294483423233,-0.11898041516542435,0.2824127674102783,0.11014948040246964,-0.0868387371301651,-0.5028768181800842,0.15792164206504822,0.2749304473400116,-0.00954506453126669,0.05981172248721123,0.09159553050994873,-0.1690792292356491,0.09814705699682236,0.3622495234012604,-0.2729458212852478,0.16827303171157837,-0.15415489673614502,0.14308539032936096,-0.03148016706109047,0.4020509719848633,0.15465380251407623,0.17173875868320465,-0.4724716544151306,0.05892207473516464,-0.21144457161426544,-0.0008807079284451902,0.37078380584716797,-0.13913960754871368,0.22789931297302246,0.27586129307746887,0.385276198387146,-0.8405375480651855,0.2915273606777191,0.256283700466156,-0.09764766693115234,0.28137466311454773,0.2130891978740692,-0.1773081123828888,0.009167485870420933,0.4068269431591034,0.13562147319316864,0.19763919711112976,-0.1222602128982544,0.3282768130302429,0.0858956128358841,-0.15543101727962494,-0.025021057575941086,-0.14028756320476532,-0.3658839464187622,0.015977123752236366,-0.08058138936758041,-0.4441658854484558,0.34050095081329346,0.5181390047073364,0.22170746326446533,0.016537612304091454,0.4195016026496887,-0.5588555932044983,-0.3551422655582428,-0.34098324179649353,-0.23770084977149963,-0.6103612184524536,0.28011876344680786,0.21977350115776062,0.45780259370803833,0.20653046667575836,0.4235975742340088,0.2806825637817383,-0.2196374535560608,-0.07944285124540329,0.5900322198867798,0.09464311599731445,-0.02606092020869255,0.11224671453237534,0.223835289478302,0.1747601479291916,0.10120600461959839,-0.31953367590904236,0.21217162907123566,-0.39407965540885925,0.5018547177314758,-0.023418108001351357,0.18172574043273926,0.11522674560546875,0.10938657820224762,-0.08605567365884781,0.027234699577093124,-0.44803446531295776,-0.1449078917503357,-0.39347153902053833,0.3847010135650635,-0.28618115186691284,0.05181428790092468,0.2482408583164215,0.0652749165892601,-0.4406922459602356,-0.1266305148601532,-0.28651121258735657,0.15231741964817047,0.027105944231152534,-0.11486689746379852,-0.07399613410234451,-0.0023922831751406193,-0.21261826157569885,-0.362292617559433,-0.00967701617628336,-0.6956948041915894,-0.4800308048725128,0.06805483251810074,0.23497772216796875,-0.6117743849754333,0.11574026942253113,0.6557157635688782,0.12725737690925598,-0.3703114092350006,-0.004059276543557644,0.006381912622600794,0.3187178373336792,0.006403104867786169,0.29978999495506287,0.1173434928059578,0.4210330545902252,0.18426796793937683,-0.21316203474998474,-0.25302350521087646,-0.07882192730903625,-0.059836164116859436,-0.1078495904803276,-0.14287327229976654,0.010490655899047852,0.03331935778260231,-0.08572031557559967,0.14218111336231232,0.006218509748578072,0.07685539126396179,0.4520244002342224,0.4411574602127075,-0.026191016659140587,-0.4234115183353424,0.4263272285461426,0.22197820246219635,0.009581401012837887,-0.014776810072362423,-0.09295863658189774,0.3354719579219818,0.1729583889245987,0.03817309811711311,-0.109443299472332,0.16212870180606842,0.056712716817855835,-0.03400154411792755,-0.17016027867794037,-0.35512465238571167,0.01797138713300228,0.24721688032150269,0.29105961322784424,-0.010514441877603531,0.7336596846580505,-0.12076521664857864,-0.07665735483169556,0.16844448447227478,-0.5632970333099365,-0.229935884475708,-0.3976783752441406,0.23474007844924927,0.040705397725105286,-0.4418475925922394,-0.21126841008663177,-0.0299786776304245,0.08699529618024826,-0.3034336566925049,-0.1489826738834381,-0.3898243010044098,0.059300750494003296,-0.4027336537837982,0.3605339229106903,-0.18593138456344604,0.07378167659044266,0.14543449878692627,0.3955179452896118,0.10507797449827194,-0.23344570398330688,0.31127408146858215
K,0.22990116477012634,0.4854636788368225,-0.4211045801639557,0.21394257247447968,-0.13779577612876892,0.17842760682106018,0.44397270679473877,-0.04510534554719925,-0.10336057841777802,0.030653877183794975,0.25391361117362976,0.2324889600276947,0.3467325270175934,0.011166413314640522,-0.24990923702716827,0.11024614423513412,-0.5766844749450684,0.4588004946708679,0.094173863530159,0.47022637724876404,-0.2690128982067108,-0.24752572178840637,-0.8434997797012329,0.3659690320491791,0.07711410522460938,0.4207669198513031,0.17597094178199768,0.40017473697662354,0.18311937153339386,0.2969970703125,-0.2578580677509308,-0.03780217841267586,-0.09909031540155411,-0.140269935131073,0.06903450191020966,0.056621383875608444,0.17218497395515442,-0.20233309268951416,0.25044718384742737,-0.3549658954143524,0.6945835947990417,-0.47967684268951416,0.07947470992803574,0.2930311858654022,-0.28863853216171265,0.2408931702375412,0.19079521298408508,0.724595308303833,-0.6733265519142151,0.08782261610031128,-0.12804991006851196,-0.3949538469314575,0.3926164507865906,-0.09929847717285156,0.2636074721813202,0.21627002954483032,0.13635607063770294,-0.1516641080379486,-0.0012775459326803684,-0.3426566421985626,0.4962085783481598,0.2560254633426666,0.19821561872959137,0.16784964501857758,-0.11104349046945572,0.03501448407769203,0.04666702076792717,-0.030374448746442795,-0.2792888283729553,-0.2341589480638504,0.45780593156814575,0.24466155469417572,-0.2711538076400757,0.021232416853308678,-0.23174189031124115,-0.2595701813697815,-0.314095675945282,0.08868931233882904,-0.23642118275165558,0.272196501493454,0.15401355922222137,-0.15266938507556915,-0.177896186709404,-0.03992237150669098,0.10210438072681427,0.07119717448949814,0.024611948058009148,0.8567118644714355,0.13466404378414154,0.08796051144599915,-0.07297562807798386,0.09962902963161469,0.09242778271436691,-0.0694003477692604,0.028297772631049156,0.49012279510498047,-0.34288904070854187,0.2850378453731537,-0.29566872119903564,0.29652729630470276,-0.1455671191215515,0.4124419093132019,0.04055501148104668,0.4965651333332062,0.0044511668384075165,-0.2059396654367447,-0.7579146027565002,0.10226389765739441,-0.2641068398952484,-0.2731368839740753,-0.11314486712217331,0.2701362371444702,-0.23450402915477753,-0.022433962672948837,0.10460898280143738,0.052557893097400665,0.09759020060300827,0.20189169049263,0.008805952034890652,-0.06845397502183914,-0.14954020082950592,-0.5285204648971558,-0.09895457327365875,-0.19159869849681854,0.03217419236898422,0.23215021193027496,0.24338306486606598,-0.4335859417915344,0.009511488489806652,0.30177563428878784,0.3797827959060669,0.21437831223011017,0.12776270508766174,0.18451496958732605,0.11009066551923752,-0.46881359815597534,0.5072254538536072,0.14855603873729706,0.16871370375156403,0.4788060486316681,-0.005520618055015802,0.01831940934062004,0.16339237987995148,0.05416836217045784,-0.21048595011234283,0.1289769858121872,0.04686666652560234,0.030888421460986137,0.2596719563007355,-0.11540985852479935,0.40760281682014465,0.18941821157932281,-0.14138323068618774,0.16777734458446503,-0.29226362705230713,-0.046087879687547684,0.10316457599401474,-0.09011141210794449,0.011716343462467194,-0.012606197036802769,0.007400800008326769,0.2960359752178192,0.011980841867625713,0.07014556229114532,0.15955661237239838,0.14735545217990875,-0.10941003262996674,-0.17626914381980896,0.09329850226640701,0.02140810526907444,-0.47798237204551697,0.013741838745772839,0.3920685052871704,0.1782325953245163,0.6810852289199829,0.6720035672187805,0.32530394196510315,0.2532123029232025,-0.37144070863723755,-0.02593354322016239,0.07030805945396423,-0.2776821255683899,0.49465540051460266,-0.1960473358631134,0.4208594858646393,0.1794489473104477,-0.08011777698993683,-0.2967040538787842,-0.1923571527004242,-0.005284836050122976,0.007467114366590977,-0.08106130361557007,0.15170183777809143,0.040828388184309006,0.04798933491110802,0.10844428837299347,0.02371523715555668,0.5356892347335815,0.0552237443625927,0.08925142139196396
Ba,0.05464601516723633,0.3623545467853546,-0.1456625759601593,0.2993297278881073,-0.3381471633911133,-0.040157560259103775,0.18343737721443176,-0.14590007066726685,-0.21867454051971436,0.1126154214143753,0.5286652445793152,-0.009019059129059315,0.13293172419071198,0.20099672675132751,-0.03824950382113457,0.344612717628479,-0.4421364963054657,-0.04225743189454079,0.12405577301979065,-0.08555401116609573,-0.5699267983436584,-0.09493210911750793,-0.5247883796691895,0.28496670722961426,0.3730207681655884,0.25177621841430664,-0.48833703994750977,0.3535345494747162,0.14614272117614746,0.12009876221418381,-0.20838159322738647,-0.27732282876968384,0.029028985649347305,0.05180664733052254,0.372891902923584,-0.2589470446109772,0.14171144366264343,-0.1837422400712967,0.011944850906729698,-0.2753143906593323,0.754475474357605,-0.42318373918533325,0.03961346670985222,-0.056576211005449295,-0.47991034388542175,0.2017413228750229,0.11554837226867676,0.5446570515632629,-1.005882740020752,-0.06757008284330368,0.16033661365509033,-0.18604685366153717,0.23725838959217072,0.31547868251800537,-0.0870794802904129,-0.0680825412273407,0.2288251370191574,-0.3949035406112671,0.10180092602968216,-0.23386062681674957,0.39726522564888,0.48093080520629883,-0.2605825662612915,-0.08711674809455872,-0.1066829264163971,-0.09801200777292252,-0.12556669116020203,-0.0595274493098259,-0.10890073329210281,-0.2014511227607727,0.21725930273532867,0.22466473281383514,-0.3072296679019928,0.4951151907444,-0.17745333909988403,-0.17093919217586517,-0.390032023191452,0.10366194695234299,0.11340850591659546,-0.029969211667776108,0.12763704359531403,0.24290890991687775,0.003828143933787942,-0.2647247016429901,0.3030391037464142,0.5308713912963867,-0.13363078236579895,0.9457219243049622,0.32662343978881836,-0.1902104914188385,0.03834233433008194,-0.00335258268751204,0.5942184925079346,-0.053614627569913864,-0.09916958212852478,0.13653384149074554,-0.03446055203676224,0.058216650038957596,-0.36349979043006897,0.4432640075683594,-0.236382395029068,0.20435580611228943,0.24497540295124054,0.47978296875953674,0.011752573773264885,-0.30855628848075867,-0.6692051887512207,0.14852216839790344,-0.31879928708076477,0.07524347305297852,0.08048968762159348,0.13332656025886536,-0.19852350652217865,0.11492133885622025,0.058635152876377106,0.34917396306991577,-0.20850324630737305,0.21355284750461578,0.38838791847229004,-0.24090366065502167,-0.23189634084701538,-0.46195873618125916,-0.06672629714012146,-0.26740503311157227,-0.060953784734010696,0.40596020221710205,0.3532058298587799,-0.35654783248901367,0.1527821123600006,0.2959112226963043,0.5289362668991089,0.14279210567474365,-0.20488713681697845,0.18804369866847992,-0.3218291699886322,-0.28857532143592834,0.28018173575401306,-0.1126982644200325,0.360848605632782,0.3566475212574005,0.004437441937625408,-0.15813246369361877,0.06165827810764313,0.2850552499294281,-0.23801393806934357,0.05069901421666145,0.49803125858306885,-0.09835416078567505,-0.07217834144830704,-0.5455939769744873,-0.013585803098976612,0.28315800428390503,-0.05909164622426033,0.420218288898468,-0.4604763686656952,0.014366916380822659,0.00720165204256773,-0.15106257796287537,0.11899395287036896,0.2988012731075287,0.056676339358091354,0.08043812215328217,-0.37540921568870544,0.02825496718287468,0.10912945121526718,0.3363243639469147,-0.4983603060245514,0.016476472839713097,0.02968028374016285,-0.31222984194755554,-0.24756889045238495,-0.1559184193611145,0.2894214987754822,0.08807157725095749,0.5030368566513062,0.20514318346977234,0.6281031966209412,0.449444055557251,-0.04589710757136345,-0.2386767566204071,-0.08273791521787643,-0.0906054899096489,0.4058239459991455,-0.33696845173835754,0.262291818857193,-0.05025286599993706,0.07342225313186646,-0.09961266070604324,-0.3881252706050873,-0.041783954948186874,0.3784322738647461,0.09855256974697113,0.5029025077819824,-0.05144350230693817,-0.16122765839099884,-0.008992757648229599,0.04479919746518135,0.5490697622299194,-0.08595303446054459,0.25995901226997375
V,0.2087947577238083,0.21129250526428223,-0.13723084330558777,-0.18154121935367584,-0.21146424114704132,0.06992744654417038,0.7121478915214539,-0.11698170006275177,0.02156858518719673,0.13196226954460144,0.35844770073890686,0.030941210687160492,0.20602066814899445,-0.2482956349849701,-0.16384391486644745,0.3760231137275696,0.02033475786447525,-0.16882622241973877,-0.2768484354019165,0.25078341364860535,-0.2945154905319214,0.14170852303504944,-0.9724757075309753,0.4653097987174988,0.20202034711837769,0.16034655272960663,0.20666737854480743,0.2743450999259949,0.08644355088472366,-0.06913220137357712,0.32096630334854126,-0.22443243861198425,0.23433446884155273,-0.22541102766990662,0.310663640499115,-0.03724248707294464,0.4940873682498932,0.06677216291427612,0.16657811403274536,-0.6831178665161133,0.23858709633350372,0.007158772088587284,-0.007597137708216906,0.16549572348594666,-0.6871347427368164,0.15375280380249023,0.04375101625919342,0.4854123294353485,-0.9076483845710754,0.39186251163482666,0.17652495205402374,-0.19293788075447083,0.3207753002643585,0.1432066410779953,-0.16112884879112244,0.21446086466312408,0.17459507286548615,0.027660727500915527,0.11726272106170654,-0.09923508763313293,0.11813417077064514,0.12436452507972717,-0.11717002093791962,0.045654259622097015,0.17664502561092377,-0.1676868349313736,-0.1608290672302246,-0.36031997203826904,-0.3337710201740265,0.45265263319015503,0.6539087891578674,0.3104349672794342,-0.19527514278888702,0.02460779994726181,-0.24374303221702576,0.041783712804317474,-0.34749916195869446,-0.35976433753967285,-0.23065386712551117,0.36172452569007874,-0.058601539582014084,0.3574480712413788,0.41365623474121094,0.23398831486701965,0.5064569711685181,-0.06109355017542839,-0.17679789662361145,0.38354989886283875,0.1636909693479538,-0.08024199306964874,-0.12844732403755188,0.13686737418174744,0.30014917254447937,-0.1274622529745102,-0.4022383987903595,0.2324254810810089,-0.3718418776988983,0.44858309626579285,0.18259045481681824,0.5774158239364624,-0.17910896241664886,-0.06739263236522675,0.15872833132743835,0.19194647669792175,-0.3817307949066162,0.17947985231876373,-0.2768481373786926,0.13468781113624573,-0.18075957894325256,0.008407099172472954,0.2756408452987671,-0.03036453388631344,-0.3479442298412323,0.32486674189567566,-0.3894425928592682,0.13319700956344604,-0.06710236519575119,-0.1751139909029007,-0.16164417564868927,-0.25748446583747864,-0.04837774857878685,-0.1519470065832138,-0.15356656908988953,-0.4079414904117584,-0.4236193299293518,0.33256709575653076,0.1583225131034851,-0.5152721405029297,0.20919549465179443,0.4734745919704437,0.07555078715085983,-0.15982723236083984,0.02180124633014202,-0.0689118430018425,0.5118420124053955,-0.2736978530883789,0.3608529567718506,0.07784420996904373,0.15451648831367493,-0.028977060690522194,-0.15489797294139862,-0.20290344953536987,0.019419150426983833,-0.3309658467769623,-0.05421687662601471,-0.24530957639217377,0.08271380513906479,0.034609898924827576,-0.1618831902742386,0.07732097804546356,0.16138525307178497,0.1786765605211258,0.09155948460102081,0.30150139331817627,-0.23103371262550354,-0.38713666796684265,0.40991225838661194,0.33899030089378357,0.15387645363807678,0.037024807184934616,-0.27434417605400085,0.5110951662063599,0.2994846701622009,-0.04372355714440346,-0.18350306153297424,0.6312762498855591,0.03086261823773384,0.15168261528015137,0.0687844529747963,0.09867748618125916,0.057374950498342514,-0.036152325570583344,0.21044383943080902,-0.0030287280678749084,0.4162066578865051,-0.10251998156309128,-0.04824911057949066,0.18327783048152924,-0.6554078459739685,-0.4580984115600586,-0.25221145153045654,0.22565492987632751,0.28292590379714966,-0.21224044263362885,0.03666442260146141,0.1318822056055069,0.1501329094171524,-0.4158962368965149,0.26538166403770447,-0.20512396097183228,-0.2639699876308441,-0.6837770938873291,0.11632490158081055,-0.3659839630126953,-0.09470624476671219,0.005823549814522266,0.41994911432266235,0.07249359786510468,0.1539308726787567,0.09827215224504471
Zn,-0.048346348106861115,0.5399171113967896,-0.12485585361719131,0.050213418900966644,-0.4818691611289978,-0.3185458779335022,0.1094571128487587,-0.09580639749765396,-0.2128715068101883,-0.04382805898785591,0.3707767128944397,-0.33933910727500916,-0.11932309716939926,0.08583997935056686,-0.32248684763908386,-0.09195451438426971,-0.37896937131881714,0.14491596817970276,-0.08905081450939178,0.1022297739982605,-0.20020516216754913,0.31766653060913086,-0.5490118265151978,0.32493409514427185,0.21670076251029968,0.21805129945278168,-0.589472770690918,-0.06906159967184067,-0.0119074247777462,0.15088117122650146,0.24388235807418823,0.005696023814380169,0.12760834395885468,-0.18143592774868011,0.08527324348688126,0.03859037905931473,-0.02536007948219776,0.038188133388757706,0.27124863862991333,-0.37922203540802,0.26133784651756287,-0.36059701442718506,-0.12527267634868622,-0.017139917239546776,-0.49266472458839417,0.10070023685693741,-0.07476560771465302,0.029640940949320793,-0.9505795240402222,0.2580503523349762,0.11570518463850021,0.13913123309612274,0.30153536796569824,0.3466426134109497,0.2872617542743683,0.16562420129776,-0.04800882190465927,-0.1819821149110794,-0.2267083376646042,-0.12906228005886078,-0.05034096911549568,-0.019062060862779617,-0.3129863440990448,-0.47324302792549133,-0.44046834111213684,0.06462804973125458,0.23630638420581818,0.2516503930091858,-0.297890841960907,0.6495218873023987,0.39265677332878113,0.14367824792861938,-0.11645008623600006,-0.07683528959751129,-0.3012418746948242,-0.32355424761772156,-0.3228384852409363,-0.20932821929454803,-0.36807966232299805,0.29043975472450256,0.3366411030292511,-0.07149376720190048,-0.12034820765256882,0.012491583824157715,0.12534008920192719,-0.12120108306407928,0.11223378032445908,0.4394822418689728,0.09365822374820709,0.08100125193595886,-0.08840057998895645,-0.15080636739730835,0.19268785417079926,0.18446488678455353,-0.32696861028671265,0.22692066431045532,-0.09514345228672028,0.07956711202859879,-0.10916679352521896,0.1870226114988327,0.0728650763630867,0.21746177971363068,0.0004740282311104238,0.5731554627418518,-0.1901228427886963,0.22174344956874847,-0.467237651348114,0.41907384991645813,0.047215696424245834,-0.15338382124900818,0.17930148541927338,-0.028835857287049294,-0.5695082545280457,-0.08563262969255447,-0.07387734204530716,0.6313148140907288,0.07075490057468414,0.2649390995502472,0.4252071976661682,-0.7091328501701355,-0.16149082779884338,-0.6909824013710022,-0.19627878069877625,-0.29468584060668945,0.08247175812721252,0.2781139612197876,0.04960516840219498,-0.29945194721221924,0.05961174890398979,0.2660176455974579,-0.007525601889938116,-0.11721967160701752,0.04395066201686859,0.1324477195739746,0.3254581391811371,-0.3530304729938507,-0.10430433601140976,-0.09914230555295944,0.10040394216775894,0.2648048996925354,-0.16806447505950928,-0.35809704661369324,-0.12364942580461502,-0.15998663008213043,0.03769131004810333,-0.11048802733421326,-0.07752950489521027,-0.14901675283908844,0.45201465487480164,-0.02112450823187828,-0.029457109048962593,-0.07906432449817657,-0.03612614423036575,0.20110593736171722,-0.04601515457034111,-0.10430710762739182,-0.1222057044506073,-0.020850736647844315,-0.005646567326039076,0.30865153670310974,0.40718454122543335,0.23732542991638184,-0.14235112071037292,0.18110427260398865,0.1260833740234375,0.36848410964012146,0.0007379453745670617,0.0838315561413765,0.17049987614154816,-0.0031584373209625483,0.6353402137756348,-0.1406344771385193,-0.1411002278327942,-0.0027920815628021955,0.06797318160533905,-0.0816652774810791,0.3170166015625,0.3226069211959839,-0.2256849855184555,-0.7631412744522095,-0.01896674931049347,-0.04269104823470116,-0.04843732714653015,-0.15763340890407562,0.14039500057697296,0.4346286356449127,0.10116206854581833,-0.23151874542236328,-0.19562938809394836,0.12378785014152527,0.016964172944426537,-0.36327868700027466,0.5920869708061218,0.14287950098514557,-0.39498406648635864,-0.11527886986732483,0.11776185780763626,0.43696489930152893,0.03032848984003067,0.0965043231844902
Ni,0.17700527608394623,0.33151566982269287,0.1040022000670433,-0.1366376280784607,-0.18819810450077057,-0.15909802913665771,0.24765756726264954,-0.10106480866670609,0.01924237236380577,0.35995569825172424,0.5545822381973267,-0.15184003114700317,0.07196881622076035,0.20782846212387085,-0.07027121633291245,0.04982682690024376,-0.1873023957014084,-0.10962624102830887,-0.020879263058304787,0.05972394347190857,0.09651549160480499,0.05854493007063866,-0.8647485375404358,0.1528531014919281,0.0497656874358654,0.1541765034198761,-0.28587770462036133,-0.11035244166851044,0.0008984372834675014,0.09715311229228973,0.3380047380924225,-0.24797949194908142,0.16471020877361298,-0.010503439232707024,0.14331036806106567,0.1596681922674179,0.0067667532712221146,0.010248661041259766,-0.14191097021102905,-0.4213395118713379,0.29630663990974426,-0.23742146790027618,0.2679733633995056,0.04473501816391945,-0.17744846642017365,0.1843964159488678,0.3221154510974884,-0.144608736038208,-0.5496946573257446,0.44264453649520874,0.39591729640960693,0.04786844924092293,0.4880763292312622,-0.0004966354463249445,0.1407114863395691,0.14618545770645142,0.07016292214393616,0.13882505893707275,-0.041964393109083176,-0.18104025721549988,-0.20826156437397003,0.2312764823436737,-0.016629379242658615,-0.04795663431286812,-0.3655781149864197,-0.16255992650985718,0.10851103812456131,-0.13451239466667175,-0.3795447051525116,0.30837926268577576,0.4017549455165863,0.268576055765152,0.08674999326467514,0.1201246976852417,-0.3142535090446472,-0.13039259612560272,-0.5300388932228088,-0.17236600816249847,-0.4034285843372345,0.26299846172332764,0.40838733315467834,0.28757256269454956,0.09516876190900803,0.37451454997062683,-0.004542788024991751,-0.10815358906984329,0.04669614136219025,0.39923447370529175,0.2448418289422989,0.33289429545402527,0.16107454895973206,-0.11654558777809143,0.1672220379114151,-0.14748099446296692,-0.3528309464454651,0.605922281742096,-0.24722439050674438,0.41768577694892883,0.29616886377334595,0.27699336409568787,-0.0763738825917244,0.15552052855491638,-0.11213335394859314,0.07766489684581757,-0.36908048391342163,-0.09015779197216034,-0.5566688776016235,0.15001095831394196,-0.12755347788333893,-0.35906022787094116,0.12187483161687851,-0.19647786021232605,-0.452320396900177,0.009985643438994884,-0.2852964401245117,0.15250106155872345,0.018289383500814438,0.2476133406162262,0.4113597869873047,-0.31927716732025146,-0.05608024448156357,-0.49507206678390503,-0.03572769835591316,-0.5157867074012756,-0.10360398888587952,0.019686304032802582,0.2505362629890442,-0.44766804575920105,0.04909930005669594,0.684578537940979,-0.01117507554590702,-0.02402813546359539,-0.0022393930703401566,0.06999131292104721,-0.003966291900724173,-0.03339430317282677,0.1895446628332138,-0.054643817245960236,0.40299198031425476,0.2911628782749176,-0.2873736321926117,-0.09094534069299698,-0.0006348974420689046,0.048260487616062164,0.01984868384897709,-0.19152477383613586,-0.09131495654582977,-0.05334751307964325,0.16820508241653442,0.13486865162849426,-0.11417535692453384,-0.04327743500471115,0.233380526304245,0.2229979932308197,0.08404471725225449,-0.5354205369949341,0.20352692902088165,-0.20489798486232758,0.02879313938319683,0.2735867500305176,0.11667338013648987,0.39752939343452454,0.09082193672657013,0.06657519936561584,-0.11810555309057236,0.22368542850017548,-0.1268148422241211,0.33914437890052795,0.06469610333442688,-0.2626054883003235,0.25407418608665466,-0.006306925788521767,0.20003150403499603,-0.06741412729024887,0.3131609261035919,0.07052644342184067,0.1817154437303543,0.06209840625524521,-0.5991058945655823,-0.46829313039779663,-0.13535672426223755,0.08585678040981293,-0.14370183646678925,-0.30032551288604736,-0.09731956571340561,-0.129602313041687,0.3382217586040497,-0.2357848584651947,-0.23219457268714905,-0.056457050144672394,-0.07159948348999023,-0.27893245220184326,0.44731488823890686,-0.03240574151277542,-0.019153814762830734,0.09744470566511154,0.06613790988922119,0.41847696900367737,0.18918447196483612,0.10584154725074768
