structure_key,supercell_filename,relaxed_filename,n_atoms_supercell,n_atoms_relaxed,wasserstein_distance_A,prototype,r_first_peak_A,r_centroid_A,norm_relative_first_peak,norm_relative_centroid,norm_minmax,norm_zscore,norm_robust_zscore,norm_percentile,norm_by_prototype_minmax
row000_AlB2,row000_AlB2.vasp,row000_AlB2_relaxed.vasp,375,375,0.1341803100540007,AlB2,2.35,3.6931278966833987,0.05709800427829816,0.03633242980144307,0.270304072014854,0.07104900874301702,0.4478185587373136,66.36904761904762,0.8201064660902347
row001_AlB2,row001_AlB2.vasp,row001_AlB2_relaxed.vasp,375,375,0.1254611544908898,AlB2,2.35,3.6858958590582978,0.05338772531527225,0.03403817125830126,0.250900642517767,-0.03174195808138598,0.28390558943298144,61.16071428571429,0.6573870213549898
row002_AlB2,row002_AlB2.vasp,row002_AlB2_relaxed.vasp,375,375,0.1279592058088876,AlB2,2.35,3.688222755352459,0.054450725876122374,0.03469400150063859,0.25645975455310516,-0.0022921898904910824,0.33086690421213044,62.351190476190474,0.7040063895314786
row003_AlB2,row003_AlB2.vasp,row003_AlB2_relaxed.vasp,375,375,0.1185053514353674,AlB2,2.35,3.6748104929748475,0.05042780912143294,0.0322480170506519,0.23542134143103463,-0.11374459193073332,0.1531422001948578,56.547619047619044,0.5275757795793593
row004_AlB2,row004_AlB2.vasp,row004_AlB2_relaxed.vasp,375,375,0.1202390614951787,AlB2,2.35,3.6793478442205374,0.051165558083054764,0.03267944934427669,0.23927950414764715,-0.09330571663469339,0.1857345265686138,57.58928571428571,0.5599307864630475
row005_AlB2,row005_AlB2.vasp,row005_AlB2_relaxed.vasp,375,375,0.1130077356207542,AlB2,2.35,3.6725865302427083,0.04808839813649114,0.030770612125859406,0.22318706024533935,-0.17855651559958874,0.04979153443999743,51.78571428571429,0.42497765683151945
row006_AlB2,row006_AlB2.vasp,row006_AlB2_relaxed.vasp,375,375,0.119443216653859,AlB2,2.35,3.680171065586463,0.05082690070376979,0.032455887111004396,0.2375084474028289,-0.10268800831298042,0.17077329665339663,56.99404761904761,0.5450784960390943
row007_AlB2,row007_AlB2.vasp,row007_AlB2_relaxed.vasp,375,375,0.1259848566887199,AlB2,2.35,3.678719504262419,0.05361057731434889,0.03424693199433801,0.2520660786198659,-0.02556798230433101,0.29375076098155617,61.30952380952381,0.6671605057504371
row008_AlB2,row008_AlB2.vasp,row008_AlB2_relaxed.vasp,375,375,0.1177428218962364,AlB2,2.35,3.682174445739528,0.050103328466483577,0.03197643773571649,0.23372442387464049,-0.1227341262947098,0.13880727062094023,55.952380952380956,0.5133452291202563
row009_AlB2,row009_AlB2.vasp,row009_AlB2_relaxed.vasp,375,375,0.0902357411194862,AlB2,2.35,3.6651951169682655,0.03839818771041966,0.02461962821617158,0.1725107319455197,-0.4470177575584568,-0.37830327458907803,32.142857142857146,0.0
row010_AlB2,row010_AlB2.vasp,row010_AlB2_relaxed.vasp,375,375,0.1287071366631507,AlB2,2.35,3.701758787118133,0.054768994324744975,0.03476918515356611,0.25812418449638885,0.006525239167980363,0.34492739049078697,63.095238095238095,0.7179644950412545
row011_AlB2,row011_AlB2.vasp,row011_AlB2_relaxed.vasp,375,375,0.1283159717397606,AlB2,2.35,3.6986835656797328,0.05460254116585557,0.03469233565434222,0.2572536941194486,0.0019137581166298488,0.3375738109363813,62.94642857142857,0.710664460230173
row012_AlB2,row012_AlB2.vasp,row012_AlB2_relaxed.vasp,375,375,0.1282445950658185,AlB2,2.35,3.684949361024488,0.05457216811311426,0.034802267955770225,0.2570948539369851,0.0010722916156469336,0.3362319880407774,62.797619047619044,0.7093324077548115
row013_AlB2,row013_AlB2.vasp,row013_AlB2_relaxed.vasp,375,375,0.1438197216775414,AlB2,2.35,3.7112333487837104,0.06119988156491123,0.03875254077587865,0.2917554204254839,0.18468896312050434,0.629031586779391,71.875,1.0
row014_AlB2,row014_AlB2.vasp,row014_AlB2_relaxed.vasp,375,375,0.0965685583859284,AlB2,2.35,3.6633597772450757,0.04109300356848017,0.026360653678015215,0.18660365326776582,-0.372359563329885,-0.2592515069390092,37.202380952380956,0.11818489780879465
row015_AlB2,row015_AlB2.vasp,row015_AlB2_relaxed.vasp,375,375,0.1339440335899459,AlB2,2.35,3.6950985457234196,0.05699746110210463,0.03624910998516349,0.2697782672303282,0.06826352269425347,0.4433767551108472,66.22023809523809,0.8156970052477576
row016_AlB2,row016_AlB2.vasp,row016_AlB2_relaxed.vasp,375,375,0.1092236172156217,AlB2,2.35,3.6728490628118196,0.046478134985370935,0.02973811756152143,0.21476596095984607,-0.22316785285881366,-0.021346786180025754,49.25595238095239,0.3543573265439511
row017_AlB2,row017_AlB2.vasp,row017_AlB2_relaxed.vasp,375,375,0.1160555490739967,AlB2,2.35,3.681376685076375,0.04938534003148796,0.031525040494895455,0.22996960163162522,-0.1426255485132024,0.10708792620530581,53.86904761904761,0.4818568476176608
row018_AlB2,row018_AlB2.vasp,row018_AlB2_relaxed.vasp,375,375,0.1006501354261132,AlB2,2.35,3.6655234296477013,0.04282984486217583,0.02745859830332249,0.19568671088302628,-0.32424145750047245,-0.1825212080862636,40.327380952380956,0.1943564886028501
row019_AlB2,row019_AlB2.vasp,row019_AlB2_relaxed.vasp,375,375,0.1044550544131062,AlB2,2.35,3.6697254112068998,0.04444895932472604,0.028463997359070254,0.20415409935566697,-0.27938490017326345,-0.11099185359703916,43.452380952380956,0.26536500546491076
row020_AlB2,row020_AlB2.vasp,row020_AlB2_relaxed.vasp,375,375,0.1076021281237282,AlB2,2.35,3.6718309753649696,0.045788139627118384,0.029304760716288923,0.2111575324776244,-0.24228374432841007,-0.0518294504498693,47.023809523809526,0.324096620358887
row021_AlB2,row021_AlB2.vasp,row021_AlB2_relaxed.vasp,375,375,0.1328371409053264,AlB2,2.35,3.6988454255671233,0.05652644293843676,0.035913136566110816,0.26731501101114535,0.05521425795762314,0.4225680809996937,65.17857142857143,0.7950398485174873
row022_AlB2,row022_AlB2.vasp,row022_AlB2_relaxed.vasp,375,375,0.1138008991612731,AlB2,2.35,3.675475810667739,0.04842591453671196,0.0309622223144487,0.22495215007849145,-0.16920583403533918,0.06470235810054065,52.38095238095239,0.4397799080315691
row023_AlB2,row023_AlB2.vasp,row023_AlB2_relaxed.vasp,375,375,0.122148630192496,AlB2,2.35,3.6890423765695846,0.051978140507445106,0.03311120277942732,0.24352901905996288,-0.07079362688080576,0.22163285101096478,58.48214285714286,0.5955677189460383
row024_AlB2,row024_AlB2.vasp,row024_AlB2_relaxed.vasp,375,375,0.130761280232021,AlB2,2.35,3.697963246102606,0.05564309797107276,0.0353603515042596,0.26269543335494794,0.030741736042245553,0.3835436038745056,64.43452380952381,0.7562995262852426
row025_CoCl2,row025_CoCl2.vasp,row025_CoCl2_relaxed.vasp,378,378,0.0513181116786178,CoCl2,2.45,3.9020218469153822,0.020946168032088895,0.013151672054113609,0.08590423965577505,-0.9058214487858012,-1.1099227707392814,12.202380952380953,0.0
row026_CoCl2,row026_CoCl2.vasp,row026_CoCl2_relaxed.vasp,378,378,0.0586887900498621,CoCl2,2.45,3.902005908732556,0.023954608183617183,0.015040671752576949,0.1023067957389832,-0.8189278097805118,-0.9713600660285951,15.178571428571427,0.021386659924943905
row027_CoCl2,row027_CoCl2.vasp,row027_CoCl2_relaxed.vasp,378,378,0.0603321218392609,CoCl2,2.45,3.9040765995702427,0.02462535585275955,0.01545362143916495,0.10596383251107916,-0.7995544126409717,-0.940466776970629,16.517857142857142,0.026154929052089194
row028_CoCl2,row028_CoCl2.vasp,row028_CoCl2_relaxed.vasp,378,378,0.3959571715931421,CoCl2,2.45,3.883562950660241,0.1616151720788335,0.1019571915335699,0.8528569167345069,3.1571617056778147,5.369008731279708,97.02380952380952,1.0
row029_Cu2S,row029_Cu2S.vasp,row029_Cu2S_relaxed.vasp,432,432,0.2544617975226325,Cu2S,2.45,3.77494651391998,0.10386195817250304,0.06740805375236808,0.5379760208646407,1.4890590784666373,2.709011815425914,92.55952380952381,1.0
row030_Cu2S,row030_Cu2S.vasp,row030_Cu2S_relaxed.vasp,432,432,0.247983941006636,Cu2S,2.45,3.780344565500271,0.10121793510474938,0.0655982375971115,0.5235603321788963,1.412691002520592,2.58723342890914,92.41071428571429,0.6459788624417859
row031_Cu2S,row031_Cu2S.vasp,row031_Cu2S_relaxed.vasp,432,432,0.2361638603975328,Cu2S,2.45,3.773635845505851,0.09639341240715624,0.06258257819942754,0.4972561678491581,1.2733429309146072,2.365025613481266,92.26190476190477,0.0
row032_fluorite,row032_fluorite.vasp,row032_fluorite_relaxed.vasp,396,396,0.1564216446920019,fluorite,2.35,3.8263092298512995,0.06656240199659655,0.04088055494095046,0.31979948076698334,0.33325425033518946,0.8659373978173388,76.78571428571429,0.5462903491624207
row033_fluorite,row033_fluorite.vasp,row033_fluorite_relaxed.vasp,396,396,0.166942574226852,fluorite,2.35,3.8409820945321167,0.07103939328802213,0.043463512747040765,0.3432125410106807,0.45728650448536157,1.063722239183747,79.91071428571429,0.7262107919323912
row034_fluorite,row034_fluorite.vasp,row034_fluorite_relaxed.vasp,396,396,0.1706785345447578,fluorite,2.35,3.8414435922795978,0.07262916363606714,0.04443083191115488,0.3515264702791403,0.5013301014042959,1.1339552272843296,81.84523809523809,0.7901001690394329
row035_fluorite,row035_fluorite.vasp,row035_fluorite_relaxed.vasp,396,396,0.1630418781960117,fluorite,2.35,3.8418479656318834,0.06937952263660073,0.04243839934701726,0.33453201227413726,0.41130082234034343,0.9903923548686044,78.57142857142857,0.6595042376631015
row036_fluorite,row036_fluorite.vasp,row036_fluorite_relaxed.vasp,396,396,0.1691917375208178,fluorite,2.35,3.8410532139784785,0.07199648405141182,0.04404826699747091,0.34821778275525284,0.483802107729194,1.1060046633584006,81.10119047619048,0.7646741667104314
row037_fluorite,row037_fluorite.vasp,row037_fluorite_relaxed.vasp,396,396,0.1600945158280656,fluorite,2.35,3.842326035042015,0.06812532588428323,0.041666041446770406,0.3279730126674821,0.3765540827977188,0.9349843610727552,77.67857142857143,0.6091008260170252
row038_fluorite,row038_fluorite.vasp,row038_fluorite_relaxed.vasp,396,396,0.1635768393498055,fluorite,2.35,3.839062870203543,0.06960716568076829,0.04260853361360368,0.3357225038253185,0.4176075310363793,1.0004491855497541,79.01785714285714,0.6686527114112135
row039_fluorite,row039_fluorite.vasp,row039_fluorite_relaxed.vasp,396,396,0.1700756808845719,fluorite,2.35,3.8398239505079306,0.07237263016364762,0.044292572544133005,0.350184892140316,0.4942230013949427,1.1226220731982706,81.25,0.779790652460422
row040_fluorite,row040_fluorite.vasp,row040_fluorite_relaxed.vasp,396,396,0.1616538625894982,fluorite,2.35,3.840593880592022,0.0687888776976588,0.04209085042977247,0.33144315088533643,0.3949373723332676,0.9642988005263757,77.97619047619048,0.6357675153831631
row041_fluorite,row041_fluorite.vasp,row041_fluorite_relaxed.vasp,396,396,0.1346887945894841,fluorite,2.35,3.839087981279562,0.05731438067637621,0.035083539435997124,0.27143564304408924,0.0770435820293031,0.4573776507219831,66.96428571428571,0.174632692854953
row042_fluorite,row042_fluorite.vasp,row042_fluorite_relaxed.vasp,396,396,0.1809441259385852,fluorite,2.35,3.837692732397459,0.07699750039939796,0.04714919576835088,0.3743713062743551,0.6223521495554019,1.3269399211400374,85.86309523809523,0.9656540250704003
row043_fluorite,row043_fluorite.vasp,row043_fluorite_relaxed.vasp,396,396,0.1785879469239655,fluorite,2.35,3.835095269833246,0.07599487103147469,0.04656675632773282,0.3691279139456171,0.5945749276477205,1.282645689238402,84.82142857142857,0.9253605538375159
row044_fluorite,row044_fluorite.vasp,row044_fluorite_relaxed.vasp,396,396,0.178293965691353,fluorite,2.35,3.8404231062924916,0.07586977263461829,0.04642560487650964,0.36847369415573317,0.5911091545106613,1.2771190833178545,84.375,0.9203331241448734
row045_fluorite,row045_fluorite.vasp,row045_fluorite_relaxed.vasp,396,396,0.1829525224080294,fluorite,2.35,3.8363966376581047,0.07785213719490612,0.04768863589655088,0.37884075047855453,0.6460293294573544,1.3646961265964155,86.45833333333334,1.0
row046_fluorite,row046_fluorite.vasp,row046_fluorite_relaxed.vasp,396,396,0.1728222312957559,fluorite,2.35,3.8382592256229606,0.0735413750194706,0.0450262009772689,0.3562970089477136,0.5266023493896054,1.1742549670011864,82.44047619047619,0.8267599401486808
row047_fluorite,row047_fluorite.vasp,row047_fluorite_relaxed.vasp,396,396,0.1786068468914367,fluorite,2.35,3.8349940927783495,0.07600291357082412,0.04657291317026276,0.36916997354458514,0.5947977411891523,1.2830009931168032,84.97023809523809,0.9256837658222068
row048_fluorite,row048_fluorite.vasp,row048_fluorite_relaxed.vasp,396,396,0.1686884066006676,fluorite,2.35,3.8370922993268404,0.07178230068113516,0.043962561606939045,0.3470976804756058,0.47786829091168637,1.0965424551127363,80.65476190476191,0.7560666076812351
row049_fluorite,row049_fluorite.vasp,row049_fluorite_relaxed.vasp,396,396,0.1450693362726216,fluorite,2.35,3.8277393333505105,0.061731632456434725,0.03789948155786225,0.294536287049398,0.19942079024028006,0.6525233156839902,72.47023809523809,0.352152335927902
row050_fluorite,row050_fluorite.vasp,row050_fluorite_relaxed.vasp,396,396,0.1822615406513544,fluorite,2.35,3.841809653739462,0.07755810240483164,0.04744158536692425,0.3773030538859921,0.637883278809153,1.3517062366177448,86.30952380952381,0.988183387865575
row051_fluorite,row051_fluorite.vasp,row051_fluorite_relaxed.vasp,396,396,0.1691543538610415,fluorite,2.35,3.821360707672236,0.07198057611108148,0.044265476829085076,0.34813458992751145,0.48336138815445706,1.1053018812331086,80.95238095238095,0.7640348615428574
row052_fluorite,row052_fluorite.vasp,row052_fluorite_relaxed.vasp,396,396,0.1821500727462654,fluorite,2.35,3.843055217401439,0.07751066925372996,0.04739720416232529,0.3770549955021353,0.6365691729131114,1.3496107314770212,86.01190476190477,0.9862771537470195
row053_fluorite,row053_fluorite.vasp,row053_fluorite_relaxed.vasp,403,403,0.1520977984057223,fluorite,2.35,3.8441473546442206,0.06472246740669034,0.03956606872053662,0.3101772821532756,0.282280008970902,0.7846526359536875,74.85119047619048,0.47234742085748327
row054_fluorite,row054_fluorite.vasp,row054_fluorite_relaxed.vasp,403,403,0.1540096290899522,fluorite,2.35,3.8414194710416383,0.06553601237870306,0.0400918541312519,0.3144318308447531,0.3048187655069117,0.8205934838937199,76.04166666666666,0.505042005691309
row055_fluorite,row055_fluorite.vasp,row055_fluorite_relaxed.vasp,403,403,0.1544013745436635,fluorite,2.35,3.8405273429890294,0.06570271257177171,0.04020317023013174,0.3153036131219327,0.3094370904862729,0.8279579769417582,76.19047619047619,0.5117413201626578
row056_fluorite,row056_fluorite.vasp,row056_fluorite_relaxed.vasp,432,432,0.1294360660379396,fluorite,2.35,3.816482747674859,0.05507917703742111,0.03391501405758923,0.25974632893798044,0.015118657950214656,0.3586306645486903,63.988095238095234,0.08480476998807712
row057_fluorite,row057_fluorite.vasp,row057_fluorite_relaxed.vasp,432,432,0.1536727455656127,fluorite,2.35,3.843447014186091,0.06539265768749476,0.03998305297260753,0.31368213717706506,0.3008472131101892,0.8142603500960137,75.59523809523809,0.49928089564297196
row058_fluorite,row058_fluorite.vasp,row058_fluorite_relaxed.vasp,432,432,0.1498398424817061,fluorite,2.35,3.828177452601961,0.06376163509859833,0.03914130009304087,0.3051524734705932,0.25566074856242,0.7422049175496644,74.10714285714286,0.43373368161910314
row059_fluorite,row059_fluorite.vasp,row059_fluorite_relaxed.vasp,432,432,0.1449349126995253,fluorite,2.35,3.839976287480719,0.06167443093596821,0.03774369992128579,0.2942371435939978,0.1978360577575818,0.6499962628230531,72.17261904761905,0.3498535325084801
row060_fluorite,row060_fluorite.vasp,row060_fluorite_relaxed.vasp,432,432,0.1351347623595311,fluorite,2.35,3.8297584321986604,0.057504154195545144,0.035285453313030596,0.27242809054906214,0.08230113913146098,0.4657614788201656,67.41071428571429,0.18225927360356498
row061_fluorite,row061_fluorite.vasp,row061_fluorite_relaxed.vasp,432,432,0.1244770686303774,fluorite,2.35,3.8291977053223962,0.052968965374628675,0.03250734963550208,0.24871067807966038,-0.04334344131082414,0.2654055828349292,60.11904761904761,0.0
row062_garnet,row062_garnet.vasp,row062_garnet_relaxed.vasp,320,320,0.0898822847391933,garnet,2.05,3.82310683254131,0.04384501694594795,0.02351027284253169,0.17172415738498253,-0.45118468895423053,-0.38494796447837065,31.994047619047617,0.6027675459305365
row063_garnet,row063_garnet.vasp,row063_garnet_relaxed.vasp,320,320,0.0860850037998949,garnet,2.05,3.8284453737695254,0.04199268478043654,0.022485629386200367,0.16327376646661926,-0.4959512005996652,-0.45633372993901933,29.315476190476193,0.3959683770287104
row064_garnet,row064_garnet.vasp,row064_garnet_relaxed.vasp,320,320,0.08551727761864,garnet,2.05,3.822641537324183,0.0417157451798244,0.022371252125958266,0.16201036029707738,-0.5026441793681155,-0.46700651624816697,28.57142857142857,0.36505012148636146
row065_garnet,row065_garnet.vasp,row065_garnet_relaxed.vasp,320,320,0.0841385951928199,garnet,2.05,3.8272240166358173,0.04104321716722922,0.021984235787373345,0.1589422687766723,-0.5188975996068179,-0.4929246144525354,27.827380952380953,0.28996734926149953
row066_garnet,row066_garnet.vasp,row066_garnet_relaxed.vasp,320,320,0.0936487405441058,garnet,2.05,3.8280486225073855,0.045682312460539415,0.02446383256301628,0.18010595068314442,-0.4067815777944375,-0.3141416862478587,34.82142857142857,0.8078879841105135
row067_garnet,row067_garnet.vasp,row067_garnet_relaxed.vasp,320,320,0.0788141662107465,garnet,2.05,3.8247604803335196,0.038445934736949516,0.02060630113075052,0.14709339400684912,-0.5816678069845522,-0.5930195098795771,25.44642857142857,0.0
row068_garnet,row068_garnet.vasp,row068_garnet_relaxed.vasp,320,320,0.0909009205591197,garnet,2.05,3.8264228860990235,0.04434191246786327,0.0237561093650555,0.1739910085923141,-0.4391758929172384,-0.3657984469963912,32.88690476190476,0.6582422512109238
row069_garnet,row069_garnet.vasp,row069_garnet_relaxed.vasp,320,320,0.0889364128967867,garnet,2.05,3.8264416591577537,0.04338361604721303,0.023242589543717933,0.16961923363696904,-0.4623356634344087,-0.4027295788959607,31.25,0.5512555524741181
row070_garnet,row070_garnet.vasp,row070_garnet_relaxed.vasp,320,320,0.0912527422172405,garnet,2.05,3.8253727339288313,0.04451353278889781,0.023854601515790018,0.1747739452757444,-0.4350282334189947,-0.35918448854241697,33.18452380952381,0.6774023891264729
row071_garnet,row071_garnet.vasp,row071_garnet_relaxed.vasp,320,320,0.0971763335224589,garnet,2.05,3.821890010637777,0.047403089523150685,0.025426250690621686,0.1879561835588465,-0.3651944435607048,-0.2478258331364287,37.648809523809526,1.0
row072_garnet,row072_garnet.vasp,row072_garnet_relaxed.vasp,320,320,0.0903364817152725,garnet,2.05,3.8258319323999332,0.044066576446474395,0.023612245208744623,0.17273491799584137,-0.4458301169475758,-0.37640943405999266,32.44047619047619,0.6275030234136054
row073_garnet,row073_garnet.vasp,row073_garnet_relaxed.vasp,320,320,0.0927751040679388,garnet,2.05,3.825105627588437,0.04525614832582381,0.02425425938536225,0.1781617780337759,-0.41708096256722504,-0.33056533505932834,34.523809523809526,0.7603099144122956
row074_garnet,row074_garnet.vasp,row074_garnet_relaxed.vasp,320,320,0.0887209248862889,garnet,2.05,3.825479299457309,0.043278499944531174,0.023192106907721353,0.16913969104951349,-0.46487607239692913,-0.4067805766553787,30.80357142857143,0.5395201180431094
row075_Gd2Si2O7,row075_Gd2Si2O7.vasp,row075_Gd2Si2O7_relaxed.vasp,396,396,0.0179932176484408,Gd2Si2O7,1.65,3.7537831530061108,0.010904980392994425,0.004793355640171021,0.011743705744882215,-1.2986918422417115,-1.7364034307872378,1.0416666666666665,0.07215796243300099
row076_Gd2Si2O7,row076_Gd2Si2O7.vasp,row076_Gd2Si2O7_relaxed.vasp,396,396,0.0364400369461633,Gd2Si2O7,1.65,3.7441440884150534,0.02208487087646261,0.009732541292658655,0.05279487808583732,-1.0812205083810942,-1.38961836617585,7.440476190476191,0.32439256503279534
row077_Gd2Si2O7,row077_Gd2Si2O7.vasp,row077_Gd2Si2O7_relaxed.vasp,396,396,0.0703746139728388,Gd2Si2O7,1.65,3.735804555606411,0.04265128119565988,0.018837873589298438,0.12831218800015204,-0.6811625032106244,-0.75167616612358,21.577380952380953,0.7884007180140727
row078_Gd2Si2O7,row078_Gd2Si2O7.vasp,row078_Gd2Si2O7_relaxed.vasp,396,396,0.0192365602423851,Gd2Si2O7,1.65,3.7513820689335025,0.011658521359021274,0.005127859516547178,0.01451061478644036,-1.2840339563489296,-1.7130296103569427,1.7857142857142856,0.08915894347029331
row079_Gd2Si2O7,row079_Gd2Si2O7.vasp,row079_Gd2Si2O7_relaxed.vasp,396,396,0.020121317888483,Gd2Si2O7,1.65,3.7531936828928885,0.01219473811423212,0.0053611189798694,0.016479536258687165,-1.2736034630300057,-1.696396892677242,2.380952380952381,0.10125677397748462
row080_Gd2Si2O7,row080_Gd2Si2O7.vasp,row080_Gd2Si2O7_relaxed.vasp,396,396,0.0663563051528659,Gd2Si2O7,1.65,3.7371732849376613,0.04021594251688843,0.017755747484417966,0.11936992618115903,-0.7285347338830027,-0.8272170743567329,19.196428571428573,0.733455932575954
row081_Gd2Si2O7,row081_Gd2Si2O7.vasp,row081_Gd2Si2O7_relaxed.vasp,396,396,0.0158373905651621,Gd2Si2O7,1.65,3.7556874264581954,0.009598418524340667,0.004216908588715426,0.006946172484289219,-1.3241070958855388,-1.7769312107963413,0.4464285714285714,0.04268002486292828
row082_Gd2Si2O7,row082_Gd2Si2O7.vasp,row082_Gd2Si2O7_relaxed.vasp,396,396,0.0181613767842243,Gd2Si2O7,1.65,3.754732289786939,0.011006895020742001,0.004836929874767412,0.012117923627777985,-1.2967093979531072,-1.7332421770325117,1.1904761904761905,0.07445730478049786
row083_Gd2Si2O7,row083_Gd2Si2O7.vasp,row083_Gd2Si2O7_relaxed.vasp,396,396,0.0666071323839731,Gd2Si2O7,1.65,3.7370869106416604,0.04036795902058976,0.017823276251430986,0.11992811194347403,-0.7255777074364878,-0.8225017282506134,19.345238095238095,0.7368856461725599
row084_Gd2Si2O7,row084_Gd2Si2O7.vasp,row084_Gd2Si2O7_relaxed.vasp,396,396,0.0187691613683312,Gd2Si2O7,1.65,3.753128605088425,0.01137524931414012,0.00500093744266698,0.013470474943300895,-1.2895441668055365,-1.721816325623248,1.488095238095238,0.08276791381093446
row085_Gd2Si2O7,row085_Gd2Si2O7.vasp,row085_Gd2Si2O7_relaxed.vasp,396,396,0.015711772808275,Gd2Si2O7,1.65,3.75513677303857,0.009522286550469699,0.004184074710962231,0.006666625311205934,-1.325588015750688,-1.7792927215389442,0.2976190476190476,0.04096237671575924
row086_Gd2Si2O7,row086_Gd2Si2O7.vasp,row086_Gd2Si2O7_relaxed.vasp,396,396,0.020114149019604,Gd2Si2O7,1.65,3.753549582718775,0.012190393345214547,0.005358700764793121,0.01646358280529817,-1.273687977517421,-1.696531661529111,2.232142857142857,0.1011587496642629
row087_Gd2Si2O7,row087_Gd2Si2O7.vasp,row087_Gd2Si2O7_relaxed.vasp,396,396,0.0127160475846436,Gd2Si2O7,1.65,3.7547932502420616,0.007706695505844607,0.0033866172481863896,0.0,-1.3609049096687333,-1.8356098973332144,0.1488095238095238,0.0
row088_Gd2Si2O7,row088_Gd2Si2O7.vasp,row088_Gd2Si2O7_relaxed.vasp,396,396,0.0421679396933979,Gd2Si2O7,1.65,3.7410329305999133,0.02555632708690782,0.011271737104606518,0.06554163507596995,-1.0136937098278715,-1.2819384950702264,9.077380952380953,0.4027136701437109
row089_Gd2Si2O7,row089_Gd2Si2O7.vasp,row089_Gd2Si2O7_relaxed.vasp,396,396,0.020018952231239,Gd2Si2O7,1.65,3.7529823405266507,0.01213269832196303,0.005334145065129661,0.016251733830013874,-1.2748102616473218,-1.6983212830281424,2.083333333333333,0.09985706595963707
row090_Gd2Si2O7,row090_Gd2Si2O7.vasp,row090_Gd2Si2O7_relaxed.vasp,396,396,0.0662435273597704,Gd2Si2O7,1.65,3.738207571767279,0.040147592339254794,0.017720665877430944,0.11911895279946783,-0.7298642821752312,-0.8293372043170335,19.047619047619047,0.7319138530789734
row091_Gd2Si2O7,row091_Gd2Si2O7.vasp,row091_Gd2Si2O7_relaxed.vasp,396,396,0.0696795101426175,Gd2Si2O7,1.65,3.7360178951491907,0.042230006147040915,0.01865074314367945,0.12676531822988246,-0.689357149381876,-0.7647435477021851,20.982142857142858,0.7788961397151403
row092_Gd2Si2O7,row092_Gd2Si2O7.vasp,row092_Gd2Si2O7_relaxed.vasp,396,396,0.0168896678431181,Gd2Si2O7,1.65,3.7535909916592805,0.010236162329162486,0.00449960261537499,0.009287888700546408,-1.3117016974515354,-1.7571492615109097,0.744047619047619,0.057068453390701324
row093_Gd2Si2O7,row093_Gd2Si2O7.vasp,row093_Gd2Si2O7_relaxed.vasp,396,396,0.0365599158239926,Gd2Si2O7,1.65,3.743789495331179,0.0221575247418137,0.009765483841862876,0.05306165407547465,-1.0798072447152833,-1.3873647416499835,7.5892857142857135,0.32603174198906965
row094_Gd2Si2O7,row094_Gd2Si2O7.vasp,row094_Gd2Si2O7_relaxed.vasp,396,396,0.016001492782681,Gd2Si2O7,1.65,3.7546876934603732,0.00969787441374606,0.004261737350499529,0.0073113621847018485,-1.3221724789980775,-1.7738462237757229,0.5952380952380952,0.04492389449452025
row095_Gd2Si2O7,row095_Gd2Si2O7.vasp,row095_Gd2Si2O7_relaxed.vasp,396,396,0.0258522238571411,Gd2Si2O7,1.65,3.7506019559422517,0.015668014458873395,0.006892819915529088,0.029232976556020047,-1.2060412592094412,-1.5886605634734177,4.464285714285714,0.1796189439652253
row096_Gd2Si2O7,row096_Gd2Si2O7.vasp,row096_Gd2Si2O7_relaxed.vasp,396,396,0.0858496268302754,Gd2Si2O7,1.65,3.7146938163161214,0.05203007686683358,0.02311082179995466,0.16274996339851341,-0.4987260824216788,-0.4607586238082625,28.869047619047617,1.0
row097_Gd2SiO5,row097_Gd2SiO5.vasp,row097_Gd2SiO5_relaxed.vasp,384,384,0.0227369576345504,Gd2SiO5,1.65,3.757819713633859,0.01377997432396994,0.006050571705730788,0.02230032716386624,-1.2427674335066747,-1.6472250119480751,3.273809523809524,0.22186341508953955
row098_Gd2SiO5,row098_Gd2SiO5.vasp,row098_Gd2SiO5_relaxed.vasp,384,384,0.0252351226620497,Gd2SiO5,1.65,3.758292403769462,0.015294013734575576,0.0067145181776541865,0.027859692245990827,-1.2133163247834873,-1.6002615595236125,4.315476190476191,0.3524054303715059
row099_Gd2SiO5,row099_Gd2SiO5.vasp,row099_Gd2SiO5_relaxed.vasp,384,384,0.0276480231786205,Gd2SiO5,1.65,3.757540663117486,0.016756377684012426,0.007358010373647429,0.03322931143879969,-1.1848704076124759,-1.5549010099331926,5.208333333333334,0.47849193492215
row100_Gd2SiO5,row100_Gd2SiO5.vasp,row100_Gd2SiO5_relaxed.vasp,384,384,0.0222296205399948,Gd2SiO5,1.65,3.7582071794091045,0.013472497296966547,0.00591495345487843,0.0211713096260768,-1.24874847950107,-1.6567625329849371,2.976190476190476,0.19535243362052046
row101_Gd2SiO5,row101_Gd2SiO5.vasp,row101_Gd2SiO5_relaxed.vasp,384,384,0.0247445737118425,Gd2SiO5,1.65,3.7583975879774236,0.014996711340510607,0.006583809491310034,0.026768034699417662,-1.2190994537231552,-1.609483477223736,4.017857142857143,0.3267717160853833
row102_Gd2SiO5,row102_Gd2SiO5.vasp,row102_Gd2SiO5_relaxed.vasp,384,384,0.0197241980928564,Gd2SiO5,1.65,3.7594642472728323,0.011954059450216001,0.005246544931811656,0.01559579403152256,-1.2782851466451335,-1.7038624189428908,1.9345238095238095,0.06443118070813082
row103_Gd2SiO5,row103_Gd2SiO5.vasp,row103_Gd2SiO5_relaxed.vasp,384,384,0.0292680080680915,Gd2SiO5,1.65,3.7575255983074847,0.017738186707934242,0.007789170639655733,0.03683439249988145,-1.1657722493304787,-1.5244466234344842,5.5059523809523805,0.5631445058572129
row104_Gd2SiO5,row104_Gd2SiO5.vasp,row104_Gd2SiO5_relaxed.vasp,384,384,0.0244781790691747,Gd2SiO5,1.65,3.7574504321642954,0.01483526004192406,0.006514571385862632,0.026175205539530285,-1.2222400058876923,-1.6144914778919646,3.7202380952380953,0.3128512211895817
row105_Gd2SiO5,row105_Gd2SiO5.vasp,row105_Gd2SiO5_relaxed.vasp,384,384,0.0266313698348739,Gd2SiO5,1.65,3.758382306427847,0.01614022414234782,0.007085859729950058,0.03096687199319279,-1.1968558320463634,-1.5740132584898898,4.761904761904762,0.4253665509403393
row106_Gd2SiO5,row106_Gd2SiO5.vasp,row106_Gd2SiO5_relaxed.vasp,384,384,0.0317785559451287,Gd2SiO5,1.65,3.757078085591173,0.019259730875835577,0.008458316601670622,0.042421314120737644,-1.1361751579984447,-1.4772503836005626,6.101190476190476,0.6943335889332668
row107_Gd2SiO5,row107_Gd2SiO5.vasp,row107_Gd2SiO5_relaxed.vasp,384,384,0.0313444800491934,Gd2SiO5,1.65,3.7573285493147353,0.01899665457526873,0.008342224971225908,0.04145533054787886,-1.1412925206484623,-1.4854106542243855,5.952380952380952,0.6716508831804601
row108_Gd2SiO5,row108_Gd2SiO5.vasp,row108_Gd2SiO5_relaxed.vasp,384,384,0.0225383224510138,Gd2SiO5,1.65,3.758884019056493,0.013659589364250787,0.005996014332113147,0.021858288510983405,-1.2451091628649,-1.6509591903907155,3.125,0.2114837016281243
row109_Gd2SiO5,row109_Gd2SiO5.vasp,row109_Gd2SiO5_relaxed.vasp,384,384,0.0276829288895956,Gd2SiO5,1.65,3.758366419929546,0.016777532660360972,0.007365681202024614,0.03330698989023328,-1.1844589008154183,-1.5542448112118608,5.357142857142857,0.4803159384629011
row110_Gd2SiO5,row110_Gd2SiO5.vasp,row110_Gd2SiO5_relaxed.vasp,384,384,0.0244899533730947,Gd2SiO5,1.65,3.758419770173993,0.014842395983693758,0.00651602398631512,0.026201407833357403,-1.2221011974818943,-1.6142701306407254,3.869047619047619,0.31346648933453597
row111_Gd2SiO5,row111_Gd2SiO5.vasp,row111_Gd2SiO5_relaxed.vasp,384,384,0.0184911872344146,Gd2SiO5,1.65,3.7613853221838016,0.011206780142069456,0.004916057689000314,0.012851877021698942,-1.2928212307104807,-1.7270420112243674,1.3392857142857142,0.0
row112_Gd2SiO5,row112_Gd2SiO5.vasp,row112_Gd2SiO5_relaxed.vasp,384,384,0.0212132352691542,Gd2SiO5,1.65,3.761361618264509,0.012856506223729818,0.005639775544618329,0.018909466744402494,-1.2607307435975843,-1.6758697419909927,2.6785714285714284,0.14224105783152585
row113_Gd2SiO5,row113_Gd2SiO5.vasp,row113_Gd2SiO5_relaxed.vasp,384,384,0.0251680939638697,Gd2SiO5,1.65,3.7579111446417883,0.015253390281133152,0.006697362709002736,0.027710527959380355,-1.2141065325783857,-1.6015216440430091,4.166666666666666,0.34890283496814983
row114_Gd2SiO5,row114_Gd2SiO5.vasp,row114_Gd2SiO5_relaxed.vasp,384,384,0.0312253089835586,Gd2SiO5,1.65,3.7577323895297,0.018924429687005213,0.008309614881188122,0.04119012970894433,-1.1426974398479686,-1.4876509724618536,5.803571428571429,0.665423579979903
row115_Gd2SiO5,row115_Gd2SiO5.vasp,row115_Gd2SiO5_relaxed.vasp,384,384,0.0242239894393825,Gd2SiO5,1.65,3.757888299038144,0.01468120572083788,0.006446170697937666,0.025609537164323105,-1.225236671976966,-1.6192700343340454,3.571428571428571,0.2995685012044786
row116_Gd2SiO5,row116_Gd2SiO5.vasp,row116_Gd2SiO5_relaxed.vasp,384,384,0.0376280530327811,Gd2SiO5,1.65,3.757090556604172,0.02280488062592794,0.01001521056409964,0.05543866465567678,-1.0672148720253163,-1.3672846386801847,7.886904761904762,1.0
row117_Gd2SiO5,row117_Gd2SiO5.vasp,row117_Gd2SiO5_relaxed.vasp,384,384,0.0217420808909042,Gd2SiO5,1.65,3.7583584198522604,0.013177018721760123,0.00578499399526639,0.020086348916327885,-1.2544961314993068,-1.6659278782936198,2.8273809523809526,0.1698759708482197
row118_Gd2SiO5,row118_Gd2SiO5.vasp,row118_Gd2SiO5_relaxed.vasp,384,384,0.035225016660776,Gd2SiO5,1.65,3.7576198193397716,0.02134849494592485,0.009374289671211383,0.05009099692734684,-1.0955444998435957,-1.4124597504476744,6.9940476190476195,0.8744289479100481
row119_Half-Heusler,row119_Half-Heusler.vasp,row119_Half-Heusler_relaxed.vasp,432,432,0.057358827402512,Half-Heusler,2.6500000000000004,3.859402099784336,0.021644840529249806,0.014862101931725958,0.09934712421175453,-0.8346068678466216,-0.9963622723790949,14.285714285714285,0.0
row120_Half-Heusler,row120_Half-Heusler.vasp,row120_Half-Heusler_relaxed.vasp,432,432,0.2242593115380773,Half-Heusler,2.6500000000000004,3.8898434364929586,0.08462615529738765,0.0576525290026241,0.47076402961201697,1.1329990549492632,2.1412298642647394,91.96428571428571,1.0
row121_Half-Heusler,row121_Half-Heusler.vasp,row121_Half-Heusler_relaxed.vasp,432,432,0.0872441367108271,Half-Heusler,2.6500000000000004,3.864856887835129,0.03292231573993475,0.022573704342179732,0.1658532770112163,-0.48228607079090235,-0.43454298244357215,30.208333333333332,0.17906065080099287
row122_Half-Heusler,row122_Half-Heusler.vasp,row122_Half-Heusler_relaxed.vasp,432,432,0.0906429555198833,Half-Heusler,2.6500000000000004,3.864480534070409,0.03420488887542766,0.02345540486509068,0.173416938498564,-0.4422170676729902,-0.3706479780377735,32.589285714285715,0.19942499441964587
row123_Half-Heusler,row123_Half-Heusler.vasp,row123_Half-Heusler_relaxed.vasp,432,432,0.153704038406583,Half-Heusler,4.25,3.874064208314978,0.03616565609566659,0.03967513963157479,0.31375177562188183,0.30121612743391446,0.8148486298261188,75.74404761904762,0.5772614231952401
row124_Half-Heusler,row124_Half-Heusler.vasp,row124_Half-Heusler_relaxed.vasp,432,432,0.1487940363667854,Half-Heusler,4.25,3.8765049385906982,0.035010361498067154,0.03838355392909145,0.30282515804748744,0.24333163929427243,0.7225446208188057,73.80952380952381,0.5478426826491705
row125_KCoO2,row125_KCoO2.vasp,row125_KCoO2_relaxed.vasp,400,400,0.1941997237671449,KCoO2,1.95,3.7377874236001536,0.09958960193186918,0.05195579677457849,0.4038700411055559,0.7786236722700355,1.5761342822517757,87.64880952380952,0.1896493590725166
row126_KCoO2,row126_KCoO2.vasp,row126_KCoO2_relaxed.vasp,400,400,0.1954449576189492,KCoO2,1.95,3.7382276679434843,0.10022818339433293,0.052282786116788216,0.4066411589134656,0.7933038543843424,1.599543656777798,88.09523809523809,0.43110730378892864
row127_KCoO2,row127_KCoO2.vasp,row127_KCoO2_relaxed.vasp,400,400,0.1983788202599083,KCoO2,1.95,3.7419712511217615,0.10173272833841451,0.05301452281346059,0.4131701165052804,0.8278914443420313,1.6546978667846988,88.69047619047619,1.0
row128_KCoO2,row128_KCoO2.vasp,row128_KCoO2_relaxed.vasp,400,400,0.1932216743508482,KCoO2,1.95,3.7289103807967425,0.0990880381286401,0.05181719446675552,0.4016935100462788,0.7670933532643138,1.5577477558512347,87.5,0.0
row129_KCoO2,row129_KCoO2.vasp,row129_KCoO2_relaxed.vasp,400,400,0.1952774594158886,KCoO2,1.95,3.7388528723498045,0.10014228687994287,0.05222924412459164,0.40626841185666046,0.7913292018954254,1.596394828015875,87.94642857142857,0.39862844706968203
row130_LaB4,row130_LaB4.vasp,row130_LaB4_relaxed.vasp,400,400,0.0652472012451453,LaB4,1.75,3.6736794932906855,0.037284114997225885,0.017760722285193244,0.11690174915155661,-0.7416100669422799,-0.8480673176475705,18.601190476190478,0.0
row131_LaB4,row131_LaB4.vasp,row131_LaB4_relaxed.vasp,400,400,0.1091410699805462,LaB4,1.75,3.6683164542246898,0.06236632570316925,0.029752359520360275,0.21458226204033792,-0.22414101018358845,-0.022898606457935886,48.95833333333333,0.9999573183696958
row132_LaB4,row132_LaB4.vasp,row132_LaB4_relaxed.vasp,400,400,0.10914294352239,LaB4,1.75,3.6636146645882564,0.06236739629850857,0.029791054331489382,0.21458643138183126,-0.22411892281788925,-0.022863385408774504,49.107142857142854,1.0
row133_LaB6,row133_LaB6.vasp,row133_LaB6_relaxed.vasp,448,448,0.0411145553903461,LaB6,1.75,3.69994189312806,0.02349403165162634,0.01111221650986157,0.06319745530882845,-1.0261121590876199,-1.3017412555189904,8.482142857142858,1.0
row134_LaB6,row134_LaB6.vasp,row134_LaB6_relaxed.vasp,448,448,0.0275722055898724,LaB6,1.75,3.7033654772286946,0.015755546051355658,0.0074451754112330425,0.033060588535845994,-1.185764228486906,-1.5563263183827603,5.059523809523809,0.42402749179460225
row135_LaB6,row135_LaB6.vasp,row135_LaB6_relaxed.vasp,448,448,0.0343663051023958,LaB6,1.75,3.7010816539641573,0.019637888629940457,0.00928547606227134,0.04818003788311811,-1.1056679333194972,-1.428602823052727,6.845238095238096,0.7129887573711488
row136_LaB6,row136_LaB6.vasp,row136_LaB6_relaxed.vasp,448,448,0.0236783784603531,LaB6,1.75,3.704306392624769,0.013530501977344627,0.006392122019792012,0.024395345711056227,-1.2316689324910142,-1.629527072989959,3.422619047619048,0.2584183167732181
row137_LaB6,row137_LaB6.vasp,row137_LaB6_relaxed.vasp,448,448,0.0209006785474195,LaB6,1.75,3.7053474712115246,0.011943244884239715,0.005640679776945636,0.018213909442996112,-1.2644155049694885,-1.68174555186326,2.5297619047619047,0.14027938154660644
row138_LaB6,row138_LaB6.vasp,row138_LaB6_relaxed.vasp,448,448,0.0320702946839411,LaB6,1.75,3.7026795987043464,0.01832588267653777,0.008661374507036267,0.04307054351103147,-1.1327358218373225,-1.4717659347231784,6.398809523809524,0.6153366586536262
row139_LaB6,row139_LaB6.vasp,row139_LaB6_relaxed.vasp,448,448,0.0267438057518481,LaB6,1.75,3.7031660974369056,0.015282174715341771,0.007221875834939851,0.03121708457079369,-1.1955303141647393,-1.5718995555201123,4.910714285714286,0.38879464524037194
row140_LaB6,row140_LaB6.vasp,row140_LaB6_relaxed.vasp,448,448,0.0190840943264247,LaB6,1.75,3.7067168938360058,0.01090519675795697,0.005148516833902294,0.014171320272237319,-1.2858313917537574,-1.7158958444574681,1.636904761904762,0.06301785857988129
row141_LaB6,row141_LaB6.vasp,row141_LaB6_relaxed.vasp,448,448,0.0263669212071509,LaB6,1.75,3.703595705558575,0.015066812118371941,0.007119276320462805,0.030378373454947424,-1.1999734424528161,-1.5789846756741324,4.613095238095238,0.3727652899429993
row142_LaB6,row142_LaB6.vasp,row142_LaB6_relaxed.vasp,448,448,0.0292960398361744,LaB6,1.75,3.7027399340061966,0.016740594192099657,0.007911989596438499,0.03689677382015247,-1.1654417801099008,-1.5239196491984977,5.654761904761905,0.4973442462132626
row143_LaB6,row143_LaB6.vasp,row143_LaB6_relaxed.vasp,448,448,0.0176024092244316,LaB6,1.75,3.706729777420881,0.010058519556818057,0.00474877055555942,0.010874008714333463,-1.3032991204874382,-1.7437503084458397,0.8928571428571428,0.0
row144_LaTaO4,row144_LaTaO4.vasp,row144_LaTaO4_relaxed.vasp,384,384,0.0617123054160511,LaTaO4,1.95,3.806855252580229,0.03164733611079543,0.016210835800553075,0.10903526466198472,-0.7832832951885369,-0.9145204583599265,17.113095238095237,0.1474888116176192
row145_LaTaO4,row145_LaTaO4.vasp,row145_LaTaO4_relaxed.vasp,384,384,0.0499492176305323,LaTaO4,1.95,3.810372848337845,0.025614983400272972,0.013108748046092411,0.08285793098990095,-0.9219594728942592,-1.135656855474967,12.053571428571429,0.04869530598087142
row146_LaTaO4,row146_LaTaO4.vasp,row146_LaTaO4_relaxed.vasp,384,384,0.0653315632835977,LaTaO4,1.95,3.8068848978189256,0.033503365786460355,0.017161423325677126,0.11708948669718168,-0.7406155147252639,-0.8464813805554738,18.75,0.17788552199314572
row147_LaTaO4,row147_LaTaO4.vasp,row147_LaTaO4_relaxed.vasp,384,384,0.0706089555124549,LaTaO4,1.95,3.818763944070721,0.0362097207756179,0.018490002667509022,0.12883368684362004,-0.6783998281728982,-0.7472707374886861,22.023809523809522,0.22220824476928444
row148_LaTaO4,row148_LaTaO4.vasp,row148_LaTaO4_relaxed.vasp,384,384,0.0441511932026733,LaTaO4,1.95,3.8125805135000768,0.022641637539832463,0.011580396281819377,0.06995512665362746,-0.9903129427110646,-1.2446549566317193,10.119047619047619,0.0
row149_LaTaO4,row149_LaTaO4.vasp,row149_LaTaO4_relaxed.vasp,384,384,0.0521927479966227,LaTaO4,1.95,3.813372766642218,0.026765511793139848,0.01368676790613887,0.0878506373326098,-0.8955102767810453,-1.0934803257217687,12.648809523809524,0.06753782708671824
row150_LaTaO4,row150_LaTaO4.vasp,row150_LaTaO4_relaxed.vasp,384,384,0.1632186127633305,LaTaO4,1.55,3.7463047912603002,0.10530233081505193,0.04356789472765292,0.334925313746034,0.4133843632193307,0.9937148196988572,78.72023809523809,1.0
row151_LaTaO4,row151_LaTaO4.vasp,row151_LaTaO4_relaxed.vasp,384,384,0.0608411734118367,LaTaO4,1.95,3.8076516728483276,0.03120060174965985,0.015978660507652016,0.10709666541299973,-0.7935531544996524,-0.9308970251539556,16.666666666666664,0.14017251965942648
row152_LaTaO4,row152_LaTaO4.vasp,row152_LaTaO4_relaxed.vasp,384,384,0.0865832805105414,LaTaO4,1.95,3.8294742206625396,0.044401682313098156,0.022609704497648132,0.16438262121236719,-0.4900769683460129,-0.44696653668434083,29.761904761904763,0.3563702603486059
row153_LaTaO4,row153_LaTaO4.vasp,row153_LaTaO4_relaxed.vasp,384,384,0.0783260175112131,LaTaO4,1.95,3.8240909503871094,0.04016718846728877,0.020482258013053853,0.1460070779287688,-0.5874226391372671,-0.6021963048367736,25.0,0.28702078565774175
row154_MAX,row154_MAX.vasp,row154_MAX_relaxed.vasp,432,432,0.0805665706961165,MAX,3.05,3.767520268883283,0.026415269080693936,0.021384508893431103,0.15099315891368426,-0.5610085413005329,-0.5600757436466985,26.339285714285715,1.0
row155_MAX,row155_MAX.vasp,row155_MAX_relaxed.vasp,432,432,0.076458811095645,MAX,3.05,3.767397270775517,0.025068462654309835,0.02029486289878476,0.14185183516715694,-0.609435315861261,-0.6372982531463949,24.107142857142858,0.8941969820870153
row156_MAX,row156_MAX.vasp,row156_MAX_relaxed.vasp,432,432,0.0599427426853936,MAX,3.05,3.7710649283576143,0.0196533582575061,0.01589544169198382,0.10509731614891393,-0.8041448410829902,-0.9477867855234784,16.071428571428573,0.4687948038141364
row157_MAX,row157_MAX.vasp,row157_MAX_relaxed.vasp,432,432,0.0596232953194119,MAX,3.05,3.796516106936346,0.019548621416200625,0.01570473919772878,0.10438642454949343,-0.8079108369252586,-0.9537921338528558,15.922619047619047,0.4605668404782736
row158_MAX,row158_MAX.vasp,row158_MAX_relaxed.vasp,432,432,0.0575780374954507,MAX,3.05,3.7971103531594625,0.01887804508047564,0.015163646073004364,0.09983494984493642,-0.8320225788948143,-0.9922413025242753,14.434523809523808,0.40788740661841477
row159_MAX,row159_MAX.vasp,row159_MAX_relaxed.vasp,432,432,0.043088806002346,MAX,3.05,3.7855316315372454,0.014127477377818361,0.011382497941206823,0.06759091202401674,-1.002837527996082,-1.2646269641611312,9.523809523809524,0.034690197357586945
row160_MAX,row160_MAX.vasp,row160_MAX_relaxed.vasp,432,432,0.0431504663035423,MAX,3.05,3.7922749300820437,0.01414769387001387,0.011378517406861311,0.0677281295903707,-1.0021106087515774,-1.2634678010995102,9.672619047619047,0.03627837353791735
row161_MAX,row161_MAX.vasp,row161_MAX_relaxed.vasp,432,432,0.0418284453602905,MAX,3.05,3.7865103446270596,0.013714244380423115,0.01104670040572945,0.06478613136813613,-1.0176960413012495,-1.2883207099302367,8.928571428571429,0.0022272558619569134
row162_MAX,row162_MAX.vasp,row162_MAX_relaxed.vasp,432,432,0.0497857760534524,MAX,3.05,3.7727769247074234,0.016323205263427017,0.01319605612709616,0.08249421146513644,-0.9238863014277959,-1.1387294229974796,11.458333333333332,0.20718316461852432
row163_MAX,row163_MAX.vasp,row163_MAX_relaxed.vasp,432,432,0.0516101641903914,MAX,3.05,3.793589667694669,0.01692136530832505,0.013604572110128726,0.08655416730996457,-0.9023784135249424,-1.1044324231877212,12.351190476190476,0.25417368731382456
row164_MAX,row164_MAX.vasp,row164_MAX_relaxed.vasp,432,432,0.0417419730475897,MAX,3.05,3.7843604825190478,0.013685892802488426,0.011030126025363282,0.0645936976615925,-1.0187154717451405,-1.2899463184464293,8.779761904761903,0.0
row165_MAX,row165_MAX.vasp,row165_MAX_relaxed.vasp,432,432,0.0564770485138191,MAX,3.05,3.7826368474797407,0.01851706508649807,0.014930602854843994,0.09738483160498426,-0.8450022443068796,-1.0129389918640674,13.839285714285715,0.3795293797922597
row166_MAX,row166_MAX.vasp,row166_MAX_relaxed.vasp,432,432,0.0578885938973488,MAX,3.05,3.773961364584442,0.018979866851589772,0.015338947144659765,0.10052605567571125,-0.8283613994866076,-0.9864030970233949,14.583333333333334,0.41588636657440764
row167_MAX,row167_MAX.vasp,row167_MAX_relaxed.vasp,432,432,0.0674659769783129,MAX,3.05,3.769418980513312,0.02211999245190587,0.01789824302554064,0.12183936704319161,-0.715452705586813,-0.8063561546786948,19.642857142857142,0.6625697493016852
row168_MAX,row168_MAX.vasp,row168_MAX_relaxed.vasp,432,432,0.05844010245375,MAX,3.05,3.77968305077037,0.01916068932909836,0.015461641007660367,0.10175337147638873,-0.821859611863474,-0.9760351887526755,14.880952380952381,0.4300914991399507
row169_MAX,row169_MAX.vasp,row169_MAX_relaxed.vasp,432,432,0.0592202609002982,MAX,3.05,3.772393820174011,0.01941647898370433,0.015698324120774463,0.10348952004084375,-0.8126622486077713,-0.9613688501862897,15.773809523809524,0.4501859365275796
row170_MAX,row170_MAX.vasp,row170_MAX_relaxed.vasp,432,432,0.0548049374277425,MAX,3.05,3.7944170244241966,0.017968831943522133,0.014443572510604356,0.09366374997785372,-0.8647149233537818,-1.044373308082153,13.690476190476192,0.3364610368511694
row171_MAX,row171_MAX.vasp,row171_MAX_relaxed.vasp,432,432,0.0442757596838026,MAX,3.05,3.7844486489143594,0.014516642519279543,0.011699395021915264,0.07023233433925685,-0.9888444164373316,-1.2423132090106443,10.267857142857142,0.0652624055283429
row172_MAX,row172_MAX.vasp,row172_MAX_relaxed.vasp,432,432,0.0609456394829385,MAX,3.05,3.8006579123974746,0.019982176879651967,0.016035549867336962,0.10732914205948109,-0.7923215939005582,-0.9289331487462105,16.815476190476193,0.49462628329588065
row173_MAX,row173_MAX.vasp,row173_MAX_relaxed.vasp,432,432,0.0450992842318863,MAX,3.05,3.7917227449436686,0.014786650567831574,0.011894140807638696,0.07206498893432653,-0.9791358060233488,-1.226831623323321,10.416666666666668,0.08647381782780673
row174_MAX,row174_MAX.vasp,row174_MAX_relaxed.vasp,432,432,0.0458269708800974,MAX,3.05,3.7840120420265406,0.015025236354130295,0.012110683150879882,0.07368436783774615,-0.9705570378647337,-1.2131517115052501,10.56547619047619,0.10521674608166111
row175_MAX,row175_MAX.vasp,row175_MAX_relaxed.vasp,432,432,0.0539562553507069,MAX,3.05,3.782886392823305,0.017690575524821936,0.014263250266534544,0.09177511033517183,-0.8747201183057005,-1.060327834668514,13.095238095238097,0.31460164542312197
row176_MAX,row176_MAX.vasp,row176_MAX_relaxed.vasp,432,432,0.0540987737916966,MAX,3.05,3.774757883125011,0.017737302882523478,0.014331720196822217,0.09209226794312621,-0.8730399546437954,-1.0576486049341487,13.244047619047619,0.3182724739602235
row177_MAX,row177_MAX.vasp,row177_MAX_relaxed.vasp,432,432,0.0517933876630658,MAX,3.05,3.785368769708134,0.016981438578054363,0.01368252099439687,0.08696190905840755,-0.9002183743141721,-1.1009879722618339,12.5,0.2588929499403969
row178_MAX,row178_MAX.vasp,row178_MAX_relaxed.vasp,432,432,0.0498324931949765,MAX,3.05,3.7803395404366573,0.01633852235900869,0.013182015176663332,0.08259817483123388,-0.923335548535526,-1.1378511790747512,11.755952380952381,0.2083864518218335
row179_MAX,row179_MAX.vasp,row179_MAX_relaxed.vasp,432,432,0.0568583197275815,MAX,3.05,3.774442913203039,0.01864207204183,0.015064029589291317,0.0982333047239646,-0.840507401153632,-1.0057714059314953,14.136904761904761,0.389349731756084
row180_MAX,row180_MAX.vasp,row180_MAX_relaxed.vasp,432,432,0.0600789352103213,MAX,3.05,3.798428917452772,0.019698011544367643,0.015816785443653968,0.10540039619334453,-0.802539254256348,-0.9452264778197829,16.220238095238095,0.4723026965722438
row181_MAX,row181_MAX.vasp,row181_MAX_relaxed.vasp,432,432,0.0530064139111789,MAX,3.05,3.796423709106419,0.01737915210202587,0.013962196523015408,0.08966135272735165,-0.8859178907496333,-1.0781840742543791,12.946428571428573,0.2901367057442417
row182_MAX,row182_MAX.vasp,row182_MAX_relaxed.vasp,432,432,0.0488141412155095,MAX,3.05,3.792805563594205,0.016004636464101475,0.012870193422003785,0.08033195527662405,-0.9353409983499354,-1.1569953605890244,11.30952380952381,0.18215689527404935
row183_MAX,row183_MAX.vasp,row183_MAX_relaxed.vasp,432,432,0.0526774875442673,MAX,3.05,3.786840593532877,0.01727130739156305,0.013910669393961106,0.08892936675417962,-0.8897956354491233,-1.0843676200223973,12.797619047619047,0.2816645930416371
row184_MAX,row184_MAX.vasp,row184_MAX_relaxed.vasp,432,432,0.0479376279426304,MAX,3.05,3.785863045941767,0.01571725506315751,0.012662272079286347,0.07838138066300832,-0.9456742979569354,-1.173473090817869,11.160714285714286,0.15958065943474875
row185_MAX,row185_MAX.vasp,row185_MAX_relaxed.vasp,432,432,0.0497901371014066,MAX,3.05,3.7809318792932434,0.01632463511521528,0.01316874746516557,0.08250391645157694,-0.9238348886123766,-1.1386474388747883,11.607142857142858,0.2072954915508902
row186_MAX,row186_MAX.vasp,row186_MAX_relaxed.vasp,432,432,0.0619205105942831,MAX,3.05,3.801822835109194,0.02030180675222397,0.016287058413784465,0.10949860018427374,-0.7808287442388027,-0.910606371870527,17.261904761904763,0.5197359089041088
row187_MAX,row187_MAX.vasp,row187_MAX_relaxed.vasp,432,432,0.0668757300304542,MAX,3.05,3.803486269972503,0.021926468862444003,0.017582745219410948,0.12052584362274688,-0.7224111838472813,-0.8174523129185668,19.49404761904762,0.6473668371375435
row188_MAX,row188_MAX.vasp,row188_MAX_relaxed.vasp,432,432,0.0676406115496897,MAX,3.05,3.800839016116913,0.022177249688422853,0.017796231638032914,0.12222799522730153,-0.7133939217627541,-0.803073168048812,20.089285714285715,0.6670677887394082
row189_MAX,row189_MAX.vasp,row189_MAX_relaxed.vasp,432,432,0.0582892620257769,MAX,3.05,3.7930036021341893,0.019111233451074395,0.01536757360129571,0.10141769428972754,-0.8236378842334683,-0.9788708650129788,14.732142857142858,0.4262063222905052
row190_MAX,row190_MAX.vasp,row190_MAX_relaxed.vasp,432,432,0.0645943286048469,MAX,3.05,3.800498168989013,0.021178468395031774,0.016996279364615487,0.11544885980293634,-0.7493068455378357,-0.8603407875122012,18.452380952380953,0.5886050839247869
row191_MnPS3,row191_MnPS3.vasp,row191_MnPS3_relaxed.vasp,360,360,0.1946220275743009,MnPS3,2.05,3.7595801561816007,0.09493757442648824,0.051766957875415485,0.40480982731411613,0.7836022526287626,1.5840732472671866,87.79761904761905,1.0
row192_MnPS3,row192_MnPS3.vasp,row192_MnPS3_relaxed.vasp,360,360,0.1889450461583977,MnPS3,2.05,3.7657769206237393,0.09216831519921839,0.05017425358459684,0.39217638960762685,0.7166757705673901,1.4773506554025448,87.05357142857143,0.8676165109556927
row193_MnPS3,row193_MnPS3.vasp,row193_MnPS3_relaxed.vasp,360,360,0.1517391767226877,MnPS3,2.05,3.7522186317956874,0.07401911059643303,0.04043985481999229,0.3093792128342318,0.27805218332236303,0.7779108426117018,74.55357142857143,0.0
row194_MnPS3,row194_MnPS3.vasp,row194_MnPS3_relaxed.vasp,360,360,0.1924732993311859,MnPS3,2.05,3.7642932648485745,0.09388941430789557,0.05113132420593391,0.40002809166644915,0.7582706878970644,1.5436789196275733,87.35119047619048,0.9498930644664881
row195_NaCoO2,row195_NaCoO2.vasp,row195_NaCoO2_relaxed.vasp,400,400,0.105795789002715,NaCoO2,2.85,3.687939285399742,0.03712132947463684,0.02868696603047455,0.2071377425416934,-0.26357885063976516,-0.08578714357195562,44.79166666666667,0.18272735293821354
row196_NaCoO2,row196_NaCoO2.vasp,row196_NaCoO2_relaxed.vasp,400,400,0.1064924949223271,NaCoO2,1.95,3.6895542446773364,0.054611535857603644,0.028863241427052176,0.20868817756874933,-0.25536531728199335,-0.07268964402754105,45.38690476190476,0.19493407357115114
row197_NaCoO2,row197_NaCoO2.vasp,row197_NaCoO2_relaxed.vasp,400,400,0.099303478504866,NaCoO2,1.95,3.689667436519907,0.05092486077172615,0.026913937424812736,0.19268988826195335,-0.3401173259734953,-0.20783725308605072,39.732142857142854,0.06897803880341484
row199_NaCoO2,row199_NaCoO2.vasp,row199_NaCoO2_relaxed.vasp,400,400,0.0986851389282346,NaCoO2,1.95,3.6866997699879356,0.050607763552940825,0.026767880512428475,0.19131384808311003,-0.34740699094709,-0.2194615296929327,38.98809523809524,0.05814434519502599
row200_NaCoO2,row200_NaCoO2.vasp,row200_NaCoO2_relaxed.vasp,400,400,0.0985960164928745,NaCoO2,1.95,3.6886026000612087,0.05056205973993564,0.02672991026228697,0.19111551684809516,-0.3484576639428981,-0.2211369583403253,38.839285714285715,0.05658286474833544
row201_NaCoO2,row201_NaCoO2.vasp,row201_NaCoO2_relaxed.vasp,400,400,0.1024696299135214,NaCoO2,1.95,3.686821684731845,0.052548528160780206,0.027793486823047792,0.19973577650081728,-0.30279126130445105,-0.14831620487176264,41.81547619047619,0.12445097887625974
row202_NaCoO2,row202_NaCoO2.vasp,row202_NaCoO2_relaxed.vasp,400,400,0.1035891897384861,NaCoO2,1.95,3.6859283415455684,0.05312266140435185,0.028103961916701156,0.2022272219136484,-0.2895926624271968,-0.12726939891727318,43.00595238095239,0.14406636268527542
row203_NaCoO2,row203_NaCoO2.vasp,row203_NaCoO2_relaxed.vasp,400,400,0.1252347597750318,NaCoO2,1.95,3.698772812376243,0.06422295373078553,0.033858462286732297,0.2503968283724788,-0.034410947246510726,0.2796495545632634,60.863095238095234,0.5233101999185031
row204_NaCoO2,row204_NaCoO2.vasp,row204_NaCoO2_relaxed.vasp,400,400,0.1368777660284727,NaCoO2,1.95,3.706804370064956,0.07019372616844755,0.036926083052522714,0.2763069350723276,0.10284957768289639,0.49852851741887033,68.00595238095238,0.7273029042469338
row205_NaCoO2,row205_NaCoO2.vasp,row205_NaCoO2_relaxed.vasp,400,400,0.1076390980162062,NaCoO2,1.95,3.685689371828027,0.05519953744420831,0.02920460384940671,0.21123980451612853,-0.24184790269630455,-0.05113444681023132,47.172619047619044,0.21502327225577947
row206_NaCoO2,row206_NaCoO2.vasp,row206_NaCoO2_relaxed.vasp,400,400,0.1154207895655059,NaCoO2,1.95,3.6880211115579753,0.05919014849513123,0.03129613038379471,0.22855702087406704,-0.15010878964893837,0.09515496835430909,53.422619047619044,0.35136334361168076
row207_NaCoO2,row207_NaCoO2.vasp,row207_NaCoO2_relaxed.vasp,400,400,0.1222043862600165,NaCoO2,1.95,3.7035953115998534,0.06266891603077769,0.03299614995117474,0.2436530974661042,-0.0701363132171974,0.2226810193247273,58.779761904761905,0.47021617291233136
row208_NaCoO2,row208_NaCoO2.vasp,row208_NaCoO2_relaxed.vasp,400,400,0.1020582976095494,NaCoO2,1.95,3.6837845822621142,0.052337588517717644,0.027704740961502727,0.19882040604983434,-0.3076404975527725,-0.15604891463096174,41.517857142857146,0.11724418131569891
row209_NaCoO2,row209_NaCoO2.vasp,row209_NaCoO2_relaxed.vasp,400,400,0.1300132642693081,NaCoO2,1.95,3.7043542384856902,0.06667346885605543,0.035097416688328505,0.26103081401307016,0.02192330363204179,0.3694815176268364,64.13690476190477,0.6070325679404993
row211_NaCoO2,row211_NaCoO2.vasp,row211_NaCoO2_relaxed.vasp,400,400,0.113226212902157,NaCoO2,1.95,3.6902450644337215,0.05806472456520872,0.0306825728170256,0.22367325509479813,-0.17598086583373593,0.05389872803931588,51.93452380952381,0.31291299679680185
row212_NaCoO2,row212_NaCoO2.vasp,row212_NaCoO2_relaxed.vasp,400,400,0.116098115834896,NaCoO2,1.95,3.69139677729676,0.05953749529994667,0.031450998860088834,0.230064328826025,-0.1421237248588644,0.1078881463782536,54.01785714285714,0.3632305207305404
row213_NaCoO2,row213_NaCoO2.vasp,row213_NaCoO2_relaxed.vasp,400,400,0.1524421167320955,NaCoO2,1.95,3.720369410275619,0.0781754444779977,0.04097499466344715,0.3109435210765268,0.28633921096667825,0.7911255379283365,75.14880952380952,1.0
row215_NaCoO2,row215_NaCoO2.vasp,row215_NaCoO2_relaxed.vasp,400,400,0.0953665154660054,NaCoO2,1.95,3.683368616055182,0.048905905367182256,0.02589111365349611,0.18392865167152445,-0.3865305633778792,-0.2818489273898413,36.45833333333333,0.0
row216_NaCoO2,row216_NaCoO2.vasp,row216_NaCoO2_relaxed.vasp,400,400,0.1209958835675327,NaCoO2,1.95,3.696077753717006,0.06204917106027318,0.03273629280278308,0.2409637204248391,-0.0843834681476438,0.19996216045089563,58.03571428571429,0.44904245479677984
row218_NaCoO2,row218_NaCoO2.vasp,row218_NaCoO2_relaxed.vasp,400,400,0.0987510964386239,NaCoO2,1.95,3.6819316520963348,0.050641587917243026,0.026820458870386484,0.19146062857043802,-0.34662941148848625,-0.21822158262494246,39.43452380952381,0.05929996176193334
row219_NaCoO2,row219_NaCoO2.vasp,row219_NaCoO2_relaxed.vasp,400,400,0.1092957236366856,NaCoO2,1.95,3.6867723285896905,0.05604908904445416,0.029645368331842382,0.21492642510654855,-0.22231778329854973,-0.01999124463739078,49.404761904761905,0.24404838252585975
row220_NaCoO2,row220_NaCoO2.vasp,row220_NaCoO2_relaxed.vasp,400,400,0.1234075895188699,NaCoO2,1.95,3.695683492527979,0.06328594334301021,0.03339235888797791,0.2463306812567411,-0.055951633821514496,0.24530025319523108,59.82142857142857,0.4912970416576992
row221_NaCoO2,row221_NaCoO2.vasp,row221_NaCoO2_relaxed.vasp,400,400,0.1246046069010212,NaCoO2,1.95,3.6998930210491214,0.0638997984107801,0.03367789452076887,0.24899449912456606,-0.04183988032355914,0.26780319766010907,60.56547619047619,0.5122695299994465
row222_NaCoO2,row222_NaCoO2.vasp,row222_NaCoO2_relaxed.vasp,400,400,0.1055185758109807,NaCoO2,1.95,3.6866668793728596,0.05411209015947729,0.02862167352341053,0.2065208380051766,-0.26684694372384815,-0.0909985240845069,44.49404761904761,0.1778704055634166
row223_NaCoO2,row223_NaCoO2.vasp,row223_NaCoO2_relaxed.vasp,400,400,0.1174494871661475,NaCoO2,1.95,3.6934444470128733,0.060230506239050005,0.0317994459781672,0.2330716427981785,-0.1261922777510941,0.13329281841729113,55.208333333333336,0.3869073861734697
row224_NaCoO2,row224_NaCoO2.vasp,row224_NaCoO2_relaxed.vasp,400,400,0.1287424918180904,NaCoO2,1.95,3.6992616688341893,0.06602179067594378,0.03480221280444408,0.2582028631311793,0.006942044503333313,0.3455920383898217,63.24404761904761,0.5847678449585497
row225_NaCoO2,row225_NaCoO2.vasp,row225_NaCoO2_relaxed.vasp,400,400,0.108692457029485,NaCoO2,1.95,3.6865091251391093,0.055739721553582054,0.029483843207734776,0.21358392800392922,-0.22942975158013207,-0.03133216178844574,48.214285714285715,0.2334787767079879
row226_NaCoO2,row226_NaCoO2.vasp,row226_NaCoO2_relaxed.vasp,400,400,0.1289920076305258,NaCoO2,1.95,3.7000219606570908,0.06614974750283374,0.03486249784517981,0.2587581304893489,0.009883610508500505,0.3502827309011132,63.541666666666664,0.5891395170373447
row227_NaCoO2,row227_NaCoO2.vasp,row227_NaCoO2_relaxed.vasp,400,400,0.1121530747178842,NaCoO2,1.95,3.688040548483916,0.057514397291222666,0.030409935369064264,0.2212851154465889,-0.18863219550656352,0.03372461083440923,51.041666666666664,0.2941109489783347
row228_NaCoO2,row228_NaCoO2.vasp,row228_NaCoO2_relaxed.vasp,400,400,0.1152556686342386,NaCoO2,1.95,3.68887724236016,0.05910547109448133,0.0312441052010984,0.22818956414902664,-0.15205541625114297,0.09205083035121744,53.273809523809526,0.34847032229250974
row229_NaCoO2,row229_NaCoO2.vasp,row229_NaCoO2_relaxed.vasp,400,400,0.116282962898442,NaCoO2,1.95,3.6898361005285403,0.05963228866586769,0.03151439785680057,0.23047568368020757,-0.1399445449785405,0.1113631194801444,54.31547619047619,0.36646915614472086
row230_NaCoO2,row230_NaCoO2.vasp,row230_NaCoO2_relaxed.vasp,400,400,0.1176683434600197,NaCoO2,1.95,3.692541284969736,0.060342740235907535,0.031866493663586515,0.233558681094193,-0.12361215977064348,0.13740713714000166,55.80357142857143,0.39074188443572844
row231_NaCoO2,row231_NaCoO2.vasp,row231_NaCoO2_relaxed.vasp,400,400,0.1009852462541422,NaCoO2,1.95,3.683330144721012,0.05178730577135497,0.027416832672160905,0.19643245962879713,-0.32029080359171985,-0.1762213995244506,40.773809523809526,0.09844365479291074
row232_NaCoO2,row232_NaCoO2.vasp,row232_NaCoO2_relaxed.vasp,400,400,0.13185506651217,NaCoO2,2.85,3.6995466238036423,0.04626493561830526,0.035640871685137694,0.26512952285113073,0.043636488111065026,0.404105888337245,64.88095238095238,0.6393020877003578
row233_NaCoO2,row233_NaCoO2.vasp,row233_NaCoO2_relaxed.vasp,400,400,0.0989906105530577,NaCoO2,1.95,3.6829816068210186,0.05076441566823472,0.026877845485224098,0.19199363835554106,-0.3438057564667885,-0.21371891382829405,39.58333333333333,0.06349639787685354
row234_NaCoO2,row234_NaCoO2.vasp,row234_NaCoO2_relaxed.vasp,400,400,0.1090908057644818,NaCoO2,1.95,3.6895690632817497,0.05594400295614451,0.029567357025551685,0.21447040508749743,-0.22473357988010695,-0.02384353247115295,48.80952380952381,0.24045809407233182
row235_NaCoO2,row235_NaCoO2.vasp,row235_NaCoO2_relaxed.vasp,400,400,0.117269853102933,NaCoO2,1.95,3.6904394507912133,0.06013838620663231,0.031776663637657264,0.23267188884773812,-0.128310001067161,0.12991584544363938,54.91071428571429,0.3837600857643678
row236_NaCoO2,row236_NaCoO2.vasp,row236_NaCoO2_relaxed.vasp,400,400,0.1146045820904751,NaCoO2,1.95,3.6914114054736142,0.058771580559218,0.031046277291265814,0.2267406495429074,-0.1597311383821897,0.0798109376357016,52.67857142857143,0.33706288147155206
row237_NaCoO2,row237_NaCoO2.vasp,row237_NaCoO2_relaxed.vasp,400,400,0.121893285931112,NaCoO2,1.95,3.6941222668368345,0.06250937740057026,0.03299654887586748,0.24296078119135414,-0.07380390503340245,0.21683258844249417,58.333333333333336,0.4647655018374155
row238_NaCoO2,row238_NaCoO2.vasp,row238_NaCoO2_relaxed.vasp,400,400,0.0953807683614972,NaCoO2,1.95,3.6831654354651926,0.04891321454435754,0.025896411668907396,0.18396036977206787,-0.3863625346167171,-0.28158098465108233,36.607142857142854,0.00024971958552569913
row239_NaCoO2,row239_NaCoO2.vasp,row239_NaCoO2_relaxed.vasp,400,400,0.1110447720432914,NaCoO2,1.95,3.686963544031858,0.05694603694527764,0.030118218072169765,0.21881872146471326,-0.2016980827511328,0.012889430068850856,50.44642857142857,0.2746927974388384
row240_NaCoO2,row240_NaCoO2.vasp,row240_NaCoO2_relaxed.vasp,400,400,0.1088883271541062,NaCoO2,1.95,3.691653071424665,0.05584016777133651,0.029495818010895736,0.21401981335155992,-0.22712061976844494,-0.027649964184299113,48.51190476190476,0.23691054300175027
row241_NaCoO2,row241_NaCoO2.vasp,row241_NaCoO2_relaxed.vasp,400,400,0.1074289545548205,NaCoO2,1.95,3.6890604155717797,0.05509177156657462,0.029120952885823025,0.21077215557836643,-0.24432530425329155,-0.05508497143228901,46.577380952380956,0.21134142823269156
row242_NaCoO2,row242_NaCoO2.vasp,row242_NaCoO2_relaxed.vasp,400,400,0.1083098656901502,NaCoO2,2.85,3.6893804346266315,0.03800346164566674,0.02935719631231558,0.21273251710464597,-0.23394015782121946,-0.038524564998431966,47.767857142857146,0.2267755387070226
row243_NaCoO2,row243_NaCoO2.vasp,row243_NaCoO2_relaxed.vasp,400,400,0.1065340793156023,NaCoO2,1.95,3.689341421909291,0.054632861187488356,0.028876177922418814,0.208780718622439,-0.2548750748544298,-0.07190789155975673,45.535714285714285,0.19566265798117483
row244_NaCoO2,row244_NaCoO2.vasp,row244_NaCoO2_relaxed.vasp,400,400,0.1063981179209691,NaCoO2,2.85,3.6865524896700848,0.037332672954726004,0.028861142820861024,0.20847815293061303,-0.2564779368637129,-0.07446385420359021,45.23809523809524,0.19328052986307878
row245_NaCoO2,row245_NaCoO2.vasp,row245_NaCoO2_relaxed.vasp,400,400,0.0981048633850171,NaCoO2,1.95,3.6885573494945647,0.05031018635129082,0.026597082297896278,0.1900225148215106,-0.35424791535543965,-0.23037023370847726,38.54166666666667,0.04797755710439823
row246_NaCoO2,row246_NaCoO2.vasp,row246_NaCoO2_relaxed.vasp,400,400,0.0985372015348139,NaCoO2,1.95,3.6894440017778174,0.05053189822298149,0.026707872917255876,0.1909846312498463,-0.3491510391624392,-0.2222426312859955,38.69047619047619,0.0555523901364887
row247_NaCoO2,row247_NaCoO2.vasp,row247_NaCoO2_relaxed.vasp,400,400,0.1079854829443728,NaCoO2,2.85,3.6906654364933633,0.037889643138376415,0.02925908208222032,0.2120106424125149,-0.23776433733244243,-0.04462269441780167,47.470238095238095,0.2210921514350232
row248_NaCoO2,row248_NaCoO2.vasp,row248_NaCoO2_relaxed.vasp,400,400,0.1088336360574348,NaCoO2,2.85,3.689226362360998,0.03818724072190695,0.029500395304500757,0.2138981049096471,-0.22776537838788322,-0.0286781119200552,48.36309523809524,0.23595232100394045
row249_NaCoO2,row249_NaCoO2.vasp,row249_NaCoO2_relaxed.vasp,400,400,0.1074428681956043,NaCoO2,2.85,3.688733546825738,0.037699251998457646,0.029127305301859495,0.21080311870845878,-0.2441612749986394,-0.05482340640363486,46.726190476190474,0.2115852038649258
row250_NaCoO2,row250_NaCoO2.vasp,row250_NaCoO2_relaxed.vasp,400,400,0.1046797578979391,NaCoO2,2.85,3.687978269932006,0.03672973961331196,0.028384049535050283,0.20465414987020894,-0.2767358490939929,-0.10676761248270228,43.75,0.16317379449959296
row251_NaCoO2,row251_NaCoO2.vasp,row251_NaCoO2_relaxed.vasp,400,400,0.1028425774688947,NaCoO2,1.95,3.6908502250368898,0.052739783317381904,0.0278641969189814,0.20056572632157893,-0.2983945465636555,-0.14130509688618392,42.26190476190476,0.13098525178973455
row252_NASICON,row252_NASICON.vasp,row252_NASICON_relaxed.vasp,432,432,0.1039715174949039,NASICON,1.55,3.7212651758162756,0.06707839838380897,0.02793983029497415,0.20307804624092823,-0.2850853635905686,-0.12008195084982017,43.154761904761905,1.0
row253_NASICON,row253_NASICON.vasp,row253_NASICON_relaxed.vasp,432,432,0.0810760206791762,NASICON,1.55,3.6956437338955785,0.05230711011559755,0.021938267462192292,0.1521268784301031,-0.5550025862595498,-0.550498502039879,26.636904761904763,0.0
row254_Nb5Si3,row254_Nb5Si3.vasp,row254_Nb5Si3_relaxed.vasp,384,384,0.082837182900114,Nb5Si3,2.6500000000000004,3.909019695457583,0.03125931430192981,0.021191293304654798,0.15604613262158443,-0.5342400747853056,-0.5173900975652683,27.232142857142854,1.0
row255_Nb5Si3,row255_Nb5Si3.vasp,row255_Nb5Si3_relaxed.vasp,384,384,0.0407900736438498,Nb5Si3,2.6500000000000004,3.9197507044656126,0.015392480620320679,0.010406292828107495,0.062475360302533346,-1.029937505727877,-1.3078412460706315,8.18452380952381,0.0
row256_NbSi2,row256_NbSi2.vasp,row256_NbSi2_relaxed.vasp,432,432,0.0465365883644179,NbSi2,2.6500000000000004,3.9428351702830127,0.01756097674128977,0.011802823692748371,0.07526353599540206,-0.9621912888239195,-1.1998114851400554,10.863095238095239,0.24088282303618358
row257_NbSi2,row257_NbSi2.vasp,row257_NbSi2_relaxed.vasp,432,432,0.0425006396471357,NbSi2,2.6500000000000004,3.950326498873691,0.016037977225334225,0.010758766309380604,0.06628201871166829,-1.0097714779489235,-1.2756840089666295,9.375,0.14801621170624657
row258_NbSi2,row258_NbSi2.vasp,row258_NbSi2_relaxed.vasp,432,432,0.0681971182681274,NbSi2,2.6500000000000004,3.932408500728762,0.02573476161061411,0.017342328055564158,0.12346643383499721,-0.7068332103247673,-0.7926112984334949,20.386904761904763,0.7392885642079479
row259_NbSi2,row259_NbSi2.vasp,row259_NbSi2_relaxed.vasp,432,432,0.036067909614052,NbSi2,2.6500000000000004,3.9612389448986858,0.013610531929830942,0.009105209283196747,0.05196675357305657,-1.0856075534306562,-1.3966140546372108,7.142857142857142,0.0
row260_NbSi2,row260_NbSi2.vasp,row260_NbSi2_relaxed.vasp,432,432,0.0777947834097579,NbSi2,2.6500000000000004,3.92779135623624,0.029356522041418073,0.019806241308169648,0.14482488048322206,-0.5936854092534124,-0.6121830699925236,24.702380952380953,0.9601294868306925
row261_NbSi2,row261_NbSi2.vasp,row261_NbSi2_relaxed.vasp,432,432,0.047910718830458,NbSi2,2.6500000000000004,3.942229661604958,0.01807951653979547,0.012153203375511262,0.07832149767811522,-0.9459915320785848,-1.1739789600440338,11.011904761904761,0.27250137144834075
row262_NbSi2,row262_NbSi2.vasp,row262_NbSi2_relaxed.vasp,432,432,0.0795275412242037,NbSi2,2.6500000000000004,3.926540323748411,0.030010392914793845,0.020253845540107424,0.14868092409257935,-0.5732577600699317,-0.5796086450501887,26.041666666666668,1.0
row263_NbSi2,row263_NbSi2.vasp,row263_NbSi2_relaxed.vasp,432,432,0.0361334858829091,NbSi2,2.6500000000000004,3.9592651935399172,0.013635277691663809,0.009126311099813628,0.05211268565331834,-1.0848344684652866,-1.3953812745971639,7.291666666666667,0.001508900706875368
row264_pa-3,row264_pa-3.vasp,row264_pa-3_relaxed.vasp,432,432,0.0937742070889123,pa-3,2.25,3.8672492560533565,0.041677425372849915,0.02424829662637564,0.18038516135197297,-0.4053024405831068,-0.3117830181682801,34.970238095238095,0.0
row265_pa-3,row265_pa-3.vasp,row265_pa-3_relaxed.vasp,432,432,0.1050833987878536,pa-3,2.25,3.8747962429640053,0.0467037327946016,0.027119722483128713,0.20555240400650776,-0.2719772876686511,-0.09917949499590716,44.047619047619044,1.0
row266_Perovskite---Cubic,row266_Perovskite---Cubic.vasp,row266_Perovskite---Cubic_relaxed.vasp,400,400,0.1176223721485191,Perovskite---Cubic,2.75,3.792249003821835,0.04277177169037058,0.031016521338651307,0.23345637748289327,-0.12415412000075159,0.13654291420965767,55.654761904761905,0.27604425290015305
row267_Perovskite---Cubic,row267_Perovskite---Cubic.vasp,row267_Perovskite---Cubic_relaxed.vasp,400,400,0.1164052114073763,Perovskite---Cubic,2.75,3.802950020287409,0.04232916778450047,0.03060918781114534,0.2307477329981789,-0.13850334550282958,0.11366129112617214,54.46428571428571,0.26633260236073786
row268_Perovskite---Cubic,row268_Perovskite---Cubic.vasp,row268_Perovskite---Cubic_relaxed.vasp,400,400,0.1329741140126051,Perovskite---Cubic,2.75,3.8088070379990784,0.04835422327731094,0.034912273760778864,0.26761982814748864,0.056829047144971535,0.4251430630110115,65.47619047619048,0.3985348550989474
row269_Perovskite---Cubic,row269_Perovskite---Cubic.vasp,row269_Perovskite---Cubic_relaxed.vasp,400,400,0.1492612504432489,Perovskite---Cubic,2.75,3.807397761415073,0.0542768183429996,0.03920295692661589,0.30386488664586925,0.24883967115424285,0.7313278620420633,73.95833333333334,0.5284889128955192
row270_Perovskite---Cubic,row270_Perovskite---Cubic.vasp,row270_Perovskite---Cubic_relaxed.vasp,400,400,0.2007240802987631,Perovskite---Cubic,2.75,3.8092041373110073,0.07299057465409567,0.05269449288177509,0.41838920996987944,0.8555399413901227,1.6987868309024954,88.83928571428571,0.9391076606353439
row271_Perovskite---Cubic,row271_Perovskite---Cubic.vasp,row271_Perovskite---Cubic_relaxed.vasp,400,400,0.1978683201620367,Perovskite---Cubic,2.75,3.80907503817358,0.0719521164225588,0.05194655347533215,0.41203406008495275,0.8218731093961352,1.6451008838811811,88.54166666666666,0.9163217265061842
row272_Perovskite---Cubic,row272_Perovskite---Cubic.vasp,row272_Perovskite---Cubic_relaxed.vasp,400,400,0.2083557145518905,Perovskite---Cubic,2.75,3.8202778276496625,0.07576571438250564,0.05453941413472447,0.43537249190656263,0.9455100144839108,1.8422552920419188,89.88095238095238,1.0
row273_Perovskite---Cubic,row273_Perovskite---Cubic.vasp,row273_Perovskite---Cubic_relaxed.vasp,400,400,0.1675384218369202,Perovskite---Cubic,2.75,3.805657727808078,0.0609230624861528,0.04402351283792836,0.34453852802963936,0.4643110094933979,1.074923685277034,80.35714285714286,0.6743213370153387
row274_Perovskite---Cubic,row274_Perovskite---Cubic.vasp,row274_Perovskite---Cubic_relaxed.vasp,400,400,0.1329670652019812,Perovskite---Cubic,2.75,3.8076523838055025,0.04835166007344771,0.03492100953530039,0.26760414186927184,0.0567459480359183,0.4250105511558139,65.32738095238095,0.3984786130734008
row275_Perovskite---Cubic,row275_Perovskite---Cubic.vasp,row275_Perovskite---Cubic_relaxed.vasp,400,400,0.1167953468442895,Perovskite---Cubic,2.75,3.8041026110806597,0.04247103521610527,0.030702470144755262,0.23161593237708294,-0.133904001166959,0.120995517179649,54.613095238095234,0.26944546896764604
row276_Perovskite---Cubic,row276_Perovskite---Cubic.vasp,row276_Perovskite---Cubic_relaxed.vasp,400,400,0.1650506242947443,Perovskite---Cubic,2.75,3.804398416732462,0.06001840883445247,0.04338415860148099,0.33900223453616557,0.4349821240557357,1.0281551330686844,79.31547619047619,0.6544713537503973
row277_Perovskite---Cubic,row277_Perovskite---Cubic.vasp,row277_Perovskite---Cubic_relaxed.vasp,400,400,0.1590666851505735,Perovskite---Cubic,2.75,3.8017564859466426,0.057842430963844914,0.04184031400710971,0.32568569941319886,0.36443688769706173,0.9156619878142028,77.38095238095238,0.6067258721119164
row278_Perovskite---Cubic,row278_Perovskite---Cubic.vasp,row278_Perovskite---Cubic_relaxed.vasp,400,400,0.2057362573437147,Perovskite---Cubic,2.75,3.818023792604588,0.07481318448862352,0.053885535690537195,0.4295432056997065,0.9146289805311831,1.793011646157874,89.28571428571429,0.9790995123742898
row279_Perovskite---Cubic,row279_Perovskite---Cubic.vasp,row279_Perovskite---Cubic_relaxed.vasp,400,400,0.1662645015388732,Perovskite---Cubic,2.75,3.820810239835363,0.06045981874140844,0.04351550878015797,0.34170357199414414,0.449292640094474,1.0509750291028757,79.76190476190477,0.6641568054695021
row280_Perovskite---Cubic,row280_Perovskite---Cubic.vasp,row280_Perovskite---Cubic_relaxed.vasp,400,400,0.1123921507470685,Perovskite---Cubic,2.75,3.7951142634054134,0.040869872998934,0.029614958324395042,0.22181715032578608,-0.18581370511417222,0.038219043987876886,51.33928571428571,0.2343126386788733
row281_Perovskite---Cubic,row281_Perovskite---Cubic.vasp,row281_Perovskite---Cubic_relaxed.vasp,400,400,0.1133290598482763,Perovskite---Cubic,2.75,3.796105180439826,0.04121056721755502,0.029854035771249555,0.22390212857383773,-0.17476839325539723,0.05583216622610793,52.083333333333336,0.2417881786552816
row282_Perovskite---Cubic,row282_Perovskite---Cubic.vasp,row282_Perovskite---Cubic_relaxed.vasp,400,400,0.1201389495775532,Perovskite---Cubic,2.75,3.7938365809017904,0.04368689075547389,0.03166687521079158,0.23905671714477691,-0.09448594569803388,0.18385250467303332,57.44047619047619,0.2961238691086186
row283_Perovskite---Cubic,row283_Perovskite---Cubic.vasp,row283_Perovskite---Cubic_relaxed.vasp,400,400,0.0953080336950035,Perovskite---Cubic,2.75,3.8009402900798452,0.034657466798183094,0.025074856856801976,0.1837985075409046,-0.38722001062301403,-0.28294833669223446,36.30952380952381,0.09799952162225549
row284_Perovskite---Cubic,row284_Perovskite---Cubic.vasp,row284_Perovskite---Cubic_relaxed.vasp,400,400,0.0907258067781331,Perovskite---Cubic,2.75,3.7993891307059258,0.032991202464775674,0.02387905098872467,0.17360131398499257,-0.44124032618965814,-0.3690904423736799,32.73809523809524,0.06143821545725003
row285_Perovskite---Cubic,row285_Perovskite---Cubic.vasp,row285_Perovskite---Cubic_relaxed.vasp,400,400,0.1126509355975753,Perovskite---Cubic,2.75,3.796894867356472,0.04096397658093647,0.029669226969143536,0.22239304481067945,-0.18276286552419568,0.04308398680837329,51.488095238095234,0.2363774670520405
row286_Perovskite---Cubic,row286_Perovskite---Cubic.vasp,row286_Perovskite---Cubic_relaxed.vasp,400,400,0.0830257578979825,Perovskite---Cubic,2.75,3.797315249220071,0.030191184690175454,0.021864331099461686,0.15646578354415028,-0.5320169459272976,-0.5138450423574044,27.380952380952383,0.0
row287_Perovskite---Cubic,row287_Perovskite---Cubic.vasp,row287_Perovskite---Cubic_relaxed.vasp,400,400,0.1782325343836724,Perovskite---Cubic,2.75,3.799792867188066,0.06481183068497177,0.0469058552961516,0.36833698618684024,0.5903849348928244,1.2759642251464074,84.22619047619048,0.7596490019429141
row288_Perovskite---Cubic,row288_Perovskite---Cubic.vasp,row288_Perovskite---Cubic_relaxed.vasp,400,400,0.1854525281506535,Perovskite---Cubic,2.75,3.7932788180706356,0.067437282963874,0.04888976978628206,0.38440421185026696,0.6755021385488811,1.4116941829546612,86.60714285714286,0.8172568872381969
row289_Perovskite---Cubic,row289_Perovskite---Cubic.vasp,row289_Perovskite---Cubic_relaxed.vasp,400,400,0.1759459448373945,Perovskite---Cubic,2.75,3.8046841605672763,0.06398034357723437,0.04624455997187453,0.3632484568299733,0.5634281099467378,1.232978218141742,83.33333333333334,0.7414044448767038
row290_Perovskite---Cubic,row290_Perovskite---Cubic.vasp,row290_Perovskite---Cubic_relaxed.vasp,400,400,0.1910509573560984,Perovskite---Cubic,2.75,3.7782556512576924,0.0694730754022176,0.050565915859214564,0.39686284108288106,0.7415025610164365,1.516940057725722,87.20238095238095,0.8619264088347347
row291_Perovskite---Cubic,row291_Perovskite---Cubic.vasp,row291_Perovskite---Cubic_relaxed.vasp,400,400,0.1804383690830219,Perovskite---Cubic,2.75,3.800264854220375,0.06561395239382616,0.047480472020953096,0.3732458053679245,0.6163897331510693,1.3174321072994248,85.56547619047619,0.7772492210624403
row292_Perovskite---Cubic,row292_Perovskite---Cubic.vasp,row292_Perovskite---Cubic_relaxed.vasp,400,400,0.1799646514139136,Perovskite---Cubic,2.75,3.803359007001377,0.06544169142324131,0.04731729270958313,0.37219160380820515,0.6108050298094452,1.3085266038715486,85.26785714285714,0.773469456976058
row293_Perovskite---Cubic,row293_Perovskite---Cubic.vasp,row293_Perovskite---Cubic_relaxed.vasp,400,400,0.1821528957010227,Perovskite---Cubic,2.75,3.8004209122082817,0.0662374166185537,0.047929663558024284,0.3770612776476034,0.6366024529993196,1.3496638007098303,86.16071428571429,0.7909293232804229
row294_Perovskite---Cubic,row294_Perovskite---Cubic.vasp,row294_Perovskite---Cubic_relaxed.vasp,400,400,0.1252499479621257,Perovskite---Cubic,2.75,3.799659744990831,0.04554543562259117,0.032963464196299495,0.25043062785172104,-0.03423189224234272,0.27993508001660516,61.011904761904766,0.3369042102259962
row295_Perovskite---Cubic,row295_Perovskite---Cubic.vasp,row295_Perovskite---Cubic_relaxed.vasp,400,400,0.1954503186983045,Perovskite---Cubic,2.75,3.829732824669762,0.07107284316301982,0.051034974930701124,0.40665308934922234,0.793367056666509,1.599644440670165,88.24404761904762,0.8970286418495814
row296_Perovskite---Cubic,row296_Perovskite---Cubic.vasp,row296_Perovskite---Cubic_relaxed.vasp,400,400,0.1348843160797159,Perovskite---Cubic,2.75,3.8028823585557725,0.049048842210805785,0.035468968893095386,0.2718707525479188,0.07934860375651087,0.46105329428571235,67.26190476190477,0.4137762396658131
row297_Perovskite---Cubic,row297_Perovskite---Cubic.vasp,row297_Perovskite---Cubic_relaxed.vasp,400,400,0.1075692760811159,Perovskite---Cubic,2.75,3.7939166672528595,0.039116100393133055,0.028353094049112532,0.21108442421753554,-0.24267104023084382,-0.05244704189130169,46.875,0.1958312189551698
row298_Perovskite---Cubic,row298_Perovskite---Cubic.vasp,row298_Perovskite---Cubic_relaxed.vasp,400,400,0.1432249116554337,Perovskite---Cubic,2.75,3.79786822709334,0.05208178605652134,0.03771192234467003,0.2904317424334365,0.17767669033712014,0.617849646488276,71.13095238095238,0.48032533772981306
row299_Perovskite---Cubic,row299_Perovskite---Cubic.vasp,row299_Perovskite---Cubic_relaxed.vasp,400,400,0.1525205989309197,Perovskite---Cubic,2.75,3.7915003966028893,0.05546203597487989,0.040226976915939454,0.31111817374795114,0.28726444518658084,0.7926009388606509,75.29761904761905,0.5544950536035332
row300_Perovskite---Cubic,row300_Perovskite---Cubic.vasp,row300_Perovskite---Cubic_relaxed.vasp,400,400,0.1398965756523797,Perovskite---Cubic,2.75,3.795230542213941,0.050871482055410804,0.03686115351790231,0.2830249319332196,0.13843861582473893,0.5552796609943547,69.04761904761905,0.45376874988828836
row301_Perovskite---Cubic,row301_Perovskite---Cubic.vasp,row301_Perovskite---Cubic_relaxed.vasp,400,400,0.1281383175021726,Perovskite---Cubic,2.75,3.8003910611222977,0.04659575181897186,0.03371714001041039,0.25685834603224605,-0.00018062484396099058,0.3342340570597853,62.648809523809526,0.35995033277451804
row302_Perovskite---Cubic,row302_Perovskite---Cubic.vasp,row302_Perovskite---Cubic_relaxed.vasp,400,400,0.1521170329610457,Perovskite---Cubic,2.75,3.8114756719022176,0.05531528471310753,0.03991027257039468,0.3102200863371698,0.2825067670008304,0.7850142298091346,75.0,0.5512750256018605
row303_Perovskite---Cubic,row303_Perovskite---Cubic.vasp,row303_Perovskite---Cubic_relaxed.vasp,400,400,0.1677141246331986,Perovskite---Cubic,2.75,3.803680717009134,0.06098695441207222,0.04409258744647569,0.34492953341947924,0.46638238672396587,1.0782267536584393,80.50595238095238,0.6757232587982018
row304_Perovskite---Cubic,row304_Perovskite---Cubic.vasp,row304_Perovskite---Cubic_relaxed.vasp,400,400,0.1232492610070397,Perovskite---Cubic,2.75,3.798673415309773,0.04481791309346898,0.03244534276368925,0.24597834024224266,-0.057818183935123064,0.24232380710343027,59.672619047619044,0.32094085231460073
row305_Perovskite---Cubic,row305_Perovskite---Cubic.vasp,row305_Perovskite---Cubic_relaxed.vasp,400,400,0.1336934566403207,Perovskite---Cubic,2.75,3.796163840984008,0.048615802414662075,0.03521804174965901,0.26922063843927674,0.06530944684029626,0.4386661140911987,65.92261904761905,0.40427444559208103
row306_Perovskite---Cubic,row306_Perovskite---Cubic.vasp,row306_Perovskite---Cubic_relaxed.vasp,400,400,0.1339436577839153,Perovskite---Cubic,2.75,3.7916641093934866,0.04870678464869647,0.035325823680447496,0.2697774309193155,0.06825909228067223,0.44336969026587314,66.07142857142857,0.4062707850968133
row307_Perovskite---Cubic,row307_Perovskite---Cubic.vasp,row307_Perovskite---Cubic_relaxed.vasp,400,400,0.096994865578408,Perovskite---Cubic,2.75,3.7908606604170103,0.035270860210330185,0.02558650245080181,0.18755234852770308,-0.36733378667502503,-0.25123728156485,37.5,0.11145864925973324
row308_Perovskite---Cubic,row308_Perovskite---Cubic.vasp,row308_Perovskite---Cubic_relaxed.vasp,400,400,0.1451135137667341,Perovskite---Cubic,2.75,3.8028432351228636,0.05276855046063058,0.03815921530145476,0.29463459873636866,0.199941602983995,0.6533538163195147,72.61904761904762,0.4953943775804824
row309_Perovskite---Cubic,row309_Perovskite---Cubic.vasp,row309_Perovskite---Cubic_relaxed.vasp,400,400,0.1671567147223993,Perovskite---Cubic,2.75,3.7821065184560685,0.06078425989905429,0.04419672315063088,0.3436890848660745,0.45981102746401914,1.0677479047679193,80.20833333333334,0.6712757194733574
row316_Perovskite---RP-Layered,row316_Perovskite---RP-Layered.vasp,row316_Perovskite---RP-Layered_relaxed.vasp,448,448,0.0325559465294442,Perovskite---RP-Layered,2.35,3.7687005750389386,0.013853594267848594,0.00863850706131193,0.0441513031414959,-1.1270104253378581,-1.4626360785727348,6.547619047619048,0.0
row318_Perovskite---RP-Layered,row318_Perovskite---RP-Layered.vasp,row318_Perovskite---RP-Layered_relaxed.vasp,448,448,0.0433964397756328,Perovskite---RP-Layered,2.35,3.766017532133856,0.018466570117290554,0.011523164564516521,0.06827551389717837,-0.9992108037387722,-1.258843701679719,9.970238095238097,0.3426301348128047
row319_Perovskite---RP-Layered,row319_Perovskite---RP-Layered.vasp,row319_Perovskite---RP-Layered_relaxed.vasp,448,448,0.0641950002633234,Perovskite---RP-Layered,2.35,3.7928298563317195,0.027317021388648256,0.01692535723851593,0.11456020272314738,-0.7540145659137915,-0.8678478326282925,17.857142857142858,1.0
row320_Perovskite---RP-Layered,row320_Perovskite---RP-Layered.vasp,row320_Perovskite---RP-Layered_relaxed.vasp,448,448,0.0423110087633121,Perovskite---RP-Layered,2.35,3.7774539101633966,0.018004684580132806,0.01120093316015652,0.06586001804221026,-1.0120070547484088,-1.2792489139639478,9.226190476190476,0.30832345100833863
row321_Perovskite---RP-Layered,row321_Perovskite---RP-Layered.vasp,row321_Perovskite---RP-Layered_relaxed.vasp,448,448,0.0547249303241582,Perovskite---RP-Layered,2.35,3.787238019377995,0.023287204393258806,0.014449825979816833,0.09348570381473305,-0.8656581348231406,-1.0458773759725601,13.541666666666666,0.7006841601895121
row322_Perovskite---RP-Layered,row322_Perovskite---RP-Layered.vasp,row322_Perovskite---RP-Layered_relaxed.vasp,448,448,0.0459968529825885,Perovskite---RP-Layered,2.35,3.781346992163639,0.019573128928761063,0.012164144966836193,0.07406241997532344,-0.9685542813552499,-1.2099580673903554,10.714285714285714,0.42482011523472757
row323_Perovskite--Orthorhombic,row323_Perovskite--Orthorhombic.vasp,row323_Perovskite--Orthorhombic_relaxed.vasp,360,360,0.0888600935312477,Perovskite--Orthorhombic,2.85,3.849738015018861,0.0311789801864027,0.023082114467161303,0.16944939409026297,-0.4632353998038766,-0.40416432033741956,31.101190476190478,0.5989714446923267
row324_Perovskite--Orthorhombic,row324_Perovskite--Orthorhombic.vasp,row324_Perovskite--Orthorhombic_relaxed.vasp,360,360,0.0869137264488083,Perovskite--Orthorhombic,2.05,3.861005780432424,0.04239693973112601,0.022510643959479947,0.1651179888083862,-0.4861813092730908,-0.44075442422186295,30.059523809523807,0.5649565774022374
row325_Perovskite--Orthorhombic,row325_Perovskite--Orthorhombic.vasp,row325_Perovskite--Orthorhombic_relaxed.vasp,360,360,0.0925176500369949,Perovskite--Orthorhombic,2.05,3.864244474333957,0.04513056099365605,0.023941976407416948,0.17758884512737197,-0.4201161129968753,-0.33540525956416517,34.226190476190474,0.6628911956331762
row326_Perovskite--Orthorhombic,row326_Perovskite--Orthorhombic.vasp,row326_Perovskite--Orthorhombic_relaxed.vasp,360,360,0.0996156268870159,Perovskite--Orthorhombic,2.85,3.8585302069498066,0.034952851539303824,0.025816987698474625,0.19338453685284449,-0.33643737855638395,-0.20196911966287784,39.88095238095239,0.7869360085360932
row327_Perovskite--Orthorhombic,row327_Perovskite--Orthorhombic.vasp,row327_Perovskite--Orthorhombic_relaxed.vasp,360,360,0.0902475188506146,Perovskite--Orthorhombic,2.85,3.8276580800636104,0.03166579608793495,0.023577737865529205,0.1725369418661859,-0.44687890874896796,-0.37808186290913376,32.29166666666667,0.6232182008869638
row328_Perovskite--Orthorhombic,row328_Perovskite--Orthorhombic.vasp,row328_Perovskite--Orthorhombic_relaxed.vasp,360,360,0.0950954291034633,Perovskite--Orthorhombic,2.85,3.8427247090944467,0.03336681722928537,0.02474687527795165,0.18332538165470522,-0.3897264266810304,-0.28694512854149634,35.86309523809524,0.7079406694144528
row329_Perovskite--Orthorhombic,row329_Perovskite--Orthorhombic.vasp,row329_Perovskite--Orthorhombic_relaxed.vasp,360,360,0.0843290771786419,Perovskite--Orthorhombic,2.85,3.8664584257470653,0.02958914988724277,0.021810418706971636,0.15936616347101626,-0.5166519890836941,-0.48934370943609484,27.976190476190478,0.5197870393899368
row330_Perovskite--Orthorhombic,row330_Perovskite--Orthorhombic.vasp,row330_Perovskite--Orthorhombic_relaxed.vasp,360,360,0.0865827113108636,Perovskite--Orthorhombic,2.85,3.858405616495187,0.030379898705566177,0.022440023138239076,0.16438135452710875,-0.4900836786959743,-0.44697723717117577,29.613095238095237,0.5591717302941122
row331_Perovskite--Orthorhombic,row331_Perovskite--Orthorhombic.vasp,row331_Perovskite--Orthorhombic_relaxed.vasp,360,360,0.0921487526195376,Perovskite--Orthorhombic,2.85,3.849371977826501,0.032332895655978106,0.023938645875311904,0.17676790840024512,-0.42446508027071206,-0.3423402282806255,33.779761904761905,0.6564443147689868
row332_Perovskite--Orthorhombic,row332_Perovskite--Orthorhombic.vasp,row332_Perovskite--Orthorhombic_relaxed.vasp,360,360,0.101182845874091,Perovskite--Orthorhombic,2.85,3.835198262997586,0.035502752938277544,0.026382689742617534,0.1968721937597661,-0.31796128259262146,-0.17250668882743667,41.07142857142857,0.8143248532924767
row333_Perovskite--Orthorhombic,row333_Perovskite--Orthorhombic.vasp,row333_Perovskite--Orthorhombic_relaxed.vasp,360,360,0.0912963079008376,Perovskite--Orthorhombic,2.85,3.851062403685301,0.03203379224590793,0.023706784863696567,0.17487089545217493,-0.4345146333685198,-0.3583654894425057,33.33333333333333,0.6415469224731937
row334_Perovskite--Orthorhombic,row334_Perovskite--Orthorhombic.vasp,row334_Perovskite--Orthorhombic_relaxed.vasp,360,360,0.0793580873160569,Perovskite--Orthorhombic,2.85,3.834162815400927,0.0278449429179147,0.020697631044068916,0.14830382484989083,-0.5752554685549457,-0.5827942394628037,25.744047619047617,0.4329136217279971
row335_Perovskite--Orthorhombic,row335_Perovskite--Orthorhombic.vasp,row335_Perovskite--Orthorhombic_relaxed.vasp,360,360,0.0876786722175806,Perovskite--Orthorhombic,2.85,3.8466482560008384,0.030764446392133545,0.02279352474736944,0.16682028339253888,-0.47716328974457045,-0.4263740715135421,30.357142857142854,0.5783248310290376
row336_Perovskite--Orthorhombic,row336_Perovskite--Orthorhombic.vasp,row336_Perovskite--Orthorhombic_relaxed.vasp,360,360,0.1118073763329802,Perovskite--Orthorhombic,2.85,3.8158848867658537,0.03923065836244919,0.029300510799145814,0.22051580536946164,-0.19270766714561277,0.02722576489191181,50.89285714285714,1.0
row337_Perovskite--Orthorhombic,row337_Perovskite--Orthorhombic.vasp,row337_Perovskite--Orthorhombic_relaxed.vasp,360,360,0.0849579481206536,Perovskite--Orthorhombic,2.85,3.8620531041191355,0.02980980635812407,0.02199813048402683,0.16076563993381918,-0.5092381688267594,-0.4775214518025157,28.273809523809522,0.5307772384269612
row338_Perovskite--Orthorhombic,row338_Perovskite--Orthorhombic.vasp,row338_Perovskite--Orthorhombic_relaxed.vasp,360,360,0.1005284369680829,Perovskite--Orthorhombic,2.85,3.8281442165544513,0.0352731357782747,0.026260357834314886,0.1954158856370259,-0.32567617237296526,-0.18480903922668973,40.029761904761905,0.8028883507477359
row339_Perovskite--Orthorhombic,row339_Perovskite--Orthorhombic.vasp,row339_Perovskite--Orthorhombic_relaxed.vasp,360,360,0.0868563785534194,Perovskite--Orthorhombic,2.85,3.8666237035497044,0.030475922299445405,0.022463106113398627,0.1649903679812395,-0.4868573891491409,-0.4418325175932348,29.910714285714285,0.563954360981389
row340_Perovskite--Orthorhombic,row340_Perovskite--Orthorhombic.vasp,row340_Perovskite--Orthorhombic_relaxed.vasp,360,360,0.1020920751520432,Perovskite--Orthorhombic,2.85,3.86410378253987,0.035821780755102874,0.026420634873563935,0.19889557389832832,-0.3072422908428728,-0.15541392455125885,41.66666666666667,0.8302146171015967
row341_Perovskite--Orthorhombic,row341_Perovskite--Orthorhombic.vasp,row341_Perovskite--Orthorhombic_relaxed.vasp,360,360,0.0886922886311098,Perovskite--Orthorhombic,2.85,3.834159827592842,0.031120101274073612,0.023132131319312396,0.16907596451608872,-0.4652136679742513,-0.40731891475270793,30.654761904761905,0.5960388727944996
row342_Perovskite--Orthorhombic,row342_Perovskite--Orthorhombic.vasp,row342_Perovskite--Orthorhombic_relaxed.vasp,360,360,0.0945373227522668,Perovskite--Orthorhombic,2.85,3.825893733744533,0.03317099043939186,0.02470986632964839,0.18208338325716153,-0.39630599634406555,-0.29743706993995744,35.267857142857146,0.6981871580439705
row343_Perovskite--Orthorhombic,row343_Perovskite--Orthorhombic.vasp,row343_Perovskite--Orthorhombic_relaxed.vasp,360,360,0.0709161443469709,Perovskite--Orthorhombic,2.85,3.837557603381036,0.024882857665603823,0.018479499639169204,0.12951729855919042,-0.6747783493417194,-0.7414958394910307,22.172619047619047,0.2853815491016585
row344_Perovskite--Orthorhombic,row344_Perovskite--Orthorhombic.vasp,row344_Perovskite--Orthorhombic_relaxed.vasp,360,360,0.0699364259864064,Perovskite--Orthorhombic,2.85,3.82875955493389,0.024539096837335576,0.018266079387587442,0.1273370534656584,-0.6863283436925615,-0.7599137406742049,21.279761904761905,0.26825991242945435
row345_Perovskite--Orthorhombic,row345_Perovskite--Orthorhombic.vasp,row345_Perovskite--Orthorhombic_relaxed.vasp,360,360,0.0587428087492628,Perovskite--Orthorhombic,2.85,3.836650509963198,0.020611511841846595,0.0153109616309113,0.10242700784183642,-0.8182909781174221,-0.9703445588097324,15.327380952380953,0.07263935952722338
row346_Perovskite--Orthorhombic,row346_Perovskite--Orthorhombic.vasp,row346_Perovskite--Orthorhombic_relaxed.vasp,360,360,0.0712101475845474,Perovskite--Orthorhombic,2.85,3.828279195867118,0.02498601669633242,0.01860108522424997,0.1301715673184687,-0.6713123167860151,-0.7359688198952183,22.321428571428573,0.2905195732694777
row347_Perovskite--Orthorhombic,row347_Perovskite--Orthorhombic.vasp,row347_Perovskite--Orthorhombic_relaxed.vasp,360,360,0.068329051371044,Perovskite--Orthorhombic,2.85,3.8331422061680196,0.023975105744225966,0.01782585870701425,0.12376003504927133,-0.7052778382354887,-0.7901310643681585,20.684523809523807,0.24016930469142878
row348_Perovskite--Orthorhombic,row348_Perovskite--Orthorhombic.vasp,row348_Perovskite--Orthorhombic_relaxed.vasp,360,360,0.0713372969092737,Perovskite--Orthorhombic,2.85,3.8335267058779072,0.025030630494482002,0.018608790907832455,0.13045452281112757,-0.6698133411197266,-0.7335785169341029,22.470238095238095,0.2927416450696077
row349_Perovskite--Orthorhombic,row349_Perovskite--Orthorhombic.vasp,row349_Perovskite--Orthorhombic_relaxed.vasp,360,360,0.0689022382804578,Perovskite--Orthorhombic,2.85,3.832885988903074,0.024176223958055368,0.01797659478522,0.12503559341096843,-0.6985204824155045,-0.7793556208509118,20.833333333333336,0.25018636510723236
row350_Perovskite--Orthorhombic,row350_Perovskite--Orthorhombic.vasp,row350_Perovskite--Orthorhombic_relaxed.vasp,360,360,0.0590879908292462,Perovskite--Orthorhombic,2.85,3.8338276166463476,0.020732628361139017,0.015412271165424386,0.10319516894461024,-0.8142215932469343,-0.9638554189760421,15.476190476190476,0.0786717892510332
row351_Perovskite--Orthorhombic,row351_Perovskite--Orthorhombic.vasp,row351_Perovskite--Orthorhombic_relaxed.vasp,360,360,0.0787319314284099,Perovskite--Orthorhombic,2.85,3.8384000877603284,0.02762523909768768,0.020511653196201667,0.14691039041324114,-0.5826372807738188,-0.5945654563024069,25.297619047619047,0.42197087119887944
row352_Perovskite--Orthorhombic,row352_Perovskite--Orthorhombic.vasp,row352_Perovskite--Orthorhombic_relaxed.vasp,360,360,0.0699829302727867,Perovskite--Orthorhombic,2.85,3.825076639302879,0.02455541413080235,0.01829582433818662,0.1274405431482958,-0.6857801001701344,-0.7590394982535026,21.428571428571427,0.26907262506928364
row353_Perovskite--Orthorhombic,row353_Perovskite--Orthorhombic.vasp,row353_Perovskite--Orthorhombic_relaxed.vasp,360,360,0.0848623732374702,Perovskite--Orthorhombic,2.85,3.8668826256063573,0.029776271311393054,0.021945939779892627,0.16055294955410082,-0.5103649103529819,-0.47931818117385366,28.125,0.5291069641004582
row354_Perovskite--Orthorhombic,row354_Perovskite--Orthorhombic.vasp,row354_Perovskite--Orthorhombic_relaxed.vasp,360,360,0.0645635615054469,Perovskite--Orthorhombic,2.85,3.8481596985592286,0.022653881229981368,0.01677777601839649,0.1153803913325992,-0.7496695618434248,-0.8609191837322289,18.303571428571427,0.17436330169432956
row355_Perovskite--Orthorhombic,row355_Perovskite--Orthorhombic.vasp,row355_Perovskite--Orthorhombic_relaxed.vasp,360,360,0.0545863069152997,Perovskite--Orthorhombic,2.85,3.836046223978981,0.01915309014571919,0.014229835546319212,0.09317721413118943,-0.8672923795751606,-1.0484833822992758,13.392857142857142,0.0
row356_Perovskite--Orthorhombic,row356_Perovskite--Orthorhombic.vasp,row356_Perovskite--Orthorhombic_relaxed.vasp,360,360,0.07872428694556,Perovskite--Orthorhombic,2.85,3.8333567217174913,0.027622556823003505,0.020536645206942414,0.1468933785383014,-0.5827274023202605,-0.5947091663066215,25.148809523809522,0.4218372756032764
row357_Perovskite--Orthorhombic,row357_Perovskite--Orthorhombic.vasp,row357_Perovskite--Orthorhombic_relaxed.vasp,360,360,0.0796530265725111,Perovskite--Orthorhombic,2.85,3.862677194191053,0.027948430376319684,0.02062119679384509,0.14896017660633207,-0.5717784011823135,-0.5772496234802245,26.190476190476193,0.4380680038368199
row358_Perovskite--Orthorhombic,row358_Perovskite--Orthorhombic.vasp,row358_Perovskite--Orthorhombic_relaxed.vasp,360,360,0.0745125065187099,Perovskite--Orthorhombic,2.85,3.828781836808383,0.026144739129371895,0.019461152318049662,0.13752056898374415,-0.6323804884470496,-0.6738871819786519,23.214285714285715,0.34823186295174846
row359_Perovskite--Orthorhombic,row359_Perovskite--Orthorhombic.vasp,row359_Perovskite--Orthorhombic_relaxed.vasp,360,360,0.0676279806852348,Perovskite--Orthorhombic,2.85,3.845057970662599,0.023729116029906946,0.017588286366871295,0.12219988676127361,-0.7135428282434044,-0.8033106179351797,19.940476190476193,0.2279173371392009
row360_Perovskite--Orthorhombic,row360_Perovskite--Orthorhombic.vasp,row360_Perovskite--Orthorhombic_relaxed.vasp,360,360,0.0761037711833172,Perovskite--Orthorhombic,2.85,3.8556999778321264,0.026703077608181473,0.019737990927942133,0.1410617366469917,-0.6136209156690943,-0.6439727121384347,23.511904761904763,0.3760409318978737
row361_Perovskite--Orthorhombic,row361_Perovskite--Orthorhombic.vasp,row361_Perovskite--Orthorhombic_relaxed.vasp,360,360,0.0768208763098271,Perovskite--Orthorhombic,2.85,3.8553257145356112,0.026954693442044597,0.019925910804420962,0.14265756764960663,-0.6051668940915289,-0.6304917242447332,24.25595238095238,0.3885731186222332
row362_Perovskite--Orthorhombic,row362_Perovskite--Orthorhombic.vasp,row362_Perovskite--Orthorhombic_relaxed.vasp,360,360,0.0820661495668373,Perovskite--Orthorhombic,2.85,3.8587751502311365,0.02879514019889028,0.021267409053860428,0.15433029089656297,-0.5433298611995621,-0.531884891490577,27.083333333333332,0.48023993489095335
row363_Perovskite--Orthorhombic,row363_Perovskite--Orthorhombic.vasp,row363_Perovskite--Orthorhombic_relaxed.vasp,360,360,0.0682372964432109,Perovskite--Orthorhombic,2.85,3.83125114922628,0.02394291103270558,0.01781070824787652,0.12355584551963932,-0.7063595459392451,-0.7918559817137165,20.535714285714285,0.23856578821110325
row364_Perovskite--Orthorhombic,row364_Perovskite--Orthorhombic.vasp,row364_Perovskite--Orthorhombic_relaxed.vasp,360,360,0.0643524885528519,Perovskite--Orthorhombic,2.85,3.828848793926045,0.022579820544860317,0.01680726819375539,0.11491067392421317,-0.7521579212620266,-0.8648871820262443,18.154761904761905,0.17067457384035875
row365_Perovskite--Orthorhombic,row365_Perovskite--Orthorhombic.vasp,row365_Perovskite--Orthorhombic_relaxed.vasp,360,360,0.1113283105602917,Perovskite--Orthorhombic,2.85,3.841791775487089,0.03906256510887428,0.02897822606384666,0.2194497022500086,-0.1983554197967377,0.01821972150559231,50.595238095238095,0.9916278081209633
row366_Perovskite--Orthorhombic,row366_Perovskite--Orthorhombic.vasp,row366_Perovskite--Orthorhombic_relaxed.vasp,360,360,0.0631116102777844,Perovskite--Orthorhombic,2.85,3.840060964351652,0.02214442465887172,0.016435054251395208,0.11214924892720939,-0.7667867550616241,-0.8882146752839721,17.559523809523807,0.1489888855493936
row367_Perovskite--Orthorhombic,row367_Perovskite--Orthorhombic.vasp,row367_Perovskite--Orthorhombic_relaxed.vasp,360,360,0.0774350478430308,Perovskite--Orthorhombic,2.85,3.8252915457852823,0.027170192225624844,0.020242914014841292,0.14402433235031395,-0.5979263665843548,-0.6189458034338314,24.553571428571427,0.39930642961159285
row368_Perovskite--Orthorhombic,row368_Perovskite--Orthorhombic.vasp,row368_Perovskite--Orthorhombic_relaxed.vasp,360,360,0.0591569091498944,Perovskite--Orthorhombic,2.85,3.838794125882002,0.020756810228033124,0.0154102843783795,0.10334853835820491,-0.8134091085103029,-0.9625598111049418,15.625,0.07987621135201037
row369_Perovskite--Orthorhombic,row369_Perovskite--Orthorhombic.vasp,row369_Perovskite--Orthorhombic_relaxed.vasp,360,360,0.0567423028451815,Perovskite--Orthorhombic,2.85,3.838486914521508,0.01990957994567772,0.014782466140634165,0.09797512313954096,-0.8418751353824262,-1.0079524281125962,13.988095238095239,0.037678357846552796
row370_Perovskite--Orthorhombic,row370_Perovskite--Orthorhombic.vasp,row370_Perovskite--Orthorhombic_relaxed.vasp,360,360,0.0659467080821924,Perovskite--Orthorhombic,2.85,3.850176291394964,0.02313919581831312,0.017128230785063387,0.11845841728267677,-0.7333635132984202,-0.834917163153921,18.898809523809522,0.1985352822396307
row371_Perovskite--Orthorhombic,row371_Perovskite--Orthorhombic.vasp,row371_Perovskite--Orthorhombic_relaxed.vasp,360,360,0.0643524056637389,Perovskite--Orthorhombic,2.85,3.84562283897656,0.022579791460961018,0.01673393579097452,0.11491048946448555,-0.7521588984497832,-0.8648887402735466,18.00595238095238,0.17067312526356967
row372_Perovskite--Orthorhombic,row372_Perovskite--Orthorhombic.vasp,row372_Perovskite--Orthorhombic_relaxed.vasp,360,360,0.0749283686934417,Perovskite--Orthorhombic,2.85,3.8306844915046314,0.02629065568190937,0.019560046999331716,0.13844602011596766,-0.6274778491149525,-0.6660693143665589,23.363095238095237,0.35549950368205796
row373_Perovskite--Orthorhombic,row373_Perovskite--Orthorhombic.vasp,row373_Perovskite--Orthorhombic_relaxed.vasp,360,360,0.0674967130604479,Perovskite--Orthorhombic,2.85,3.8459819706420917,0.023683057214192244,0.017549929660533283,0.12190776648834502,-0.7150903549467559,-0.8057783415577953,19.791666666666664,0.22562329359679995
row374_Pyrite,row374_Pyrite.vasp,row374_Pyrite_relaxed.vasp,432,432,0.0680096646690539,Pyrite,2.25,3.871429126718031,0.03022651763069062,0.017567069535044923,0.12304927845025027,-0.7090431189041029,-0.7961352722642772,20.238095238095237,0.0
row375_Pyrite,row375_Pyrite.vasp,row375_Pyrite_relaxed.vasp,432,432,0.0978665481546973,Pyrite,2.25,3.8665558344896143,0.043496243624309906,0.02531103968077463,0.18949217300846208,-0.3570574366165574,-0.23485036446763394,38.24404761904761,0.9132186605047627
row376_Pyrite,row376_Pyrite.vasp,row376_Pyrite_relaxed.vasp,432,432,0.0951740622958873,Pyrite,2.25,3.8686509235005606,0.04229958324261658,0.02460135695307675,0.18350037034418165,-0.3887994123830003,-0.28546688905341705,36.160714285714285,0.8308648431482796
row377_Pyrite,row377_Pyrite.vasp,row377_Pyrite_relaxed.vasp,432,432,0.1007037879682215,Pyrite,2.25,3.8685465484527923,0.04475723909698734,0.026031427231629805,0.1958061081469703,-0.3236089425010576,-0.18151258432401476,40.625,1.0
row378_pyrochlore,row378_pyrochlore.vasp,row378_pyrochlore_relaxed.vasp,352,352,0.1734738713530778,pyrochlore,4.35,3.7922452973841376,0.039879050885765016,0.04574436982563833,0.3577471553315237,0.5342845969454371,1.1865052653173647,82.58928571428571,0.7160035768447184
row379_pyrochlore,row379_pyrochlore.vasp,row379_pyrochlore_relaxed.vasp,352,352,0.1800841156413931,pyrochlore,2.1500000000000004,3.7948896853285037,0.08376005378669445,0.0474543743228215,0.3724574570434805,0.6122134051222451,1.310772433311117,85.41666666666666,0.7581682235138583
row380_pyrochlore,row380_pyrochlore.vasp,row380_pyrochlore_relaxed.vasp,352,352,0.1704231573430916,pyrochlore,4.35,3.7894157454419073,0.03917773732025095,0.044973465249381735,0.35095815910590494,0.498319434915532,1.1291543454655861,81.54761904761905,0.6965440421120851
row381_pyrochlore,row381_pyrochlore.vasp,row381_pyrochlore_relaxed.vasp,352,352,0.1634502705040857,pyrochlore,4.35,3.785143589946396,0.03757477482852545,0.04318205283895199,0.33544084011870423,0.4161153986931477,0.9980697951175974,78.86904761904762,0.652066213909837
row382_pyrochlore,row382_pyrochlore.vasp,row382_pyrochlore_relaxed.vasp,352,352,0.1661823477583175,pyrochlore,4.35,3.7874624947634286,0.038202838565130466,0.04387696194697171,0.3415207486602337,0.44832412124302373,1.0494306054470535,79.61309523809523,0.6694932660841579
row383_pyrochlore,row383_pyrochlore.vasp,row383_pyrochlore_relaxed.vasp,352,352,0.1686978454247884,pyrochlore,4.35,3.7884337770324064,0.03878111389075596,0.0445297068270082,0.34711868544071256,0.477979566120626,1.0967198972603371,80.80357142857143,0.6855388259269733
row384_pyrochlore,row384_pyrochlore.vasp,row384_pyrochlore_relaxed.vasp,352,352,0.1715891359099963,pyrochlore,4.35,3.7898256984807075,0.03944577837011409,0.045276260588655616,0.35355290383253507,0.5120652688235469,1.1510737856755013,82.14285714285714,0.7039814486817985
row385_pyrochlore,row385_pyrochlore.vasp,row385_pyrochlore_relaxed.vasp,352,352,0.1726235814678012,pyrochlore,4.35,3.7907256945793986,0.03968358194662097,0.045538399603708264,0.35585493770544385,0.5242604473869211,1.1705205132555037,82.29166666666666,0.7105798480057699
row386_pyrochlore,row386_pyrochlore.vasp,row386_pyrochlore_relaxed.vasp,352,352,0.1745050108830648,pyrochlore,4.35,3.7916495258313567,0.04011609445587697,0.046023507630179206,0.36004183203810874,0.5464408004276478,1.2058898422874471,82.73809523809523,0.7225808880683503
row387_pyrochlore,row387_pyrochlore.vasp,row387_pyrochlore_relaxed.vasp,352,352,0.1752247681099525,pyrochlore,4.35,3.7920208770118284,0.0402815558873454,0.04620880891563876,0.3616435649703689,0.5549260878726444,1.2194206874918327,82.88690476190477,0.7271719905806925
row388_pyrochlore,row388_pyrochlore.vasp,row388_pyrochlore_relaxed.vasp,352,352,0.1187931685626135,pyrochlore,1.95,3.7591807574836165,0.06091957362185308,0.03160081310964501,0.23606184374758937,-0.11035148802702306,0.15855292599302426,56.69642857142857,0.367212758802533
row389_pyrochlore,row389_pyrochlore.vasp,row389_pyrochlore_relaxed.vasp,352,352,0.1117302060185822,pyrochlore,1.95,3.7593273307158106,0.057297541547990875,0.02972079741651753,0.22034407213866292,-0.19361743543334395,0.02577502631022614,50.74404761904761,0.32216036631639255
row390_pyrochlore,row390_pyrochlore.vasp,row390_pyrochlore_relaxed.vasp,352,352,0.1104079619670735,pyrochlore,1.95,3.7599791444320827,0.05661946767542231,0.029363982545107924,0.21740157741590127,-0.20920549822779902,0.0009179232273613735,50.148809523809526,0.31372619190308276
row391_pyrochlore,row391_pyrochlore.vasp,row391_pyrochlore_relaxed.vasp,352,352,0.110873975087628,pyrochlore,1.95,3.7593771320146407,0.056858448762886156,0.029492644976592416,0.2184386334316986,-0.20371162455299982,0.009678587465081658,50.297619047619044,0.316698741435949
row392_pyrochlore,row392_pyrochlore.vasp,row392_pyrochlore_relaxed.vasp,352,352,0.1770538029895862,pyrochlore,2.6500000000000004,3.787472281475884,0.06681275584512686,0.04674722079301732,0.36571386158083835,0.5764887566737988,1.253805042250952,83.77976190476191,0.7388388225586893
row393_pyrochlore,row393_pyrochlore.vasp,row393_pyrochlore_relaxed.vasp,352,352,0.1425062418543641,pyrochlore,4.35,3.768612389010419,0.032760055598704395,0.037813982215290684,0.28883242943623105,0.1692042226600913,0.6043392439968862,70.83333333333334,0.5184709140500612
row394_pyrochlore,row394_pyrochlore.vasp,row394_pyrochlore_relaxed.vasp,352,352,0.1768569996601281,pyrochlore,4.35,3.7904418686695265,0.04065678153106394,0.046658676161733685,0.36527589949835315,0.5741686232201825,1.250105301161696,83.63095238095238,0.7375834766912788
row395_pyrochlore,row395_pyrochlore.vasp,row395_pyrochlore_relaxed.vasp,352,352,0.1481274373458906,pyrochlore,4.35,3.774840924179997,0.034052284447331174,0.03924070982622085,0.3013417222937452,0.23547303907249476,0.7100131062633704,73.66071428571429,0.5543267329004083
row396_pyrochlore,row396_pyrochlore.vasp,row396_pyrochlore_relaxed.vasp,352,352,0.1433810713165475,pyrochlore,4.35,3.770004430367269,0.032961165819895985,0.03803206971366331,0.290779256932149,0.1795176716602167,0.620785319966453,71.42857142857143,0.524051173048041
row397_pyrochlore,row397_pyrochlore.vasp,row397_pyrochlore_relaxed.vasp,352,352,0.1174528599362823,pyrochlore,1.95,3.7595919311973676,0.060232235864760154,0.031240853285605257,0.23307914849148179,-0.12615251583831227,0.1333562237279973,55.35714285714286,0.3586633562098402
row398_pyrochlore,row398_pyrochlore.vasp,row398_pyrochlore_relaxed.vasp,352,352,0.1129691126677505,pyrochlore,1.95,3.7579884021155823,0.05793287829115411,0.030061059423215318,0.22310110951993342,-0.17901184532184528,0.04906545461904307,51.636904761904766,0.330062957936277
row399_pyrochlore,row399_pyrochlore.vasp,row399_pyrochlore_relaxed.vasp,352,352,0.0953922736678559,pyrochlore,1.95,3.7533454897069105,0.04891911470146456,0.025415265908629383,0.1839859734442535,-0.3862268974491426,-0.28136469433324596,36.75595238095239,0.2179458902961342
row400_pyrochlore,row400_pyrochlore.vasp,row400_pyrochlore_relaxed.vasp,352,352,0.0762847621831625,pyrochlore,1.95,3.747673767674302,0.039120390863160256,0.020355230180694895,0.14146451029630744,-0.6114871952960658,-0.6405702298696794,23.660714285714285,0.09606514953398584
row401_pyrochlore,row401_pyrochlore.vasp,row401_pyrochlore_relaxed.vasp,352,352,0.0612244176486511,pyrochlore,1.95,3.747722842850725,0.031397137255718514,0.01633643153880622,0.10794952925690848,-0.7890350511871363,-0.9236923480071462,16.964285714285715,0.0
row402_pyrochlore,row402_pyrochlore.vasp,row402_pyrochlore_relaxed.vasp,352,352,0.0913683048830781,pyrochlore,1.95,3.752765026023959,0.04685554096568108,0.02434692933063344,0.1750311160559702,-0.4336658539931122,-0.3570120052599412,33.482142857142854,0.19227827278951307
row403_pyrochlore,row403_pyrochlore.vasp,row403_pyrochlore_relaxed.vasp,352,352,0.1555126775657332,pyrochlore,4.35,3.781529699632659,0.035750040819708784,0.04112427771778173,0.31777668401538695,0.32253834911695006,0.8488495617776788,76.63690476190477,0.6014348322163184
row404_pyrochlore,row404_pyrochlore.vasp,row404_pyrochlore_relaxed.vasp,352,352,0.151366923582392,pyrochlore,4.35,3.778482317505809,0.03479699392698667,0.040060243998259575,0.3085508083505046,0.2736636551079678,0.770912789059718,74.40476190476191,0.5749903856481703
row405_pyrochlore,row405_pyrochlore.vasp,row405_pyrochlore_relaxed.vasp,352,352,0.1304322535653597,pyrochlore,2.6500000000000004,3.775470834109659,0.049219718326550824,0.03454728146406634,0.26196322417677537,0.026862808899321886,0.3773581725535031,64.28571428571429,0.44145478153085693
row406_pyrochlore,row406_pyrochlore.vasp,row406_pyrochlore_relaxed.vasp,352,352,0.1452752565036268,pyrochlore,1.95,3.781480805788186,0.07450013154032144,0.03841755755609253,0.2949945376971141,0.20184840372653096,0.6563944470406432,72.76785714285714,0.5361335781234928
row407_pyrochlore,row407_pyrochlore.vasp,row407_pyrochlore_relaxed.vasp,352,352,0.1533541855301779,pyrochlore,4.35,3.7821981245062615,0.03525383575406389,0.040546312086757005,0.31297322022479734,0.29709167809341575,0.8082716828527401,75.44642857142857,0.5876664977875561
row408_pyrochlore,row408_pyrochlore.vasp,row408_pyrochlore_relaxed.vasp,352,352,0.1875415900405697,pyrochlore,2.1500000000000004,3.7971645462338026,0.08722864653049751,0.0493899033758181,0.38905316722245187,0.7001302908815463,1.4509668321186946,86.90476190476191,0.8057370816937693
row409_pyrochlore,row409_pyrochlore.vasp,row409_pyrochlore_relaxed.vasp,352,352,0.1422513008407267,pyrochlore,1.95,3.7799780127203824,0.07294938504652652,0.03763283817049269,0.2882650889468656,0.16619869843411542,0.5995465621551308,70.68452380952381,0.5168447263794337
row410_pyrochlore,row410_pyrochlore.vasp,row410_pyrochlore_relaxed.vasp,352,352,0.2085309199694632,pyrochlore,1.95,3.7873440118937425,0.10693893331767344,0.05505993628109686,0.43576239044005854,0.9475755280688922,1.8455490101118257,90.02976190476191,0.9396213440103973
row411_pyrochlore,row411_pyrochlore.vasp,row411_pyrochlore_relaxed.vasp,352,352,0.1458669866780259,pyrochlore,4.35,3.7753644593308877,0.03353264061563814,0.03863653118774076,0.29631136185940204,0.20882436788789907,0.6675184887222805,73.06547619047619,0.5399080367726398
row412_pyrochlore,row412_pyrochlore.vasp,row412_pyrochlore_relaxed.vasp,352,352,0.2089100582014813,pyrochlore,1.95,3.7929970441973837,0.10713336318024683,0.05507783311381084,0.4366061168653259,0.9520452252944033,1.8526764977380137,90.17857142857143,0.9420397462500943
row413_pyrochlore,row413_pyrochlore.vasp,row413_pyrochlore_relaxed.vasp,352,352,0.1244798639296665,pyrochlore,1.95,3.77523127438422,0.06383582765623924,0.032972778323354636,0.24871689868121827,-0.043310487257600616,0.26545813216763187,60.416666666666664,0.40348638053398256
row414_pyrochlore,row414_pyrochlore.vasp,row414_pyrochlore_relaxed.vasp,352,352,0.1462709579979104,pyrochlore,4.35,3.7757994541841895,0.03362550758572653,0.03873906963883338,0.29721035132776147,0.2135868247840625,0.6751128180213479,73.21428571428571,0.5424848413844611
row415_pyrochlore,row415_pyrochlore.vasp,row415_pyrochlore_relaxed.vasp,352,352,0.1627426598883259,pyrochlore,4.35,3.7841987340385153,0.03741210572145423,0.04300584385922199,0.33386613800507586,0.4077733088195717,0.9847672962344287,78.27380952380952,0.6475525907680139
row416_pyrochlore,row416_pyrochlore.vasp,row416_pyrochlore_relaxed.vasp,352,352,0.2092280765798942,pyrochlore,1.95,3.7974923821460824,0.10729644952815087,0.055096378221475936,0.43731382842519523,0.955794374664245,1.858654982273781,90.32738095238095,0.9440682843759507
row417_pyrochlore,row417_pyrochlore.vasp,row417_pyrochlore_relaxed.vasp,352,352,0.2158048723140336,pyrochlore,2.45,3.805354922894839,0.08808362135266677,0.05671083951082935,0.4519496944124957,1.0333288546061992,1.9822933448982263,91.36904761904762,0.9860195733525597
row418_pyrochlore,row418_pyrochlore.vasp,row418_pyrochlore_relaxed.vasp,352,352,0.1189351200589099,pyrochlore,1.95,3.7629170922806225,0.06099236926097944,0.031607159324051406,0.23637773968848144,-0.10867800813084938,0.16122149763241284,56.845238095238095,0.36811822226567203
row419_pyrochlore,row419_pyrochlore.vasp,row419_pyrochlore_relaxed.vasp,352,352,0.2052130598064832,pyrochlore,4.35,3.784109203877781,0.0471754160474674,0.05423021608260943,0.42837889265892626,0.9084609542466532,1.7831759618144083,89.13690476190477,0.9184577689036563
row420_pyrochlore,row420_pyrochlore.vasp,row420_pyrochlore_relaxed.vasp,352,352,0.2069447247134167,pyrochlore,1.95,3.7871288219300694,0.10612549985303421,0.054644226389940855,0.4322325041343793,0.9288757190379443,1.815729840992395,89.58333333333334,0.9295035087833861
row421_pyrochlore,row421_pyrochlore.vasp,row421_pyrochlore_relaxed.vasp,352,352,0.2093483675528344,pyrochlore,1.95,3.7888105449143192,0.10735813720658174,0.055254377349070814,0.43758152148281837,0.9572124965591088,1.8609163538495506,90.47619047619048,0.9448355822472981
row422_pyrochlore,row422_pyrochlore.vasp,row422_pyrochlore_relaxed.vasp,352,352,0.2102046402828832,pyrochlore,1.95,3.795690333117507,0.10779725142711959,0.055379818118680986,0.4394870532086283,0.9673071784523267,1.8770135784833715,90.625,0.9502974737508765
row423_pyrochlore,row423_pyrochlore.vasp,row423_pyrochlore_relaxed.vasp,352,352,0.2122128498756939,pyrochlore,1.95,3.799563780051507,0.10882710250035585,0.055851898312605015,0.4439560815414103,0.9909821552476028,1.9147662708123978,91.22023809523809,0.9631072042578289
row424_pyrochlore,row424_pyrochlore.vasp,row424_pyrochlore_relaxed.vasp,352,352,0.2116497026930739,pyrochlore,1.95,3.8005513565603177,0.10853830907337124,0.055689210021523584,0.442702865381272,0.9843431587361913,1.90417956591988,91.07142857142857,0.9595150674256294
row425_pyrochlore,row425_pyrochlore.vasp,row425_pyrochlore_relaxed.vasp,352,352,0.2179966145126488,pyrochlore,2.45,3.8119966739641895,0.08897821000516276,0.05718698969533694,0.4568271524322316,1.0591675150125648,2.0234962996022987,91.81547619047619,1.0
row426_pyrochlore,row426_pyrochlore.vasp,row426_pyrochlore_relaxed.vasp,352,352,0.1713707669218487,pyrochlore,1.95,3.7816114799873626,0.08788244457530703,0.045316862355839205,0.3530669499766595,0.5094908957373359,1.1469686279005107,81.99404761904762,0.7025885423341439
row427_pyrochlore,row427_pyrochlore.vasp,row427_pyrochlore_relaxed.vasp,352,352,0.1768009189990083,pyrochlore,1.95,3.7890729159470613,0.09066713794820938,0.04666073282857839,0.3651510987482906,0.5735074828912903,1.249051030754641,83.48214285714286,0.7372257559841532
row428_pyrochlore,row428_pyrochlore.vasp,row428_pyrochlore_relaxed.vasp,352,352,0.129151038153728,pyrochlore,1.95,3.7765498739077317,0.06623130161729641,0.03419815505311751,0.25911203374551905,0.01175843670195739,0.35327237423060953,63.69047619047619,0.4332823157667701
row429_pyrochlore,row429_pyrochlore.vasp,row429_pyrochlore_relaxed.vasp,352,352,0.1660930669939601,pyrochlore,4.35,3.7866416675303003,0.038182314251485085,0.04386289529800909,0.34132206508312396,0.4472715816913787,1.0477522003444426,79.46428571428571,0.668923772474045
row430_pyrochlore,row430_pyrochlore.vasp,row430_pyrochlore_relaxed.vasp,352,352,0.153883314809819,pyrochlore,4.35,3.783158076106636,0.03537547466892391,0.04067588816383402,0.3141507336431607,0.3033296342619605,0.8182188790856848,75.89285714285714,0.5910416452322279
row431_pyrochlore,row431_pyrochlore.vasp,row431_pyrochlore_relaxed.vasp,352,352,0.1402390900711825,pyrochlore,4.35,3.768094450856645,0.03223887128073161,0.03721750924775792,0.2837871564776575,0.1424765513799884,0.5617186509870371,69.19642857142857,0.5040094736382232
row432_pyrochlore,row432_pyrochlore.vasp,row432_pyrochlore_relaxed.vasp,352,352,0.1361092659568842,pyrochlore,4.35,3.7657051882052297,0.031289486426869934,0.03614442957011065,0.2745967308157753,0.09378965613528471,0.48408134673440534,67.55952380952381,0.47766663863999337
row433_pyrochlore,row433_pyrochlore.vasp,row433_pyrochlore_relaxed.vasp,352,352,0.1371560150209136,pyrochlore,4.35,3.7668429936126775,0.031530118395612323,0.03641139682579946,0.2769261446584376,0.1061298819215227,0.5037593701346867,68.15476190476191,0.484343518118422
row434_pyrochlore,row434_pyrochlore.vasp,row434_pyrochlore_relaxed.vasp,352,352,0.164271107522262,pyrochlore,1.95,3.7872320159770028,0.08424159360116001,0.04337497856726492,0.33726751393998206,0.4257923255575537,1.013500857448155,79.16666666666666,0.6573020722737305
row435_pyrochlore,row435_pyrochlore.vasp,row435_pyrochlore_relaxed.vasp,352,352,0.1363741352203308,pyrochlore,1.95,3.777645290508224,0.069935453959144,0.03610030183696356,0.27518616542811036,0.09691222545689794,0.4890606715250613,67.70833333333334,0.4793561554595885
row436_pyrochlore,row436_pyrochlore.vasp,row436_pyrochlore_relaxed.vasp,352,352,0.0888167568843244,pyrochlore,1.95,3.7572678772946633,0.04554705481247406,0.02363865441190606,0.16935295360733663,-0.46374629971888903,-0.4049790137358198,30.952380952380953,0.17600275933882642
row437_pyrochlore,row437_pyrochlore.vasp,row437_pyrochlore_relaxed.vasp,352,352,0.1103103062971369,pyrochlore,2.6500000000000004,3.766576638243355,0.04162653067816486,0.029286622015630377,0.2171842564961298,-0.21035677034996852,-0.0009179232273613735,50.0,0.31310327743297856
row438_pyrochlore,row438_pyrochlore.vasp,row438_pyrochlore_relaxed.vasp,352,352,0.0961193555899075,pyrochlore,1.95,3.759983694296004,0.04929197722559359,0.0255637692620112,0.18560400660251283,-0.377655258465612,-0.2676961508707116,36.904761904761905,0.22258371471013003
row439_pyrochlore,row439_pyrochlore.vasp,row439_pyrochlore_relaxed.vasp,352,352,0.1374427920896205,pyrochlore,1.95,3.778955626017104,0.07048348312288231,0.03637057581289482,0.2775643324501061,0.10951072447469018,0.5091505436858296,68.30357142857143,0.486172777862455
row440_pyrochlore,row440_pyrochlore.vasp,row440_pyrochlore_relaxed.vasp,352,352,0.1407080236727386,pyrochlore,1.95,3.774497916047372,0.07215796085781467,0.03727860679814259,0.2848307116718216,0.148004854887307,0.5705342178709261,69.64285714285714,0.5070006519908677
row441_pyrochlore,row441_pyrochlore.vasp,row441_pyrochlore_relaxed.vasp,352,352,0.1081892110322198,pyrochlore,1.95,3.7669577256403177,0.055481646683189646,0.02872058008397997,0.2124640147099241,-0.23536256723354892,-0.04079277355356349,47.61904761904761,0.2995734851142731
row442_pyrochlore,row442_pyrochlore.vasp,row442_pyrochlore_relaxed.vasp,352,352,0.1445064097150657,pyrochlore,1.95,3.778572736555684,0.07410585113593113,0.038243649068084085,0.29328356186374055,0.1927843946990518,0.6419407583616232,72.02380952380952,0.5312293489046596
row443_pyrochlore,row443_pyrochlore.vasp,row443_pyrochlore_relaxed.vasp,352,352,0.1623490574719555,pyrochlore,2.1500000000000004,3.783922403762921,0.07551118952183976,0.04290496478218145,0.33299022328137967,0.4031330919281208,0.9773678938122962,78.125,0.6450419260950434
row444_pyrochlore,row444_pyrochlore.vasp,row444_pyrochlore_relaxed.vasp,352,352,0.14357627400239,pyrochlore,4.35,3.772915093703553,0.03300604000054943,0.03805446728499084,0.29121365697524626,0.18181893497169635,0.6244549702692868,71.57738095238095,0.5252963089187327
row445_pyrochlore,row445_pyrochlore.vasp,row445_pyrochlore_relaxed.vasp,352,352,0.2110967186821079,pyrochlore,1.95,3.792774646284325,0.1082547275292861,0.05565759592094759,0.4414722661343459,0.9778239768367285,1.893783920314158,90.77380952380952,0.955987758234155
row446_pyrochlore,row446_pyrochlore.vasp,row446_pyrochlore_relaxed.vasp,352,352,0.1061957315279838,pyrochlore,1.95,3.7601687814120117,0.054459349501530155,0.028242277860757455,0.20802776641335963,-0.25886388959233253,-0.07826855230547608,45.089285714285715,0.2868577131590878
row447_pyrochlore,row447_pyrochlore.vasp,row447_pyrochlore_relaxed.vasp,352,352,0.1346091701933217,pyrochlore,1.95,3.776934709111521,0.06903034368888292,0.035639792731547354,0.2712584485501956,0.07610488233469379,0.4558807774170425,66.81547619047619,0.4680980047012609
row448_pyrochlore,row448_pyrochlore.vasp,row448_pyrochlore_relaxed.vasp,352,352,0.1159169722923656,pyrochlore,2.6500000000000004,3.7586184045120463,0.0437422536952323,0.03084031413064244,0.22966121571135462,-0.1442592435723365,0.10448279643220097,53.720238095238095,0.34886641724591727
row449_pyrochlore,row449_pyrochlore.vasp,row449_pyrochlore_relaxed.vasp,352,352,0.144955217163267,pyrochlore,4.35,3.7707177791298387,0.03332303842833725,0.03844234059774106,0.2942823287300854,0.19807542904116018,0.6503779700787554,72.32142857142857,0.5340921489239171
row450_pyrochlore,row450_pyrochlore.vasp,row450_pyrochlore_relaxed.vasp,352,352,0.1520388642014382,pyrochlore,1.95,3.784089476242303,0.07796864830842984,0.040178453801366414,0.310046131186933,0.28158522794611796,0.7835447212768736,74.70238095238095,0.5792764812217949
row451_pyrochlore,row451_pyrochlore.vasp,row451_pyrochlore_relaxed.vasp,352,352,0.1549212732249257,pyrochlore,1.95,3.782468361335431,0.07944680678201317,0.0409577181949592,0.31646058495647356,0.31556622623925445,0.8377316455001713,76.33928571428571,0.5976624519560574
row452_pyrochlore,row452_pyrochlore.vasp,row452_pyrochlore_relaxed.vasp,352,352,0.1342955281259218,pyrochlore,1.95,3.7785017575209667,0.06886950160303681,0.03554200493849488,0.270560475942864,0.07240732571794534,0.44998456393694675,66.51785714285714,0.46609738167196196
row453_pyrochlore,row453_pyrochlore.vasp,row453_pyrochlore_relaxed.vasp,352,352,0.2052071922241511,pyrochlore,2.25,3.7852673042975704,0.09120319654406715,0.05421207426782539,0.42836583506186027,0.9083917807519871,1.7830656560817342,88.98809523809523,0.9184203414614855
row454_pyrochlore,row454_pyrochlore.vasp,row454_pyrochlore_relaxed.vasp,352,352,0.137480021649651,pyrochlore,1.95,3.7780230199212137,0.07050257520494924,0.03638940814408219,0.277647182347442,0.1099496273526446,0.509850428862361,68.45238095238095,0.4864102533892079
row455_pyrochlore,row455_pyrochlore.vasp,row455_pyrochlore_relaxed.vasp,352,352,0.1865617086119994,pyrochlore,1.95,3.7821860680803945,0.09567267108307662,0.04932642267033855,0.38687255924073294,0.6885783741062386,1.4325458653908314,86.75595238095238,0.7994867296021905
row456_pyrochlore,row456_pyrochlore.vasp,row456_pyrochlore_relaxed.vasp,352,352,0.2079064570348296,pyrochlore,1.95,3.788832992581133,0.10661869591529724,0.05487348147620353,0.43437272346623246,0.9402136742365595,1.8338096193995703,89.73214285714286,0.9356380934906936
row457_pyrochlore,row457_pyrochlore.vasp,row457_pyrochlore_relaxed.vasp,352,352,0.1145774621014267,pyrochlore,1.95,3.769009220944815,0.05875767287252652,0.030399889038399443,0.22668029727695074,-0.1600508585516916,0.07930110409732204,52.529761904761905,0.3403221076187393
row459_pyrochlore,row459_pyrochlore.vasp,row459_pyrochlore_relaxed.vasp,352,352,0.205759338742808,pyrochlore,2.25,3.787211028907127,0.09144859499680355,0.05433004318277554,0.42959457057062306,0.9149010893737524,1.7934455575193236,89.43452380952381,0.9219423085557905
row460_pyrochlore,row460_pyrochlore.vasp,row460_pyrochlore_relaxed.vasp,352,352,0.1433196609221216,pyrochlore,1.95,3.781524604207572,0.0734972620113444,0.037899967849648455,0.290642595503183,0.17879369859075858,0.6196308549470319,71.27976190476191,0.523659455666679
row461_pyrochlore,row461_pyrochlore.vasp,row461_pyrochlore_relaxed.vasp,352,352,0.2114459239629737,pyrochlore,1.95,3.7929754103032303,0.10843380716049934,0.05574671625568741,0.44224938038563394,0.9819407916108852,1.900348693022841,90.92261904761905,0.958215227695266
row462_pyrochlore,row462_pyrochlore.vasp,row462_pyrochlore_relaxed.vasp,352,352,0.1470321296558048,pyrochlore,4.35,3.775072184802019,0.03380048957604709,0.03894816375902381,0.298904247083174,0.22256035095502857,0.6894222205423484,73.51190476190477,0.5473401133849851
row463_pyrochlore,row463_pyrochlore.vasp,row463_pyrochlore_relaxed.vasp,352,352,0.116210339269772,pyrochlore,2.6500000000000004,3.768936293760916,0.0438529582150083,0.030833723420092347,0.2303140685503339,-0.14080071194921237,0.10999785485895584,54.166666666666664,0.3507377119223637
row464_pyrochlore,row464_pyrochlore.vasp,row464_pyrochlore_relaxed.vasp,352,352,0.1775842261363562,pyrochlore,1.95,3.7866815830404223,0.0910688339160801,0.046897058081595895,0.36689425434450434,0.5827419663668573,1.2637765621241215,83.92857142857143,0.7422222231704071
row465_pyrochlore,row465_pyrochlore.vasp,row465_pyrochlore_relaxed.vasp,352,352,0.1231262988033248,pyrochlore,1.95,3.7734849617756265,0.06314169169401272,0.03262933337499967,0.24570470268258235,-0.0592677972275144,0.24001221858121316,59.226190476190474,0.3948524189424643
row466_pyrochlore,row466_pyrochlore.vasp,row466_pyrochlore_relaxed.vasp,352,352,0.1595675761200402,pyrochlore,4.35,3.7830964108991254,0.03668220140690579,0.04217909320532381,0.32680037187676786,0.3703419397003686,0.9250783269893369,77.52976190476191,0.6272997408890257
row467_pyrochlore,row467_pyrochlore.vasp,row467_pyrochlore_relaxed.vasp,352,352,0.1780254366466512,pyrochlore,2.45,3.7906977501300934,0.07266344352924538,0.04696376455773651,0.3678761151414493,0.5879434396744547,1.272070957642961,84.07738095238095,0.7450365647381134
row468_pyrochlore,row468_pyrochlore.vasp,row468_pyrochlore_relaxed.vasp,352,352,0.1758947268722607,pyrochlore,1.95,3.7909316517757694,0.09020242403705678,0.04639881248976544,0.36313447742356586,0.5628242964103495,1.2320153624287042,83.03571428571429,0.7314454445202926
row469_pyrochlore,row469_pyrochlore.vasp,row469_pyrochlore_relaxed.vasp,352,352,0.1333714365985703,pyrochlore,4.35,3.762383869474477,0.030660100367487425,0.03544865203167038,0.2685040216601028,0.06151312147498189,0.4326124015686086,65.625,0.4602028956225436
row470_pyrochlore,row470_pyrochlore.vasp,row470_pyrochlore_relaxed.vasp,352,352,0.1348684112121868,pyrochlore,4.35,3.765522380408095,0.03100423246257168,0.03581665373014466,0.27183535818277327,0.07916109973749226,0.4607542958283251,67.11309523809523,0.46975162073810184
row471_pyrochlore,row471_pyrochlore.vasp,row471_pyrochlore_relaxed.vasp,352,352,0.0721367995705815,pyrochlore,1.95,3.742947718186535,0.036993230549016154,0.019272724334373527,0.13223371959333113,-0.6603879270484136,-0.7185485230048605,22.61904761904762,0.06960661482212346
row472_pyrochlore,row472_pyrochlore.vasp,row472_pyrochlore_relaxed.vasp,352,352,0.1364571739023216,pyrochlore,1.95,3.7745935853553307,0.06997803789862646,0.036151487787121815,0.27537095800347816,0.09789117649680959,0.4906217306016784,67.85714285714286,0.47988583281087827
row473_rock-salt,row473_rock-salt.vasp,row473_rock-salt_relaxed.vasp,384,384,0.2167311673648495,rock-salt,2.1500000000000004,3.8004067256096405,0.1008051941231858,0.0570284138022313,0.4540110523710632,1.0442490364000483,1.9997069316993963,91.51785714285714,0.4268731004516191
row474_rock-salt,row474_rock-salt.vasp,row474_rock-salt_relaxed.vasp,384,384,0.1795930038951238,rock-salt,2.1500000000000004,3.7808940627607925,0.08353162971866222,0.0475001417426612,0.37136454706212363,0.6064236413254596,1.3015399355068789,85.11904761904762,0.34011871549214057
row475_rock-salt,row475_rock-salt.vasp,row475_rock-salt_relaxed.vasp,384,384,0.0963491717405617,rock-salt,2.1500000000000004,3.7367832452597076,0.04481356825142404,0.02578398730051719,0.18611543473844114,-0.37494593367531315,-0.26337579583458903,37.05357142857143,0.14566194150206044
row476_rock-salt,row476_rock-salt.vasp,row476_rock-salt_relaxed.vasp,384,384,0.0704600608912297,rock-salt,3.05,3.714811994059814,0.023101659308599906,0.018967328899524166,0.12850233981528375,-0.6801551612392611,-0.7500698341789346,21.875,0.08518523293480855
row477_rock-salt,row477_rock-salt.vasp,row477_rock-salt_relaxed.vasp,384,384,0.1566298371454112,rock-salt,2.1500000000000004,3.768710197934805,0.07285108704437729,0.04156059471785385,0.3202627879717136,0.3357086512707603,0.8698512450905141,76.93452380952381,0.2864769835923596
row478_rock-salt,row478_rock-salt.vasp,row478_rock-salt_relaxed.vasp,384,384,0.1231314888193219,rock-salt,2.1500000000000004,3.7513844519740362,0.05727045991596366,0.03282294587389683,0.24571625243745934,-0.059206611627795024,0.24010978662282714,59.375,0.20822517104494395
row479_rock-salt,row479_rock-salt.vasp,row479_rock-salt_relaxed.vasp,384,384,0.0909038502157201,rock-salt,2.1500000000000004,3.720382730204251,0.0422808605654512,0.024434004995698234,0.17399752818986972,-0.439141354912699,-0.3657433718564952,33.035714285714285,0.1329417239237373
row480_rock-salt,row480_rock-salt.vasp,row480_rock-salt_relaxed.vasp,384,384,0.1221517482013064,rock-salt,2.1500000000000004,3.750667953408252,0.05681476660525878,0.032567998478859335,0.24353595781265355,-0.07075686837387594,0.22169146701783968,58.63095238095239,0.20593650658782714
row481_rock-salt,row481_rock-salt.vasp,row481_rock-salt_relaxed.vasp,384,384,0.1040626952188357,rock-salt,2.1500000000000004,3.737186603036189,0.04840125359015613,0.02784519647327549,0.2032809512728674,-0.2840104605993374,-0.1183678844639304,43.30357142857143,0.16368065655709166
row482_rock-salt,row482_rock-salt.vasp,row482_rock-salt_relaxed.vasp,424,424,0.0727257500111644,rock-salt,2.1500000000000004,3.69602175797438,0.03382593023775088,0.019676764579173375,0.13354435779314452,-0.653444733437406,-0.7074767380378089,22.767857142857142,0.0904778604571562
row483_rock-salt,row483_rock-salt.vasp,row483_rock-salt_relaxed.vasp,350,350,0.0632461818289544,rock-salt,2.1500000000000004,3.6931571078890184,0.029416828757653207,0.017125234584213358,0.11244872168997186,-0.765200278051127,-0.8856848405566866,17.708333333333336,0.06833368232622979
row484_rock-salt,row484_rock-salt.vasp,row484_rock-salt_relaxed.vasp,357,357,0.0600912876723576,rock-salt,2.1500000000000004,3.7024924357781295,0.02794943612667795,0.016229955554177545,0.10542788510835492,-0.8023936298886918,-0.9449942616704169,16.36904761904762,0.06096388057523787
row485_rock-salt,row485_rock-salt.vasp,row485_rock-salt_relaxed.vasp,425,425,0.0789400913219939,rock-salt,2.1500000000000004,3.6995921432764507,0.03671632154511343,0.021337511883697154,0.14737362516000566,-0.5801832636891724,-0.5906522211272274,25.595238095238095,0.10499450069944427
row486_rock-salt,row486_rock-salt.vasp,row486_rock-salt_relaxed.vasp,429,429,0.0733412690188498,rock-salt,2.1500000000000004,3.701974518801328,0.034112218148302224,0.019811392176355972,0.13491412113585513,-0.6461883204234597,-0.6959054858124416,22.916666666666664,0.09191570681124814
row487_rock-salt,row487_rock-salt.vasp,row487_rock-salt_relaxed.vasp,384,384,0.1345764328018874,rock-salt,2.1500000000000004,3.756987323694629,0.06259368967529647,0.03582030526244754,0.2711855954324807,0.0757189380660681,0.45526534132366964,66.66666666666666,0.2349604477344482
row488_rock-salt,row488_rock-salt.vasp,row488_rock-salt_relaxed.vasp,384,384,0.1155771271561284,rock-salt,2.1500000000000004,3.7471626586731728,0.05375680332843181,0.030843904490939003,0.22890493133344939,-0.1482657106976837,0.09809398676123339,53.57142857142857,0.19057825642607581
row489_rock-salt,row489_rock-salt.vasp,row489_rock-salt_relaxed.vasp,384,384,0.1570084467553321,rock-salt,2.1500000000000004,3.769122624325993,0.07302718453736376,0.04165649738801185,0.32110533801223595,0.34017211651932544,0.8769687950550829,77.08333333333334,0.2873614119210574
row490_rock-salt,row490_rock-salt.vasp,row490_rock-salt_relaxed.vasp,384,384,0.1759178981257738,rock-salt,2.1500000000000004,3.779005329136875,0.08182227819803431,0.04655137603787224,0.36318604225466056,0.5630974645553498,1.2324509629795077,83.18452380952381,0.3315337045251633
row491_rock-salt,row491_rock-salt.vasp,row491_rock-salt_relaxed.vasp,384,384,0.1152254337377245,rock-salt,2.1500000000000004,3.7437341250100147,0.05359322499429045,0.030778209640465924,0.228122280032048,-0.15241185836552262,0.09148243910869813,53.125,0.1897567040562932
row492_rock-salt,row492_rock-salt.vasp,row492_rock-salt_relaxed.vasp,384,384,0.1030355771329114,rock-salt,2.1500000000000004,3.729267773292959,0.04792352424786576,0.0276289028829728,0.200995223805206,-0.2961192548891963,-0.137676861585789,42.410714285714285,0.16128131880045335
row493_rock-salt,row493_rock-salt.vasp,row493_rock-salt_relaxed.vasp,384,384,0.100669446278704,rock-salt,2.1500000000000004,3.7304024144427737,0.046822998269164647,0.026986216256173378,0.19572968485729042,-0.32401379999469176,-0.18215817990480213,40.476190476190474,0.15575406037374787
row494_rock-salt,row494_rock-salt.vasp,row494_rock-salt_relaxed.vasp,384,384,0.1134171507599243,rock-salt,2.1500000000000004,3.7418597217123293,0.05275216314415083,0.030310369494028752,0.22409816427719503,-0.1737298809922315,0.05748820307422172,52.23214285714286,0.18553257278766885
row495_rock-salt,row495_rock-salt.vasp,row495_rock-salt_relaxed.vasp,384,384,0.1554237684222086,rock-salt,2.1500000000000004,3.768131614582771,0.07229012484753887,0.04124690544797173,0.31757882743563687,0.3214901906391854,0.847178142841758,76.48809523809523,0.28365961890534164
row496_rock-salt,row496_rock-salt.vasp,row496_rock-salt_relaxed.vasp,384,384,0.0433475340818596,rock-salt,2.1500000000000004,3.680635069082626,0.020161643759004463,0.011777188791678739,0.06816668017190924,-0.9997873576848257,-1.2597630885887183,9.821428571428571,0.021850636705738488
row497_rock-salt,row497_rock-salt.vasp,row497_rock-salt_relaxed.vasp,384,384,0.0858875584390594,rock-salt,3.05,3.693153160450842,0.028159855225921116,0.023255888588323444,0.16283437562070902,-0.49827890302318195,-0.46004554069129394,29.166666666666668,0.12122371562167779
row498_rock-salt,row498_rock-salt.vasp,row498_rock-salt_relaxed.vasp,384,384,0.1183568382039427,rock-salt,2.1500000000000004,3.703261520161549,0.05504969218788032,0.03196016202463054,0.23509084313971781,-0.11549542875591261,0.1503502733198751,56.398809523809526,0.1970716341213617
row499_rock-salt,row499_rock-salt.vasp,row499_rock-salt_relaxed.vasp,384,384,0.0987354361013088,rock-salt,2.1500000000000004,3.6898026829278048,0.045923458651771526,0.026759001655601723,0.19142577837780245,-0.3468140327172008,-0.21851598411497716,39.285714285714285,0.15123623160221836
row500_rock-salt,row500_rock-salt.vasp,row500_rock-salt_relaxed.vasp,384,384,0.1035030707242036,rock-salt,3.05,3.6926883061460267,0.033935433024329054,0.028029192323634638,0.20203557443013992,-0.29060792780192124,-0.1288883657131323,42.70833333333333,0.16237337923629352
row501_rock-salt,row501_rock-salt.vasp,row501_rock-salt_relaxed.vasp,384,384,0.1047823302584605,rock-salt,2.1500000000000004,3.706404571576957,0.04873596756207464,0.028270613268178372,0.20488241229210527,-0.275526613631781,-0.10483933627981522,43.898809523809526,0.1653617169387886
row502_rock-salt,row502_rock-salt.vasp,row502_rock-salt_relaxed.vasp,384,384,0.124478184731448,rock-salt,3.05,3.68787906185931,0.040812519584081317,0.03375332613773135,0.24871316182803238,-0.04333028348753599,0.26542656461914016,60.26785714285714,0.21137103946353666
row503_rock-salt,row503_rock-salt.vasp,row503_rock-salt_relaxed.vasp,384,384,0.1808654954213953,rock-salt,2.1500000000000004,3.745861633447137,0.08412348624250943,0.04828408337521892,0.37419632353828963,0.6214251667959649,1.325461731944164,85.71428571428571,0.34309124319448164
row504_rock-salt,row504_rock-salt.vasp,row504_rock-salt_relaxed.vasp,384,384,0.1605740912607423,rock-salt,2.1500000000000004,3.738646213400023,0.0746856238422057,0.04294979575366453,0.32904024997379266,0.3822078438796554,0.9439999856486057,77.82738095238095,0.29569072245099703
row505_rock-salt,row505_rock-salt.vasp,row505_rock-salt_relaxed.vasp,384,384,0.117906399808005,rock-salt,3.05,3.7012661737976376,0.038657836002624596,0.03185569323349383,0.23408844679581775,-0.1208056904983639,0.1418824011237188,56.101190476190474,0.1960194144542916
row506_rock-salt,row506_rock-salt.vasp,row506_rock-salt_relaxed.vasp,384,384,0.1628671048545232,rock-salt,2.1500000000000004,3.7220224322933944,0.07575214179280147,0.043757690292632,0.33414307527387427,0.40924040254203825,0.9871067594745017,78.42261904761905,0.3010471796757693
row507_rock-salt,row507_rock-salt.vasp,row507_rock-salt_relaxed.vasp,384,384,0.1123807683854018,rock-salt,3.05,3.696028668373406,0.0368461535689842,0.030405816206739468,0.2217918202521899,-0.18594789287490163,0.03800506492935679,51.19047619047619,0.1831115937438926
row508_rock-salt,row508_rock-salt.vasp,row508_rock-salt_relaxed.vasp,384,384,0.1197284095819551,rock-salt,2.1500000000000004,3.6924402629324318,0.055687632363700036,0.032425280046878856,0.23814310988055695,-0.09932584134643284,0.1761346896610643,57.14285714285714,0.20027561138384775
row509_rock-salt,row509_rock-salt.vasp,row509_rock-salt_relaxed.vasp,384,384,0.0949402827720144,rock-salt,2.1500000000000004,3.692659492055379,0.044158271056750874,0.02571054357334461,0.18298012219899176,-0.39155546176286377,-0.2898617522535512,35.56547619047619,0.14237079071475367
row510_rock-salt,row510_rock-salt.vasp,row510_rock-salt_relaxed.vasp,384,384,0.1146642346181364,rock-salt,3.05,3.6926122134592685,0.037594831022339806,0.031052335850538182,0.22687339905132264,-0.1590278889737531,0.08093235620252247,52.827380952380956,0.18844574842706951
row511_rock-salt,row511_rock-salt.vasp,row511_rock-salt_relaxed.vasp,384,384,0.110054323525629,rock-salt,3.05,3.6970034741146245,0.03608338476250131,0.029768520450737558,0.2166145977002211,-0.21337457596006815,-0.005730189262174726,49.851190476190474,0.17767704141024648
row512_rock-salt,row512_rock-salt.vasp,row512_rock-salt_relaxed.vasp,384,384,0.0898758976409463,rock-salt,3.05,3.687906799789438,0.029467507423261086,0.02437043627189217,0.17170994366788236,-0.45125998707218,-0.3850680366839099,31.845238095238095,0.1305404368093459
row513_rock-salt,row513_rock-salt.vasp,row513_rock-salt_relaxed.vasp,384,384,0.0951386867062206,rock-salt,3.05,3.6895902910052856,0.031193012034826426,0.025785704970591353,0.18342164623436993,-0.3892164586253232,-0.2861319211085503,36.01190476190476,0.14283426035561597
row514_rock-salt,row514_rock-salt.vasp,row514_rock-salt_relaxed.vasp,384,384,0.1968551292686639,rock-salt,2.1500000000000004,3.7171694376768016,0.091560525241239,0.05295834170844163,0.4097793259052089,0.8099285041240263,1.6260537265500883,88.39285714285714,0.38044287075349764
row515_rock-salt,row515_rock-salt.vasp,row515_rock-salt_relaxed.vasp,384,384,0.0945602323670956,rock-salt,2.1500000000000004,3.6915034215240676,0.04398150342655609,0.02561564261751534,0.18213436584290832,-0.39603591268277727,-0.2970063879817074,35.41666666666667,0.14148299670309747
row516_rock-salt,row516_rock-salt.vasp,row516_rock-salt_relaxed.vasp,384,384,0.1017405910258869,rock-salt,3.05,3.691046610855037,0.03335757082815964,0.0275641577450355,0.19811338835159106,-0.31138597114419625,-0.16202153768129263,41.36904761904761,0.15825624397849664
row517_rock-salt,row517_rock-salt.vasp,row517_rock-salt_relaxed.vasp,384,384,0.1006358211013816,rock-salt,3.05,3.6916105511570128,0.032995351180780855,0.027260681945402026,0.19565485607911576,-0.324410210456874,-0.1827903056443196,40.17857142857143,0.1556755122899112
row518_rock-salt,row518_rock-salt.vasp,row518_rock-salt_relaxed.vasp,384,384,0.1031745126360909,rock-salt,3.05,3.6914729678485605,0.033827709061013414,0.02794941573044279,0.20130440801703398,-0.2944813308270913,-0.1350649881419553,42.55952380952381,0.16160587077075203
row519_rock-salt,row519_rock-salt.vasp,row519_rock-salt_relaxed.vasp,384,384,0.1052280349356654,rock-salt,3.05,3.6900295791624376,0.0345009950608739,0.028516854046343458,0.20587427431567742,-0.2702721581565417,-0.09646045411115947,44.19642857142857,0.16640287868541068
row520_rock-salt,row520_rock-salt.vasp,row520_rock-salt_relaxed.vasp,384,384,0.1200780505376237,rock-salt,3.05,3.688186038043365,0.03936985263528646,0.0325574819976616,0.2389211936735922,-0.09520389035995905,0.1827076526985074,57.291666666666664,0.2010923692208474
row521_rock-salt,row521_rock-salt.vasp,row521_rock-salt_relaxed.vasp,384,384,0.1396739788064471,rock-salt,3.05,3.686562309554648,0.04579474714965479,0.03788732349496632,0.2825295694895673,0.13581440011487375,0.5510950229625529,68.89880952380952,0.2468682651145059
row522_rock-salt,row522_rock-salt.vasp,row522_rock-salt_relaxed.vasp,384,384,0.088426962059182,rock-salt,2.1500000000000004,3.6914362840585193,0.041128819562410227,0.023954622335228742,0.1684855122188633,-0.4683416285497054,-0.4123068365675249,30.505952380952383,0.12715573752704737
row523_rock-salt,row523_rock-salt.vasp,row523_rock-salt_relaxed.vasp,384,384,0.0979155587724724,rock-salt,3.05,3.691939726909365,0.032103461892613906,0.02652144022254678,0.1896012402294475,-0.35647964571131435,-0.23392900507350337,38.392857142857146,0.14932100621786665
row524_rock-salt,row524_rock-salt.vasp,row524_rock-salt_relaxed.vasp,384,384,0.101073189877907,rock-salt,3.05,3.692869556544383,0.033138750779641644,0.027369824016336673,0.19662816756072787,-0.3192540277196306,-0.1745681315676704,40.922619047619044,0.15669720145445143
row525_rock-salt,row525_rock-salt.vasp,row525_rock-salt_relaxed.vasp,384,384,0.151150593494371,rock-salt,2.1500000000000004,3.7036474579346126,0.07030260162528883,0.04081128001817486,0.3080693918210446,0.2711133188122182,0.7668459609339056,74.25595238095238,0.2736775242605427
row526_rock-salt,row526_rock-salt.vasp,row526_rock-salt_relaxed.vasp,384,384,0.1053451338233974,rock-salt,3.05,3.690669149184756,0.03453938813881882,0.028543640615054166,0.20613486377251747,-0.26889166806241394,-0.09425909111775306,44.345238095238095,0.1666764205365824
row527_rock-salt,row527_rock-salt.vasp,row527_rock-salt_relaxed.vasp,384,384,0.077368010872687,rock-salt,3.05,3.6939529628562386,0.02536656094186459,0.020944503530674223,0.14387514965500023,-0.5987166719005912,-0.6202060434631192,24.404761904761905,0.10132213621654196
row528_rock-salt,row528_rock-salt.vasp,row528_rock-salt_relaxed.vasp,384,384,0.0763455368017023,rock-salt,2.1500000000000004,3.69065241561444,0.035509552000791755,0.02068618992097414,0.14159975688269,-0.6107707174499175,-0.6394277169151747,23.809523809523807,0.09893364683317217
row529_rock-salt,row529_rock-salt.vasp,row529_rock-salt_relaxed.vasp,384,384,0.0780605677760722,rock-salt,3.05,3.6892732642327926,0.02559362877904007,0.02115879258196001,0.14541635154666155,-0.5905520516957327,-0.6071865420189243,24.851190476190478,0.1029399423380429
row530_rock-salt,row530_rock-salt.vasp,row530_rock-salt_relaxed.vasp,384,384,0.0897593061118515,rock-salt,3.05,3.694125846154497,0.02942928069241033,0.024297847406928204,0.17145048327652063,-0.45263449586634524,-0.3872598617512957,31.69642857142857,0.1302680801429655
row531_rock-salt,row531_rock-salt.vasp,row531_rock-salt_relaxed.vasp,384,384,0.0939008239016421,rock-salt,3.05,3.6936484658291318,0.030787155377587576,0.02542224165898357,0.18066693180338486,-0.4038097427521627,-0.30940272599569874,35.11904761904761,0.13994262500690077
row532_rock-salt,row532_rock-salt.vasp,row532_rock-salt_relaxed.vasp,384,384,0.105947941363404,rock-salt,3.05,3.6981036808060184,0.03473702995521443,0.02864926202942806,0.20747633927644316,-0.2617851117683075,-0.0829268040532166,44.94047619047619,0.16808457302707483
row533_rock-salt,row533_rock-salt.vasp,row533_rock-salt_relaxed.vasp,384,384,0.1083945824008307,rock-salt,3.05,3.69772941067852,0.03553920734453466,0.02931382217633407,0.21292104393055428,-0.23294142433906045,-0.03693196035950495,47.91666666666667,0.17379990245071747
row534_rock-salt,row534_rock-salt.vasp,row534_rock-salt_relaxed.vasp,384,384,0.0625699023378782,rock-salt,2.1500000000000004,3.684622875603746,0.029102280157152643,0.01698135859497582,0.11094374321694858,-0.7731730022705853,-0.8983983400073574,17.410714285714285,0.06675390007994686
row535_rock-salt,row535_rock-salt.vasp,row535_rock-salt_relaxed.vasp,384,384,0.1026695548935432,rock-salt,3.05,3.696274310360262,0.033662149145424,0.02777649770358531,0.200180685440276,-0.30043432641092366,-0.14455777931365862,42.11309523809524,0.1604262944456878
row536_rock-salt,row536_rock-salt.vasp,row536_rock-salt_relaxed.vasp,384,384,0.0586173295382438,rock-salt,2.1500000000000004,3.6849245985753556,0.02726387420383432,0.015907334864031165,0.10214776898587906,-0.8197702646519548,-0.9727034650037114,15.029761904761903,0.057520728856513215
row537_rock-salt,row537_rock-salt.vasp,row537_rock-salt_relaxed.vasp,384,384,0.0698795508984249,rock-salt,3.05,3.687565059539105,0.022911328163418003,0.01895005234352635,0.12721048481439376,-0.6869988495964331,-0.7609829456543218,21.13095238095238,0.08382916729549211
row538_rock-salt,row538_rock-salt.vasp,row538_rock-salt_relaxed.vasp,384,384,0.0926732670203369,rock-salt,2.1500000000000004,3.6909890526953526,0.04310384512573809,0.025107976668926193,0.17793515196213025,-0.41828152935442975,-0.3324797879827555,34.375,0.1370750641936898
row539_rock-salt,row539_rock-salt.vasp,row539_rock-salt_relaxed.vasp,384,384,0.0935526955987206,rock-salt,3.05,3.6917779142312814,0.0306730149504002,0.025340824332386897,0.17989221423666815,-0.4079138609293445,-0.3159472524028387,34.672619047619044,0.13912940071185556
row540_rock-salt,row540_rock-salt.vasp,row540_rock-salt_relaxed.vasp,384,384,0.0923994842949226,rock-salt,2.1500000000000004,3.6903635212705885,0.04297650432321981,0.025038044019877356,0.17732588151482087,-0.4215091803398326,-0.33762667854366657,34.077380952380956,0.1364355104372094
row541_rock-salt,row541_rock-salt.vasp,row541_rock-salt_relaxed.vasp,384,384,0.1085615817034083,rock-salt,2.1500000000000004,3.6898794349200603,0.0504937589318178,0.029421444146930573,0.2132926807444834,-0.23097265343611,-0.03379251051724538,48.06547619047619,0.17419001118066563
row542_rock-salt,row542_rock-salt.vasp,row542_rock-salt_relaxed.vasp,384,384,0.1170227280953503,rock-salt,3.05,3.690622679000728,0.038368107572246006,0.03170812577541396,0.23212194193752525,-0.131223381643072,0.12527009810159018,54.761904761904766,0.1939551660161603
row543_rock-salt,row543_rock-salt.vasp,row543_rock-salt_relaxed.vasp,384,384,0.1266057093896663,rock-salt,3.05,3.6888429024943155,0.04151006865234961,0.034321252689849785,0.2534477114538822,-0.018248689865528075,0.3054222822631919,61.904761904761905,0.21634091616086754
row544_rock-salt,row544_rock-salt.vasp,row544_rock-salt_relaxed.vasp,384,384,0.1265554249266728,rock-salt,2.1500000000000004,3.690300020925996,0.05886298833798734,0.03429407479311577,0.25333580944394196,-0.018841498255048914,0.30447697562432285,61.60714285714286,0.21622345214939115
row545_rock-salt,row545_rock-salt.vasp,row545_rock-salt_relaxed.vasp,384,384,0.1316072729418922,rock-salt,3.05,3.689186211527958,0.043149925554718756,0.03567379508538934,0.26457808813524397,0.04071522578498751,0.3994475725651768,64.73214285714286,0.2280245194753614
row546_rock-salt,row546_rock-salt.vasp,row546_rock-salt_relaxed.vasp,384,384,0.1404931484706335,rock-salt,3.05,3.6876568160012444,0.04606332736742082,0.03809821669441001,0.2843525328155619,0.14547167038209866,0.5664947404063961,69.49404761904762,0.24878183740118842
row547_rock-salt,row547_rock-salt.vasp,row547_rock-salt_relaxed.vasp,384,384,0.1374879077729105,rock-salt,3.05,3.6891440151109243,0.04507800254849525,0.0372682408736967,0.27766473196398034,0.11004259762120705,0.5099986815079764,68.60119047619048,0.24176162465968645
row548_rock-salt,row548_rock-salt.vasp,row548_rock-salt_relaxed.vasp,384,384,0.1093249986152118,rock-salt,2.1500000000000004,3.7439095212639812,0.050848836565214786,0.029200758724079047,0.21499157304177582,-0.22197265775001573,-0.01944089906529756,49.55357142857143,0.1759733455855876
row549_rock-salt,row549_rock-salt.vasp,row549_rock-salt_relaxed.vasp,384,384,0.1702232216982618,rock-salt,2.1500000000000004,3.775952000394042,0.07917359148756362,0.04508087541380241,0.3505132264332017,0.4959623742935531,1.1253957194178432,81.39880952380952,0.3182309963442707
row550_rock-salt,row550_rock-salt.vasp,row550_rock-salt_relaxed.vasp,384,384,0.1579711271154052,rock-salt,2.1500000000000004,3.769630003106764,0.0734749428443745,0.04190626851579925,0.3232476670898289,0.35152124823724523,0.8950663958110723,77.23214285714286,0.2896102237832485
row551_rock-salt,row551_rock-salt.vasp,row551_rock-salt_relaxed.vasp,384,384,0.1469896130701475,rock-salt,2.1500000000000004,3.7638911093973504,0.06836726189309185,0.03905256788730068,0.29880963154772594,0.22205911882146295,0.688622943622774,73.36309523809523,0.26395751487380487
row552_rock-salt,row552_rock-salt.vasp,row552_rock-salt_relaxed.vasp,384,384,0.0858804652979665,rock-salt,2.1500000000000004,3.725759273229681,0.039944402464170456,0.023050460053883424,0.162818590690378,-0.49836252474841486,-0.4601788859229298,29.017857142857146,0.12120714611377935
row553_rock-salt,row553_rock-salt.vasp,row553_rock-salt_relaxed.vasp,384,384,0.088978341498917,rock-salt,2.1500000000000004,3.7112487336380147,0.04138527511577534,0.02397531070672659,0.16971254068596683,-0.4618413630954169,-0.4019413555841721,31.398809523809522,0.12844375448061873
row554_rock-salt,row554_rock-salt.vasp,row554_rock-salt_relaxed.vasp,384,384,0.1241662761574259,rock-salt,3.05,3.694230473015354,0.04071025447784456,0.03361086349766295,0.24801904690121765,-0.0470074037834737,0.25956293939197395,59.970238095238095,0.21064242409931883
row555_rock-salt,row555_rock-salt.vasp,row555_rock-salt_relaxed.vasp,384,384,0.1414692949078588,rock-salt,3.05,3.686935615946412,0.04638337537962584,0.038370427271902485,0.2865248290243448,0.15697955498380287,0.5848454923620546,69.94047619047619,0.25106210588729444
row556_rock-salt,row556_rock-salt.vasp,row556_rock-salt_relaxed.vasp,384,384,0.0830703687824128,rock-salt,2.1500000000000004,3.725118915380736,0.038637380829029205,0.022300058244965417,0.15656505968902243,-0.5314910239032792,-0.5130063943395616,27.529761904761905,0.11464278826441057
row557_rock-salt,row557_rock-salt.vasp,row557_rock-salt_relaxed.vasp,384,384,0.0895702457394623,rock-salt,2.1500000000000004,3.712469435895118,0.04166057941370339,0.024126864149621185,0.17102975221147723,-0.45486334685144375,-0.3908140416018314,31.547619047619047,0.12982643697070134
row558_rock-salt,row558_rock-salt.vasp,row558_rock-salt_relaxed.vasp,384,384,0.1176179505292668,rock-salt,3.05,3.6975967282270177,0.03856326246861207,0.0318092964631284,0.23344653770233148,-0.12420624689705297,0.13645979139626904,55.50595238095239,0.19534559977335467
row559_rock-salt,row559_rock-salt.vasp,row559_rock-salt_relaxed.vasp,384,384,0.1412850317853073,rock-salt,3.05,3.689791260072968,0.046322961241084364,0.03829079257521828,0.28611477366044374,0.15480725924024624,0.5813814968716553,69.79166666666666,0.2506316690435151
row560_rock-salt,row560_rock-salt.vasp,row560_rock-salt_relaxed.vasp,384,384,0.1098722910722333,rock-salt,2.1500000000000004,3.74463835249946,0.05110339119638757,0.029341228906363166,0.21620950642158987,-0.21552057412956124,-0.009152250003019575,49.702380952380956,0.17725181538769738
row561_rock-salt,row561_rock-salt.vasp,row561_rock-salt_relaxed.vasp,384,384,0.0922630135011345,rock-salt,2.1500000000000004,3.6940663725101954,0.04291302953541139,0.024976003189255056,0.1770221822165904,-0.42311804770493877,-0.3401922174735794,33.92857142857143,0.1361167160038317
row562_rock-salt,row562_rock-salt.vasp,row562_rock-salt_relaxed.vasp,384,384,0.0763737919760614,rock-salt,2.1500000000000004,3.7059083268853383,0.03552269394235413,0.02060865656659413,0.14166263536669413,-0.6104376144711782,-0.6388965428245316,23.958333333333336,0.09899965064285017
row563_rock-salt,row563_rock-salt.vasp,row563_rock-salt_relaxed.vasp,384,384,0.0856318720017079,rock-salt,2.1500000000000004,3.7211737159661173,0.039828777675212965,0.023012059779497704,0.1622653762807384,-0.5012932151212989,-0.4648522358871506,28.720238095238095,0.12062643461630464
row564_rock-salt,row564_rock-salt.vasp,row564_rock-salt_relaxed.vasp,384,384,0.0816684155784735,rock-salt,2.1500000000000004,3.7173100294201955,0.03798530957138302,0.021969761718048486,0.15344518185751072,-0.5480187855921732,-0.5393619640756548,26.934523809523807,0.11136783935507982
row565_rock-salt,row565_rock-salt.vasp,row565_rock-salt_relaxed.vasp,384,384,0.1456778891918784,rock-salt,2.1500000000000004,3.7632566034919073,0.06775715776366437,0.038710591527748764,0.2958905482021641,0.20659507936512053,0.6639636111635459,72.91666666666666,0.2608933407826799
row566_rock-salt,row566_rock-salt.vasp,row566_rock-salt_relaxed.vasp,384,384,0.0806856306394621,rock-salt,2.1500000000000004,3.6962335447112213,0.03752820029742423,0.02182914841918245,0.1512581124633614,-0.5596049321324237,-0.5578375144170757,26.488095238095237,0.10907206339402899
row567_rock-salt,row567_rock-salt.vasp,row567_rock-salt_relaxed.vasp,384,384,0.0794819294690739,rock-salt,2.1500000000000004,3.7183017142881756,0.03696833928794134,0.02137586876386382,0.14857942063063356,-0.573795481455267,-0.580466108615828,25.892857142857146,0.10626022928712278
row568_rock-salt,row568_rock-salt.vasp,row568_rock-salt_relaxed.vasp,384,384,0.1057018736586593,rock-salt,2.1500000000000004,3.735518745332896,0.04916366216681827,0.028296437754655016,0.20692874526622454,-0.264686027698972,-0.08755267496957589,44.642857142857146,0.1675097612865611
row569_rock-salt,row569_rock-salt.vasp,row569_rock-salt_relaxed.vasp,384,384,0.1025530971045033,rock-salt,2.1500000000000004,3.7335545379036574,0.04769911493232711,0.027467952071777033,0.19992152267128235,-0.30180725853066803,-0.14674709017776424,41.964285714285715,0.16015425019476162
row570_rock-salt,row570_rock-salt.vasp,row570_rock-salt_relaxed.vasp,384,384,0.1090652465427193,rock-salt,2.1500000000000004,3.7013003067608046,0.050728021647776414,0.029466738038926604,0.21441352612096456,-0.2250349000133732,-0.024324024865384666,48.660714285714285,0.1753665672964725
row571_rock-salt,row571_rock-salt.vasp,row571_rock-salt_relaxed.vasp,384,384,0.2617246814720332,rock-salt,3.65,4.008498873453848,0.07170539218411869,0.06529244231682246,0.554138693458068,1.5746819186245635,2.8455480734662855,93.15476190476191,0.5319775073164418
row572_rock-salt,row572_rock-salt.vasp,row572_rock-salt_relaxed.vasp,384,384,0.3863479101262318,rock-salt,3.65,4.043153746268131,0.10584874250033749,0.09555607685778325,0.8314726638624611,3.043877194408037,5.188362501439879,95.98214285714286,0.8230961449510916
row573_rock-salt,row573_rock-salt.vasp,row573_rock-salt_relaxed.vasp,384,384,0.4048423656430908,rock-salt,3.65,4.066370610377843,0.11091571661454543,0.0995586493296717,0.8726298448659331,3.2619101162556388,5.536043087878875,97.61904761904762,0.8662990113188234
row574_rock-salt,row574_rock-salt.vasp,row574_rock-salt_relaxed.vasp,384,384,0.3920924694855126,rock-salt,3.65,4.050037990371358,0.10742259437959249,0.09681204729873673,0.8442564881345294,3.111600359368975,5.296355503182899,96.72619047619048,0.8365153791704648
row575_rock-salt,row575_rock-salt.vasp,row575_rock-salt_relaxed.vasp,384,384,0.3917967936761923,rock-salt,3.65,4.092167705426283,0.10734158730854584,0.09574309311826669,0.8435984972684858,3.1081146087034854,5.290797040610881,96.42857142857143,0.8358246833850934
row576_rock-salt,row576_rock-salt.vasp,row576_rock-salt_relaxed.vasp,384,384,0.3813424490117572,rock-salt,3.65,4.073111045631373,0.10447738329089239,0.09362436838562678,0.820333613626217,2.9848673300198363,5.09426394016611,95.68452380952381,0.8114034369694807
row577_rock-salt,row577_rock-salt.vasp,row577_rock-salt_relaxed.vasp,384,384,0.4024126223471199,rock-salt,3.65,4.098626645279171,0.11025003351975887,0.09818230767874936,0.8672227440981874,3.2332656379320004,5.490365907857582,97.32142857142857,0.8606231548531905
row578_rock-salt,row578_rock-salt.vasp,row578_rock-salt_relaxed.vasp,384,384,0.3997478160972597,rock-salt,3.65,4.100046461336279,0.10951994961568759,0.09749836248611062,0.8612925390664846,3.201849979748112,5.440269737205077,97.17261904761905,0.8543981936369136
row579_rock-salt,row579_rock-salt.vasp,row579_rock-salt_relaxed.vasp,384,384,0.3850269988302808,rock-salt,3.65,4.090690814534078,0.10548684899459748,0.09412273287980936,0.8285331350265119,3.0283048435975375,5.163530453067786,95.83333333333334,0.8200105091425338
row580_rock-salt,row580_rock-salt.vasp,row580_rock-salt_relaxed.vasp,384,384,0.4045637123144313,rock-salt,3.65,4.109306583779045,0.11083937323683049,0.09845060329920238,0.8720097354783167,3.25862504525829,5.530804633973963,97.47023809523809,0.8656480798810189
row581_rock-salt,row581_rock-salt.vasp,row581_rock-salt_relaxed.vasp,384,384,0.3918490127149456,rock-salt,3.65,4.105666086795569,0.10735589389450564,0.09544103305799517,0.8437147044435409,3.108730223993434,5.291778715686445,96.57738095238095,0.8359466665465362
row582_rock-salt,row582_rock-salt.vasp,row582_rock-salt_relaxed.vasp,384,384,0.3873298102456686,rock-salt,3.65,4.098425698168901,0.10611775623169002,0.0945069738408873,0.8336577641973237,3.0554529097248873,5.206821417899413,96.13095238095238,0.8253898539823101
row583_rock-salt,row583_rock-salt.vasp,row583_rock-salt_relaxed.vasp,384,384,0.4198615199553679,rock-salt,3.65,4.061077122935639,0.11503055341242957,0.1033867388491903,0.9060531620317716,3.4389723766396076,5.818390863640655,98.36309523809523,0.9013836082196708
row584_rock-salt,row584_rock-salt.vasp,row584_rock-salt_relaxed.vasp,384,384,0.4400476797929225,rock-salt,3.65,4.051737409528155,0.12056100816244451,0.10860715671210495,0.9509750270437971,3.6769489640688895,6.197874103029595,99.55357142857143,0.9485382792584891
row585_rock-salt,row585_rock-salt.vasp,row585_rock-salt_relaxed.vasp,384,384,0.4296824747617636,rock-salt,3.65,4.117144424899379,0.11772122596212702,0.10436419771022844,0.9279085129084321,3.5547525611289412,6.003016754538925,99.25595238095238,0.9243252621503567
row586_rock-salt,row586_rock-salt.vasp,row586_rock-salt_relaxed.vasp,384,384,0.4116936669329369,rock-salt,3.65,4.046362670295379,0.11279278546107861,0.10174413429503189,0.8878765898722121,3.342680768699107,5.664841929680546,97.91666666666666,0.8823035838135621
row587_rock-salt,row587_rock-salt.vasp,row587_rock-salt_relaxed.vasp,384,384,0.4243608275036446,rock-salt,3.65,4.10379299700914,0.11626324041195743,0.10340697686577283,0.9160658285298963,3.4920151477634986,5.902974153239435,98.51190476190477,0.9118939464439203
row588_rock-salt,row588_rock-salt.vasp,row588_rock-salt_relaxed.vasp,384,384,0.4105661516876873,rock-salt,3.65,4.073727432340707,0.11248387717470885,0.1007839033186817,0.8853674406306672,3.329388382603967,5.6436455683532305,97.76785714285714,0.879669719279205
row589_rock-salt,row589_rock-salt.vasp,row589_rock-salt_relaxed.vasp,384,384,0.4249344818285313,rock-salt,3.65,4.040517949406156,0.11642040598041953,0.10516831929703094,0.9173424270683751,3.4987780139896243,5.913758383783993,98.66071428571429,0.9132339973103412
row590_rock-salt,row590_rock-salt.vasp,row590_rock-salt_relaxed.vasp,384,384,0.4620776186625749,rock-salt,3.65,4.046286936486879,0.12659660785276025,0.11419793650713413,1.0,3.936662040536369,6.612018875144349,100.0,1.0
row591_rock-salt,row591_rock-salt.vasp,row591_rock-salt_relaxed.vasp,384,384,0.4144289242366293,rock-salt,3.65,4.04798317669527,0.11354217102373405,0.10237911230030472,0.8939635752304194,3.3749269811591285,5.7162625223301875,98.06547619047619,0.8886931179993651
row592_rock-salt,row592_rock-salt.vasp,row592_rock-salt_relaxed.vasp,384,384,0.4296041040992442,rock-salt,3.65,4.051048191830275,0.11769975454773814,0.10604764094528035,0.9277341084476071,3.553828641821306,6.0015434503976115,99.10714285714286,0.9241421890527525
row593_rock-salt,row593_rock-salt.vasp,row593_rock-salt_relaxed.vasp,384,384,0.4275403445653027,rock-salt,3.65,4.04137467879538,0.11713434097679526,0.10579082083345473,0.9231414604181128,3.529498781406332,5.962746464761794,98.95833333333334,0.9193212670591998
row594_rock-salt,row594_rock-salt.vasp,row594_rock-salt_relaxed.vasp,384,384,0.3899293519360023,rock-salt,3.65,4.035585410976223,0.10682995943452119,0.09662274793526844,0.8394427308202994,3.0860991577148025,5.255690668391485,96.27976190476191,0.8314623578287985
row595_rock-salt,row595_rock-salt.vasp,row595_rock-salt_relaxed.vasp,384,384,0.3432779501638661,rock-salt,3.65,4.006291178319798,0.09404875346955235,0.08568472307293294,0.7356256606150556,2.53612127772838,4.378682599051345,94.64285714285714,0.7224851416684351
row596_rock-salt,row596_rock-salt.vasp,row596_rock-salt_relaxed.vasp,384,384,0.4271533523950596,rock-salt,3.65,4.0569098804971535,0.11702831572467386,0.1052903231714662,0.922280256000221,3.5249364933447382,5.955471329542226,98.80952380952381,0.9184172571519532
row597_rock-salt,row597_rock-salt.vasp,row597_rock-salt_relaxed.vasp,384,384,0.3748205072253328,rock-salt,3.65,4.079611349865072,0.10269054992474871,0.09187652329620308,0.8058198184861931,2.9079795285639976,4.971656786743399,95.38690476190477,0.796168245038571
row598_rock-salt,row598_rock-salt.vasp,row598_rock-salt_relaxed.vasp,384,384,0.3954907967867859,rock-salt,3.65,4.0882830290493,0.10835364295528381,0.09673762652356148,0.8518190558305639,3.151663568054177,5.360241267645729,96.875,0.8444538383555374
row599_rock-salt,row599_rock-salt.vasp,row599_rock-salt_relaxed.vasp,384,384,0.4504489668289332,rock-salt,3.65,4.0755790821749835,0.12341067584354334,0.11052391764375862,0.9741218373308006,3.7995707412479867,6.393409763601166,99.85119047619048,0.9728355835754269
row600_rock-salt,row600_rock-salt.vasp,row600_rock-salt_relaxed.vasp,384,384,0.4467785695789706,rock-salt,3.65,4.077221268769628,0.12240508755588236,0.10957918153747731,0.9659538107655604,3.7563000736675725,6.324409307374282,99.70238095238095,0.9642615716634744
row601_rock-salt,row601_rock-salt.vasp,row601_rock-salt_relaxed.vasp,384,384,0.376484940139736,rock-salt,3.65,4.082992450064722,0.10314655894239343,0.09220809118414315,0.8095238132679689,2.927601688903665,5.002946759635034,95.53571428571429,0.8000563439725172
row602_rock-salt,row602_rock-salt.vasp,row602_rock-salt_relaxed.vasp,384,384,0.3584522372513704,rock-salt,3.65,4.077238269630935,0.09820609239763572,0.08791545000479378,0.7693942070688703,2.7150124133785747,4.663946743679335,95.23809523809523,0.7579321272079362
row603_rock-salt,row603_rock-salt.vasp,row603_rock-salt_relaxed.vasp,384,384,0.4384372402302969,rock-salt,3.65,4.091552239363593,0.12011979184391697,0.10715670107110552,0.9473911879567954,3.6579633365667354,6.16759916084231,99.40476190476191,0.9447763082637767
row604_rock-salt,row604_rock-salt.vasp,row604_rock-salt_relaxed.vasp,384,384,0.4189412776499961,rock-salt,3.65,4.062193622965198,0.11477843223287565,0.10313178458100919,0.904005273728452,3.4281235512462307,5.801091063486712,98.21428571428571,0.8992339312362814
row605_rock-salt,row605_rock-salt.vasp,row605_rock-salt_relaxed.vasp,384,384,0.1671505692749232,rock-salt,2.1500000000000004,3.774380850295814,0.07774445082554565,0.04428555991158733,0.3436754089136308,0.45973857819034075,1.0676323753985646,80.05952380952381,0.31105331047409324
row606_rock-salt,row606_rock-salt.vasp,row606_rock-salt_relaxed.vasp,384,384,0.170483771429687,rock-salt,2.1500000000000004,3.776059529205391,0.07929477740915672,0.04514859210007276,0.3510930484477994,0.49903402023508725,1.1302938405512746,81.69642857142857,0.3188396379568151
row607_rock-salt,row607_rock-salt.vasp,row607_rock-salt_relaxed.vasp,384,384,0.1073939747493446,rock-salt,2.1500000000000004,3.6880794864063287,0.04995068592992771,0.029119213711413114,0.21069431223855437,-0.2447376845575735,-0.05574256306943108,46.42857142857143,0.17146249280844508
row608_rock-salt,row608_rock-salt.vasp,row608_rock-salt_relaxed.vasp,384,384,0.1784253410244713,rock-salt,2.1500000000000004,3.780312423732722,0.0829885307090564,0.047198570124606834,0.3687660541205676,0.5926579509979314,1.2795888317687105,84.52380952380952,0.337391066499318
row609_rock-salt,row609_rock-salt.vasp,row609_rock-salt_relaxed.vasp,384,384,0.0861416082008579,rock-salt,2.1500000000000004,3.6982906350198532,0.04006586427946878,0.02329227654126633,0.1633997327365591,-0.49528388585119115,-0.45526961365271373,29.464285714285715,0.12181717336904047
row610_rock-salt,row610_rock-salt.vasp,row610_rock-salt_relaxed.vasp,384,384,0.0854959654892926,rock-salt,2.1500000000000004,3.690381517762142,0.039765565343857015,0.023167243028340768,0.1619629327226716,-0.502895430118816,-0.4674071667903262,28.422619047619047,0.12030895833866942
row611_rock-salt,row611_rock-salt.vasp,row611_rock-salt_relaxed.vasp,384,384,0.2799849805216284,rock-salt,3.05,3.792111458430802,0.09179835426938637,0.07383353142196085,0.5947747874742791,1.7899543472702715,3.1888267104787347,93.60119047619048,0.5746333864773798
row612_rock-salt,row612_rock-salt.vasp,row612_rock-salt_relaxed.vasp,384,384,0.3012486990458708,rock-salt,3.05,3.816861837385876,0.09877006526094126,0.0789257541614848,0.6420946294296891,2.04063437810218,3.5885671688903464,94.19642857142857,0.6243052240206095
row613_rock-salt,row613_rock-salt.vasp,row613_rock-salt_relaxed.vasp,384,384,0.0339936262848723,rock-salt,2.1500000000000004,3.6914587122852,0.015810988969708045,0.009208724500084824,0.04735068610604132,-1.110061479883833,-1.4356088789872663,6.696428571428571,0.0
row614_rock-salt,row614_rock-salt.vasp,row614_rock-salt_relaxed.vasp,384,384,0.304184466617814,rock-salt,3.05,3.819682298458603,0.09973261200584066,0.07963606469065891,0.6486278262157447,2.075244425475174,3.6437571900364873,94.34523809523809,0.631163148222907
row615_rock-salt,row615_rock-salt.vasp,row615_rock-salt_relaxed.vasp,384,384,0.2660316712265038,rock-salt,3.05,3.7646517236342327,0.08722349876278813,0.07066567925961774,0.5637233798925109,1.6254574367077472,2.9265159463650603,93.30357142857143,0.5420385930640035
row616_rock-salt,row616_rock-salt.vasp,row616_rock-salt_relaxed.vasp,384,384,0.2592590140415662,rock-salt,3.05,3.752965128143734,0.08500295542346434,0.06908111458253786,0.5486516478601271,1.545613927210643,2.7991955491972225,92.70833333333334,0.5262177324256033
row617_rock-salt,row617_rock-salt.vasp,row617_rock-salt_relaxed.vasp,384,384,0.2611741869381672,rock-salt,3.05,3.776556222724438,0.0856308809633335,0.06915670561624898,0.5529136342422889,1.5681920854110079,2.8351992279870806,92.85714285714286,0.5306915574942856
row618_rock-salt,row618_rock-salt.vasp,row618_rock-salt_relaxed.vasp,384,384,0.2671881967787273,rock-salt,3.05,3.7771785770467465,0.08760268746843518,0.07073750719714,0.566297088074653,1.6390918281129359,2.948257677656485,93.45238095238095,0.544740225390407
row619_rock-salt,row619_rock-salt.vasp,row619_rock-salt_relaxed.vasp,384,384,0.2818213530741366,rock-salt,3.05,3.8045231168105853,0.09240044363086446,0.07407534253869735,0.598861413191078,1.811603520605443,3.223349007466311,93.89880952380952,0.5789231347165243
row620_rock-salt,row620_rock-salt.vasp,row620_rock-salt_relaxed.vasp,384,384,0.2837936227466984,rock-salt,3.05,3.807361454654473,0.09304708942514701,0.07453813516963635,0.603250461564375,1.834854798210673,3.260426058788371,94.04761904761905,0.5835303372928394
row621_rock-salt,row621_rock-salt.vasp,row621_rock-salt_relaxed.vasp,384,384,0.261387877440993,rock-salt,3.05,3.755869512943955,0.0857009434232764,0.06959450442571684,0.5533891766931336,1.5707113033820221,2.839216434077371,93.00595238095238,0.5311907364092432
row622_roquesite,row622_roquesite.vasp,row622_roquesite_relaxed.vasp,384,384,0.1266107342309262,roquesite,2.35,3.8903181002733427,0.053876908183372846,0.03254508525203382,0.2534588936322955,-0.01818945152673432,0.30551674515529537,62.05357142857143,1.0
row623_roquesite,row623_roquesite.vasp,row623_roquesite_relaxed.vasp,384,384,0.0389446902072731,roquesite,2.35,3.8762779289164775,0.016572208598839615,0.010046929276342983,0.058368681949620374,-1.0516929092453917,-1.3425329402840098,8.035714285714286,0.0
row624_rutile,row624_rutile.vasp,row624_rutile_relaxed.vasp,432,432,0.1280785154936226,rutile,1.95,3.8052667045662742,0.06568128999672954,0.03365822304647659,0.25672526387213485,-0.0008856364970280565,0.3331098283749264,62.5,0.5948429388139761
row625_rutile,row625_rutile.vasp,row625_rutile_relaxed.vasp,432,432,0.1292466146604347,rutile,1.95,3.803378505937849,0.06628031521047933,0.03398205423379619,0.25932472773819276,0.012885197368052733,0.35506913412285296,63.83928571428571,1.0
row626_rutile,row626_rutile.vasp,row626_rutile_relaxed.vasp,432,432,0.1278057569545456,rutile,1.95,3.8150194890571307,0.0655414138228439,0.03350068258396561,0.25611827262804004,-0.0041012132508085695,0.32798219167666914,62.202380952380956,0.5002362040044451
row627_rutile,row627_rutile.vasp,row627_rutile_relaxed.vasp,432,432,0.1288670185537027,rutile,1.95,3.8130787172394474,0.06608565054036036,0.033796055132845115,0.25847998236795244,0.008410102213328899,0.34793303882779375,63.39285714285714,0.8683364842550814
row628_rutile,row628_rutile.vasp,row628_rutile_relaxed.vasp,432,432,0.1263635372598022,rutile,1.95,3.8091365338275835,0.06480181397938575,0.03317380097500121,0.25290878657589766,-0.02110368048778216,0.30086964495772595,61.458333333333336,0.0
row629_Spinel---Ternary,row629_Spinel---Ternary.vasp,row629_Spinel---Ternary_relaxed.vasp,448,448,0.1421563084412349,Spinel---Ternary,1.95,3.677052173212811,0.07290067099550507,0.03866040016425069,0.28805369481437676,0.16507882386437556,0.5977607829991856,70.23809523809523,0.9676070260409326
row630_Spinel---Ternary,row630_Spinel---Ternary.vasp,row630_Spinel---Ternary_relaxed.vasp,448,448,0.1421812838059462,Spinel---Ternary,1.95,3.67034131653159,0.0729134788748442,0.03873789153219818,0.28810927447743384,0.16537326085049014,0.598230299359991,70.38690476190477,0.9681397864654834
row631_Spinel---Ternary,row631_Spinel---Ternary.vasp,row631_Spinel---Ternary_relaxed.vasp,448,448,0.1335267184130741,Spinel---Ternary,1.95,3.6823193439036426,0.06847524021183286,0.036261580254884095,0.26884958261702063,0.06334375377963122,0.4355315722509128,65.77380952380952,0.7835254680638494
row632_Spinel---Ternary,row632_Spinel---Ternary.vasp,row632_Spinel---Ternary_relaxed.vasp,448,448,0.1422230334019341,Spinel---Ternary,1.95,3.6785247215186816,0.07293488892406877,0.03866306309427688,0.2882021831698433,0.1658654508687852,0.5990151575032022,70.53571428571429,0.9690303653515356
row633_Spinel---Ternary,row633_Spinel---Ternary.vasp,row633_Spinel---Ternary_relaxed.vasp,448,448,0.1436748640647941,Spinel---Ternary,1.95,3.68927520106784,0.07367941746912518,0.03894392698685319,0.29143305727280083,0.18298122273688663,0.6263083825355991,71.72619047619048,1.0
row634_Spinel---Ternary,row634_Spinel---Ternary.vasp,row634_Spinel---Ternary_relaxed.vasp,448,448,0.0973004389857277,Spinel---Ternary,1.95,3.6870306311633123,0.049897661018321895,0.026389918804397883,0.18823236530480908,-0.36373135227104336,-0.245492752272802,37.94642857142857,0.010766862505811825
row635_Spinel---Ternary,row635_Spinel---Ternary.vasp,row635_Spinel---Ternary_relaxed.vasp,448,448,0.1403003851083381,Spinel---Ternary,1.95,3.672591089349956,0.07194891544017339,0.038202016422462945,0.2839235611929262,0.14319916449144823,0.562870947384443,69.34523809523809,0.9280175139678455
row636_Spinel---Ternary,row636_Spinel---Ternary.vasp,row636_Spinel---Ternary_relaxed.vasp,448,448,0.1386585836397912,Spinel---Ternary,1.95,3.6786840683363122,0.07110696596912369,0.03769244139046157,0.28026992996538597,0.12384380845219352,0.532006427102651,68.75,0.8929955290029828
row637_Spinel---Ternary,row637_Spinel---Ternary.vasp,row637_Spinel---Ternary_relaxed.vasp,448,448,0.1418076680556639,Spinel---Ternary,1.95,3.6683453593833337,0.07272188105418662,0.038657120353439794,0.28727783766946186,0.16096866869539384,0.59120662985847,70.08928571428571,0.960170025541464
row638_Spinel---Ternary,row638_Spinel---Ternary.vasp,row638_Spinel---Ternary_relaxed.vasp,448,448,0.0967956974443382,Spinel---Ternary,1.95,3.6881225107899844,0.049638819202224724,0.02624525003200202,0.18710912385766282,-0.369681799038546,-0.25498147904015406,37.351190476190474,0.0
row640_Spinel---Ternary,row640_Spinel---Ternary.vasp,row640_Spinel---Ternary_relaxed.vasp,448,448,0.1430180682117786,Spinel---Ternary,1.95,3.7050792691041856,0.07334259908296338,0.03860054207324895,0.2899714372872734,0.1752381930077973,0.6139611594914293,70.98214285714286,0.9859896004907026
row645_Spinel--Binary,row645_Spinel--Binary.vasp,row645_Spinel--Binary_relaxed.vasp,448,448,0.1231776956115061,Spinel--Binary,1.95,3.686420351069863,0.06316804903154159,0.033413903972116965,0.24581908008263015,-0.05866187529317071,0.24097843639677824,59.523809523809526,0.8088929576471944
row646_Spinel--Binary,row646_Spinel--Binary.vasp,row646_Spinel--Binary_relaxed.vasp,448,448,0.0976973969765864,Spinel--Binary,1.95,3.6847085065869285,0.050101229218762255,0.026514281062379488,0.18911574745497042,-0.35905157618794753,-0.23803026780400588,38.095238095238095,0.286898200540662
row647_Spinel--Binary,row647_Spinel--Binary.vasp,row647_Spinel--Binary_relaxed.vasp,448,448,0.1174363472495141,Spinel--Binary,1.95,3.6867849947941997,0.06022376782026364,0.03185332136681041,0.23304240149790023,-0.12634718549702925,0.1330457987677158,55.05952380952381,0.6912744875255452
row648_Spinel--Binary,row648_Spinel--Binary.vasp,row648_Spinel--Binary_relaxed.vasp,448,448,0.1148273433014773,Spinel--Binary,1.95,3.687267758245353,0.05888581707768067,0.031141579844507897,0.22723637776120573,-0.15710498495664835,0.08399866559592765,52.976190476190474,0.6378258838942265
row649_Spinel--Binary,row649_Spinel--Binary.vasp,row649_Spinel--Binary_relaxed.vasp,448,448,0.1209602001030869,Spinel--Binary,1.95,3.689625925776926,0.062030871847736875,0.03278386550192518,0.24088431117682485,-0.08480414395546469,0.1992913406025697,57.886904761904766,0.7634648782558575
row650_Spinel--Binary,row650_Spinel--Binary.vasp,row650_Spinel--Binary_relaxed.vasp,448,448,0.1206938035433168,Spinel--Binary,1.95,3.6871711898284882,0.06189425822734195,0.032733441798489145,0.24029147775065743,-0.0879447187209061,0.1942833038943913,57.738095238095234,0.7580074223012149
row651_Spinel--Binary,row651_Spinel--Binary.vasp,row651_Spinel--Binary_relaxed.vasp,448,448,0.1180620243598319,Spinel--Binary,1.95,3.6846419899137097,0.06054462787683688,0.0320416541642345,0.2344347704733267,-0.11897101763031913,0.14480801498643342,56.25,0.704092240406191
row652_Spinel--Binary,row652_Spinel--Binary.vasp,row652_Spinel--Binary_relaxed.vasp,448,448,0.1223400515314648,Spinel--Binary,1.95,3.685382870786922,0.06273848796485375,0.033196022182992925,0.2439550041714837,-0.06853694223273372,0.22523141509569494,58.92857142857143,0.7917328048417771
row653_Spinel--Binary,row653_Spinel--Binary.vasp,row653_Spinel--Binary_relaxed.vasp,448,448,0.1068176811714939,Spinel--Binary,1.95,3.685863910979835,0.054778298036663536,0.028980364916158265,0.2094118403608006,-0.25153166519172937,-0.06657640940383724,45.68452380952381,0.473738260827039
row654_Spinel--Binary,row654_Spinel--Binary.vasp,row654_Spinel--Binary_relaxed.vasp,448,448,0.1013267353634382,Spinel--Binary,1.95,3.6837785613379075,0.05196242839150677,0.027506196063706242,0.19719240247054223,-0.3162649555092461,-0.16980168450908636,41.220238095238095,0.36124959009250146
row655_Spinel--Binary,row655_Spinel--Binary.vasp,row655_Spinel--Binary_relaxed.vasp,448,448,0.103537497730901,Spinel--Binary,1.95,3.6831817513401277,0.05309615268251333,0.028110884751540926,0.20211218758291757,-0.29020206449581537,-0.12824116623937767,42.857142857142854,0.406539732942024
row656_Spinel--Binary,row656_Spinel--Binary.vasp,row656_Spinel--Binary_relaxed.vasp,448,448,0.0986917920780493,Spinel--Binary,1.95,3.6822679872994426,0.05061117542464067,0.026801903723044716,0.19132865386589815,-0.3473285563215199,-0.2193364559362529,39.13690476190476,0.3072695877403666
row657_Spinel--Binary,row657_Spinel--Binary.vasp,row657_Spinel--Binary_relaxed.vasp,448,448,0.1077659072798667,Spinel--Binary,1.95,3.6856706685752636,0.05526456783582907,0.029239158072016453,0.2115220032438842,-0.2403529360427561,-0.04875053671808583,47.32142857142857,0.49316382032357464
row658_Spinel--Binary,row658_Spinel--Binary.vasp,row658_Spinel--Binary_relaxed.vasp,448,448,0.1072223952674793,Spinel--Binary,1.95,3.6874276761159077,0.05498584372691246,0.029077830044498737,0.21031248278782116,-0.24676045163639276,-0.058968116523624325,45.982142857142854,0.4820293189209174
row659_Spinel--Binary,row659_Spinel--Binary.vasp,row659_Spinel--Binary_relaxed.vasp,448,448,0.0916580017170663,Spinel--Binary,1.95,3.6825689850591945,0.047004103444649385,0.024889690346314847,0.17567580143325617,-0.4302505900451214,-0.35156594251758444,33.63095238095239,0.163173878988044
row660_Spinel--Binary,row660_Spinel--Binary.vasp,row660_Spinel--Binary_relaxed.vasp,448,448,0.0836929424718734,Spinel--Binary,1.95,3.6806160816140014,0.04291945767788379,0.02273884062234844,0.15795052237548926,-0.5241514425647101,-0.5013025198861705,27.67857142857143,0.0
row661_Spinel--Binary,row661_Spinel--Binary.vasp,row661_Spinel--Binary_relaxed.vasp,448,448,0.1046742515416354,Spinel--Binary,1.95,3.6843748330232224,0.05367910335468482,0.02841031553126333,0.20464189613811856,-0.2768007640601315,-0.10687112746247912,43.601190476190474,0.4298275106021738
row662_Spinel--Binary,row662_Spinel--Binary.vasp,row662_Spinel--Binary_relaxed.vasp,448,448,0.0950681518914909,Spinel--Binary,1.95,3.681745770200539,0.04875289840589277,0.02582148736638942,0.18326467950808648,-0.3900480003667644,-0.2874579177418241,35.714285714285715,0.23303493271824013
row663_Spinel--Binary,row663_Spinel--Binary.vasp,row663_Spinel--Binary_relaxed.vasp,448,448,0.1265817548656357,Spinel--Binary,1.95,3.6863041929758262,0.06491372044391575,0.034338391038600265,0.25339440354868425,-0.018531092062289315,0.30497195686944134,61.75595238095239,0.8786292315031236
row664_Spinel--Binary,row664_Spinel--Binary.vasp,row664_Spinel--Binary_relaxed.vasp,448,448,0.1247648413026748,Spinel--Binary,1.95,3.685980998891462,0.0639819698988076,0.03384847652231445,0.24935108146708643,-0.03995086149079644,0.27081547291654173,60.71428571428571,0.8414075581008518
row665_Spinel--Binary,row665_Spinel--Binary.vasp,row665_Spinel--Binary_relaxed.vasp,448,448,0.1228417197259923,Spinel--Binary,1.95,3.683912677263459,0.06299575370563708,0.033345448301245695,0.24507140625572088,-0.06262272744813868,0.234662365464151,59.077380952380956,0.8020100849907459
row666_Spinel--Binary,row666_Spinel--Binary.vasp,row666_Spinel--Binary_relaxed.vasp,448,448,0.1325062653798648,Spinel--Binary,1.95,3.6808968091666063,0.06795193096403322,0.035998364596878114,0.2665786874206169,0.05131353443978337,0.4163478926504917,65.02976190476191,1.0
row667_Spinel--Binary,row667_Spinel--Binary.vasp,row667_Spinel--Binary_relaxed.vasp,448,448,0.1068859647016182,Spinel--Binary,1.95,3.6869673277549535,0.054813315231599075,0.028990212063176205,0.20956379712461662,-0.25072666406187744,-0.06529273507365228,45.83333333333333,0.47513713158724113
row668_Spinel--Binary,row668_Spinel--Binary.vasp,row668_Spinel--Binary_relaxed.vasp,448,448,0.1073335742434132,Spinel--Binary,1.95,3.6852587566269257,0.05504285858636574,0.029125112056352417,0.21055989819467757,-0.24544975195405858,-0.05687804301390967,46.13095238095239,0.48430695480617464
row669_Spinel--Binary,row669_Spinel--Binary.vasp,row669_Spinel--Binary_relaxed.vasp,448,448,0.0972398339543382,Spinel--Binary,1.95,3.683502987023329,0.049866581515045236,0.026398738998422412,0.18809749611418355,-0.36444583083790205,-0.24663207712805094,37.797619047619044,0.2775244682276486
row670_Spinel--Binary,row670_Spinel--Binary.vasp,row670_Spinel--Binary_relaxed.vasp,448,448,0.1215169325442922,Spinel--Binary,1.95,3.686672782712698,0.06231637566373959,0.032961138594697466,0.242123252103326,-0.07824077144997578,0.20975745362068074,58.18452380952381,0.7748702161439314
row671_Spinel--Binary,row671_Spinel--Binary.vasp,row671_Spinel--Binary_relaxed.vasp,448,448,0.1073439067762738,Spinel--Binary,1.95,3.6870985228879753,0.05504815732116605,0.02911338173089963,0.21058289200083644,-0.245327940726492,-0.056683799875413346,46.279761904761905,0.4845186292475988
row672_TiS2,row672_TiS2.vasp,row672_TiS2_relaxed.vasp,378,378,0.0703958096624974,TiS2,2.45,3.963782118278574,0.02873298353571322,0.01775975761580697,0.12835935645206872,-0.6809126251786582,-0.7512777045520155,21.726190476190478,0.0
row673_TiS2,row673_TiS2.vasp,row673_TiS2_relaxed.vasp,378,378,0.2170601123392281,TiS2,3.45,3.9274248744604647,0.0629159745910806,0.05526779487260008,0.4547430797529097,1.0481270004647636,2.005890827272524,91.66666666666666,0.5107021774708066
row674_TiS2,row674_TiS2.vasp,row674_TiS2_relaxed.vasp,378,378,0.2314338961756046,TiS2,3.45,3.9640113656346547,0.06708228874655205,0.05838376200986272,0.48673020273251066,1.2175809259936439,2.2761061677037797,92.11309523809523,0.5607533662724346
row675_TiS2,row675_TiS2.vasp,row675_TiS2_relaxed.vasp,378,378,0.1784914697404055,TiS2,2.45,3.9309561106546083,0.07285366111853285,0.045406630019759225,0.36891321560519474,0.5934375488152351,1.2808319973604472,84.67261904761905,0.3764016735456815
row676_TiS2,row676_TiS2.vasp,row676_TiS2_relaxed.vasp,378,378,0.131231033758406,TiS2,3.45,3.9476684220773954,0.03803798079953797,0.03324266876733985,0.263740813192966,0.03627970572254102,0.3923745846723153,64.58333333333334,0.21183533310886743
row677_TiS2,row677_TiS2.vasp,row677_TiS2_relaxed.vasp,378,378,0.3409181009676967,TiS2,3.45,3.9821246001017103,0.09881684086020194,0.08561211293061725,0.7303741007397673,2.5083007876960295,4.33431937074847,94.49404761904762,0.9419901141757284
row678_TiS2,row678_TiS2.vasp,row678_TiS2_relaxed.vasp,378,378,0.3462983906436806,TiS2,3.45,3.9277305054185683,0.10037634511411032,0.08816755379880027,0.7423472867491486,2.5717295421879864,4.435464401379546,94.79166666666666,0.9607249092335625
row679_TiS2,row679_TiS2.vasp,row679_TiS2_relaxed.vasp,378,378,0.3575774766823419,TiS2,3.45,3.9219309988892106,0.10364564541517156,0.09117383166190758,0.7674475328863627,2.7046997765665046,4.647501962844545,95.08928571428571,1.0
row680_TiS2,row680_TiS2.vasp,row680_TiS2_relaxed.vasp,378,378,0.3465773885769294,TiS2,3.45,3.916639112540405,0.10045721408026938,0.08848846641684402,0.7429681630127319,2.5750186757621116,4.44070933356794,94.94047619047619,0.9616964125197712
row681_LaTaO4,row681_LaTaO4.vasp,row681_LaTaO4_relaxed.vasp,384,384,0.0498674621302413,LaTaO4,1.95,3.8102601576214377,0.025573057502687846,0.013087679073696417,0.08267599398070169,-0.9229232963812124,-1.1371937917886574,11.904761904761903,0.048008673982020134
row681_Tungsten-Bronze,row681_Tungsten-Bronze.vasp,row681_Tungsten-Bronze_relaxed.vasp,396,396,0.0734628524385585,Tungsten-Bronze,1.95,3.789219979171888,0.037673257660799236,0.019387328485113018,0.1351846903779402,-0.6447549617488479,-0.6936198172980563,23.065476190476193,0.8358985047181307
row682_Tungsten-Bronze,row682_Tungsten-Bronze.vasp,row682_Tungsten-Bronze_relaxed.vasp,432,432,0.0318074296253074,Tungsten-Bronze,1.95,3.786310935681231,0.016311502371952512,0.00840063855442042,0.042485569014874325,-1.1358347633948773,-1.476707582108081,6.25,0.0
row683_Tungsten-Bronze,row683_Tungsten-Bronze.vasp,row683_Tungsten-Bronze_relaxed.vasp,432,432,0.0366852768005041,Tungsten-Bronze,1.95,3.7890056135941808,0.018812962461796978,0.009682032844946125,0.053340629814790284,-1.0783293520587758,-1.3850080581677175,7.738095238095238,0.0978836579878242
row684_Tungsten-Bronze,row684_Tungsten-Bronze.vasp,row684_Tungsten-Bronze_relaxed.vasp,432,432,0.0816405404373641,Tungsten-Bronze,1.95,3.802398713452833,0.04186694381403287,0.02147079951098264,0.1533831490916858,-0.5483474083222372,-0.5398859938530739,26.785714285714285,1.0
row685_Tungsten-Bronze,row685_Tungsten-Bronze.vasp,row685_Tungsten-Bronze_relaxed.vasp,432,432,0.0410256558742799,Tungsten-Bronze,1.95,3.7919403726410477,0.0210387978842461,0.010819172202780697,0.06299962015382633,-1.027160204066348,-1.3034124934665938,8.333333333333332,0.1849819547436767
row686_Tungsten-Bronze,row686_Tungsten-Bronze.vasp,row686_Tungsten-Bronze_relaxed.vasp,396,396,0.0412501026375055,Tungsten-Bronze,1.95,3.780967809770463,0.021153898788464357,0.01090993224827527,0.06349909936538238,-1.024514179502894,-1.2991930785077987,8.630952380952381,0.1894859232812237
row687_Wurtzite,row687_Wurtzite.vasp,row687_Wurtzite_relaxed.vasp,432,432,0.281556190003224,Wurtzite,3.25,3.8440018617573646,0.08663267384714585,0.07324559147703034,0.5982713247456497,1.8084774875592444,3.2183641593364047,93.75,0.0
